✔ [0/67] Ran infogeometry:extraDep
✔ [1/67] Ran mathlib:extraDep
✖ [2/531] (Optional) Fetching Qq:optBarrel (802ms)
trace: .> curl -s -S -f -o /home/goutev/LEAN4/info-geometry-lean/lean/.lake/packages/Qq/.lake/build.barrel -L https://reservoir.lean-lang.org/api/v1/packages/leanprover-community/Qq/barrel?rev=b8f98e9087e02c8553945a2c5abf07cec8e798c3&toolchain=leanprover%2Flean4%3Av4.28.0 -H X-Reservoir-Api-Version:1.0.0 -H X-Lake-Registry-Api-Version:0.1.0
trace: stderr:
curl: (22) The requested URL returned error: 404
error: external command 'curl' exited with code 22
ℹ [3/531] Ran Qq:extraDep
trace: building from source; failed to fetch Reservoir build (see 'Qq:optBarrel' for details)
ℹ [4/531] (Optional) Fetched proofwidgets:optRelease
trace: .> curl -s -S -f -o /home/goutev/LEAN4/info-geometry-lean/lean/.lake/packages/proofwidgets/.lake/ProofWidgets4.tar.gz -L https://github.com/leanprover-community/ProofWidgets4/releases/download/v0.0.87/ProofWidgets4.tar.gz
trace: .> tar -xvvz -f /home/goutev/LEAN4/info-geometry-lean/lean/.lake/packages/proofwidgets/.lake/ProofWidgets4.tar.gz -C /home/goutev/LEAN4/info-geometry-lean/lean/.lake/packages/proofwidgets/.lake/build
trace: stdout:
drwxr-xr-x runner/runner     0 2026-02-16 15:51 ./
drwxr-xr-x runner/runner     0 2026-02-16 15:51 ./js/
-rw-r--r-- runner/runner  3208 2026-02-16 15:51 ./js/goalTypePanel.js
-rw-r--r-- runner/runner 113210 2026-02-16 15:51 ./js/d3Graph.js
-rw-r--r-- runner/runner   1881 2026-02-16 15:51 ./js/ofRpcMethod.js
-rw-r--r-- runner/runner    388 2026-02-16 15:51 ./js/cancellable.js
-rw-r--r-- runner/runner   2357 2026-02-16 15:51 ./js/exprPresentation.js
-rw-r--r-- runner/runner   2672 2026-02-16 15:51 ./js/interactiveSvg.js
-rw-r--r-- runner/runner   1262 2026-02-16 15:51 ./js/htmlDisplayPanel.js
-rw-r--r-- runner/runner 501995 2026-02-16 15:50 ./js/recharts.js
-rw-r--r-- runner/runner   3260 2026-02-16 15:50 ./js/presentSelection.js
-rw-r--r-- runner/runner   1437 2026-02-16 15:51 ./js/animatedHtml.js
-rw-r--r-- runner/runner  91742 2026-02-16 15:50 ./js/rbTree.js
-rw-r--r-- runner/runner   7845 2026-02-16 15:51 ./js/lake.trace
-rw-r--r-- runner/runner   1139 2026-02-16 15:51 ./js/htmlDisplay.js
-rw-r--r-- runner/runner 2664842 2026-02-16 15:50 ./js/penroseDisplay.js
-rw-r--r-- runner/runner 2662701 2026-02-16 15:51 ./js/penroseCanvas.js
-rw-r--r-- runner/runner  839014 2026-02-16 15:50 ./js/rubiks.js
-rw-r--r-- runner/runner     427 2026-02-16 15:51 ./js/makeEditLink.js
-rw-r--r-- runner/runner    1562 2026-02-16 15:51 ./js/filterDetails.js
-rw-r--r-- runner/runner     443 2026-02-16 15:51 ./js/interactiveExpr.js
-rw-r--r-- runner/runner    1143 2026-02-16 15:51 ./js/index.js
drwxr-xr-x runner/runner       0 2026-02-16 15:51 ./lib/
drwxr-xr-x runner/runner       0 2026-02-16 15:51 ./lib/lean/
-rw-r--r-- runner/runner      16 2026-02-16 15:51 ./lib/lean/ProofWidgets.ilean.hash
-rw-r--r-- runner/runner      16 2026-02-16 15:51 ./lib/lean/ProofWidgets.olean.server.hash
-rw-r--r-- runner/runner    4722 2026-02-16 15:51 ./lib/lean/ProofWidgets.trace
-rw-r--r-- runner/runner      96 2026-02-16 15:51 ./lib/lean/ProofWidgets.olean.server
-rw-r--r-- runner/runner    1024 2026-02-16 15:51 ./lib/lean/ProofWidgets.ilean
drwxr-xr-x runner/runner       0 2026-02-16 15:51 ./lib/lean/ProofWidgets/
-rw-r--r-- runner/runner    1846 2026-02-16 15:51 ./lib/lean/ProofWidgets/Cancellable.trace
drwxr-xr-x runner/runner       0 2026-02-16 15:51 ./lib/lean/ProofWidgets/Data/
-rw-r--r-- runner/runner  861072 2026-02-16 15:51 ./lib/lean/ProofWidgets/Data/Svg.olean.private
-rw-r--r-- runner/runner      16 2026-02-16 15:51 ./lib/lean/ProofWidgets/Data/Svg.olean.server.hash
-rw-r--r-- runner/runner  368976 2026-02-16 15:51 ./lib/lean/ProofWidgets/Data/Svg.ir
-rw-r--r-- runner/runner  738288 2026-02-16 15:51 ./lib/lean/ProofWidgets/Data/Svg.olean
-rw-r--r-- runner/runner      16 2026-02-16 15:51 ./lib/lean/ProofWidgets/Data/Html.olean.private.hash
-rw-r--r-- runner/runner   30535 2026-02-16 15:51 ./lib/lean/ProofWidgets/Data/Svg.ilean
-rw-r--r-- runner/runner      16 2026-02-16 15:51 ./lib/lean/ProofWidgets/Data/Html.ilean.hash
-rw-r--r-- runner/runner  460568 2026-02-16 15:51 ./lib/lean/ProofWidgets/Data/Html.ir
-rw-r--r-- runner/runner   13480 2026-02-16 15:51 ./lib/lean/ProofWidgets/Data/Html.olean.server
-rw-r--r-- runner/runner    1840 2026-02-16 15:51 ./lib/lean/ProofWidgets/Data/Svg.trace
-rw-r--r-- runner/runner      16 2026-02-16 15:51 ./lib/lean/ProofWidgets/Data/Html.olean.server.hash
-rw-r--r-- runner/runner  749944 2026-02-16 15:51 ./lib/lean/ProofWidgets/Data/Html.olean
-rw-r--r-- runner/runner    2005 2026-02-16 15:51 ./lib/lean/ProofWidgets/Data/Html.trace
-rw-r--r-- runner/runner 1211600 2026-02-16 15:51 ./lib/lean/ProofWidgets/Data/Html.olean.private
-rw-r--r-- runner/runner      16 2026-02-16 15:51 ./lib/lean/ProofWidgets/Data/Svg.olean.hash
-rw-r--r-- runner/runner      16 2026-02-16 15:51 ./lib/lean/ProofWidgets/Data/Svg.ir.hash
-rw-r--r-- runner/runner      16 2026-02-16 15:51 ./lib/lean/ProofWidgets/Data/Svg.olean.private.hash
-rw-r--r-- runner/runner   25586 2026-02-16 15:51 ./lib/lean/ProofWidgets/Data/Html.ilean
-rw-r--r-- runner/runner      16 2026-02-16 15:51 ./lib/lean/ProofWidgets/Data/Html.ir.hash
-rw-r--r-- runner/runner      16 2026-02-16 15:51 ./lib/lean/ProofWidgets/Data/Html.olean.hash
-rw-r--r-- runner/runner   18496 2026-02-16 15:51 ./lib/lean/ProofWidgets/Data/Svg.olean.server
-rw-r--r-- runner/runner      16 2026-02-16 15:51 ./lib/lean/ProofWidgets/Data/Svg.ilean.hash
-rw-r--r-- runner/runner      16 2026-02-16 15:51 ./lib/lean/ProofWidgets/Util.olean.private.hash
-rw-r--r-- runner/runner    6520 2026-02-16 15:51 ./lib/lean/ProofWidgets/Cancellable.olean.server
-rw-r--r-- runner/runner      16 2026-02-16 15:51 ./lib/lean/ProofWidgets/Util.olean.server.hash
drwxr-xr-x runner/runner       0 2026-02-16 15:51 ./lib/lean/ProofWidgets/Component/
-rw-r--r-- runner/runner      16 2026-02-16 15:51 ./lib/lean/ProofWidgets/Component/InteractiveSvg.ilean.hash
-rw-r--r-- runner/runner  286288 2026-02-16 15:51 ./lib/lean/ProofWidgets/Component/PenroseDiagram.olean.private
-rw-r--r-- runner/runner  523968 2026-02-16 15:51 ./lib/lean/ProofWidgets/Component/InteractiveSvg.olean.private
-rw-r--r-- runner/runner      16 2026-02-16 15:51 ./lib/lean/ProofWidgets/Component/GraphDisplay.ir.hash
-rw-r--r-- runner/runner    6040 2026-02-16 15:51 ./lib/lean/ProofWidgets/Component/HtmlDisplay.olean.server
-rw-r--r-- runner/runner      16 2026-02-16 15:51 ./lib/lean/ProofWidgets/Component/Recharts.olean.private.hash
-rw-r--r-- runner/runner    1931 2026-02-16 15:51 ./lib/lean/ProofWidgets/Component/Recharts.trace
-rw-r--r-- runner/runner  892520 2026-02-16 15:51 ./lib/lean/ProofWidgets/Component/Recharts.olean
-rw-r--r-- runner/runner   33048 2026-02-16 15:51 ./lib/lean/ProofWidgets/Component/FilterDetails.ir
drwxr-xr-x runner/runner       0 2026-02-16 15:51 ./lib/lean/ProofWidgets/Component/Panel/
-rw-r--r-- runner/runner  140656 2026-02-16 15:51 ./lib/lean/ProofWidgets/Component/Panel/SelectionPanel.ir
-rw-r--r-- runner/runner      16 2026-02-16 15:51 ./lib/lean/ProofWidgets/Component/Panel/GoalTypePanel.ilean.hash
-rw-r--r-- runner/runner  171568 2026-02-16 15:51 ./lib/lean/ProofWidgets/Component/Panel/Basic.olean
-rw-r--r-- runner/runner      16 2026-02-16 15:51 ./lib/lean/ProofWidgets/Component/Panel/GoalTypePanel.ir.hash
-rw-r--r-- runner/runner    8576 2026-02-16 15:51 ./lib/lean/ProofWidgets/Component/Panel/GoalTypePanel.olean.private
-rw-r--r-- runner/runner      16 2026-02-16 15:51 ./lib/lean/ProofWidgets/Component/Panel/SelectionPanel.ilean.hash
-rw-r--r-- runner/runner    4508 2026-02-16 15:51 ./lib/lean/ProofWidgets/Component/Panel/Basic.ilean
-rw-r--r-- runner/runner    4368 2026-02-16 15:51 ./lib/lean/ProofWidgets/Component/Panel/SelectionPanel.olean.server
-rw-r--r-- runner/runner      16 2026-02-16 15:51 ./lib/lean/ProofWidgets/Component/Panel/Basic.olean.private.hash
-rw-r--r-- runner/runner      16 2026-02-16 15:51 ./lib/lean/ProofWidgets/Component/Panel/Basic.ir.hash
-rw-r--r-- runner/runner    2217 2026-02-16 15:51 ./lib/lean/ProofWidgets/Component/Panel/SelectionPanel.trace
-rw-r--r-- runner/runner    4776 2026-02-16 15:51 ./lib/lean/ProofWidgets/Component/Panel/Basic.olean.server
-rw-r--r-- runner/runner    1872 2026-02-16 15:51 ./lib/lean/ProofWidgets/Component/Panel/GoalTypePanel.olean.server
-rw-r--r-- runner/runner      16 2026-02-16 15:51 ./lib/lean/ProofWidgets/Component/Panel/SelectionPanel.olean.server.hash
-rw-r--r-- runner/runner  192960 2026-02-16 15:51 ./lib/lean/ProofWidgets/Component/Panel/Basic.olean.private
-rw-r--r-- runner/runner      16 2026-02-16 15:51 ./lib/lean/ProofWidgets/Component/Panel/Basic.olean.server.hash
-rw-r--r-- runner/runner    7836 2026-02-16 15:51 ./lib/lean/ProofWidgets/Component/Panel/SelectionPanel.ilean
-rw-r--r-- runner/runner   31104 2026-02-16 15:51 ./lib/lean/ProofWidgets/Component/Panel/GoalTypePanel.olean
-rw-r--r-- runner/runner      16 2026-02-16 15:51 ./lib/lean/ProofWidgets/Component/Panel/Basic.ilean.hash
-rw-r--r-- runner/runner      16 2026-02-16 15:51 ./lib/lean/ProofWidgets/Component/Panel/GoalTypePanel.olean.hash
-rw-r--r-- runner/runner    6712 2026-02-16 15:51 ./lib/lean/ProofWidgets/Component/Panel/GoalTypePanel.ir
-rw-r--r-- runner/runner     842 2026-02-16 15:51 ./lib/lean/ProofWidgets/Component/Panel/GoalTypePanel.ilean
-rw-r--r-- runner/runner      16 2026-02-16 15:51 ./lib/lean/ProofWidgets/Component/Panel/Basic.olean.hash
-rw-r--r-- runner/runner    2102 2026-02-16 15:51 ./lib/lean/ProofWidgets/Component/Panel/Basic.trace
-rw-r--r-- runner/runner      16 2026-02-16 15:51 ./lib/lean/ProofWidgets/Component/Panel/SelectionPanel.ir.hash
-rw-r--r-- runner/runner      16 2026-02-16 15:51 ./lib/lean/ProofWidgets/Component/Panel/GoalTypePanel.olean.private.hash
-rw-r--r-- runner/runner      16 2026-02-16 15:51 ./lib/lean/ProofWidgets/Component/Panel/GoalTypePanel.olean.server.hash
-rw-r--r-- runner/runner      16 2026-02-16 15:51 ./lib/lean/ProofWidgets/Component/Panel/SelectionPanel.olean.private.hash
-rw-r--r-- runner/runner  222336 2026-02-16 15:51 ./lib/lean/ProofWidgets/Component/Panel/SelectionPanel.olean
-rw-r--r-- runner/runner   82144 2026-02-16 15:51 ./lib/lean/ProofWidgets/Component/Panel/Basic.ir
-rw-r--r-- runner/runner  339000 2026-02-16 15:51 ./lib/lean/ProofWidgets/Component/Panel/SelectionPanel.olean.private
-rw-r--r-- runner/runner    2020 2026-02-16 15:51 ./lib/lean/ProofWidgets/Component/Panel/GoalTypePanel.trace
-rw-r--r-- runner/runner      16 2026-02-16 15:51 ./lib/lean/ProofWidgets/Component/Panel/SelectionPanel.olean.hash
-rw-r--r-- runner/runner  411488 2026-02-16 15:51 ./lib/lean/ProofWidgets/Component/Recharts.olean.private
-rw-r--r-- runner/runner    1931 2026-02-16 15:51 ./lib/lean/ProofWidgets/Component/HtmlDisplay.trace
-rw-r--r-- runner/runner    9904 2026-02-16 15:51 ./lib/lean/ProofWidgets/Component/InteractiveSvg.olean.server
-rw-r--r-- runner/runner    4984 2026-02-16 15:51 ./lib/lean/ProofWidgets/Component/MakeEditLink.olean.server
-rw-r--r-- runner/runner      16 2026-02-16 15:51 ./lib/lean/ProofWidgets/Component/FilterDetails.olean.server.hash
-rw-r--r-- runner/runner      16 2026-02-16 15:51 ./lib/lean/ProofWidgets/Component/Recharts.ilean.hash
-rw-r--r-- runner/runner      16 2026-02-16 15:51 ./lib/lean/ProofWidgets/Component/GraphDisplay.olean.hash
-rw-r--r-- runner/runner  114720 2026-02-16 15:51 ./lib/lean/ProofWidgets/Component/FilterDetails.olean
-rw-r--r-- runner/runner  288512 2026-02-16 15:51 ./lib/lean/ProofWidgets/Component/Basic.olean
-rw-r--r-- runner/runner   56576 2026-02-16 15:51 ./lib/lean/ProofWidgets/Component/MakeEditLink.ir
-rw-r--r-- runner/runner    3760 2026-02-16 15:51 ./lib/lean/ProofWidgets/Component/FilterDetails.olean.server
-rw-r--r-- runner/runner 2795080 2026-02-16 15:51 ./lib/lean/ProofWidgets/Component/PenroseDiagram.ir
-rw-r--r-- runner/runner      16 2026-02-16 15:51 ./lib/lean/ProofWidgets/Component/GraphDisplay.olean.private.hash
-rw-r--r-- runner/runner      16 2026-02-16 15:51 ./lib/lean/ProofWidgets/Component/PenroseDiagram.olean.hash
-rw-r--r-- runner/runner      16 2026-02-16 15:51 ./lib/lean/ProofWidgets/Component/InteractiveSvg.olean.private.hash
-rw-r--r-- runner/runner      16 2026-02-16 15:51 ./lib/lean/ProofWidgets/Component/OfRpcMethod.olean.private.hash
-rw-r--r-- runner/runner  249048 2026-02-16 15:51 ./lib/lean/ProofWidgets/Component/InteractiveSvg.ir
-rw-r--r-- runner/runner    7782 2026-02-16 15:51 ./lib/lean/ProofWidgets/Component/Basic.ilean
-rw-r--r-- runner/runner  654288 2026-02-16 15:51 ./lib/lean/ProofWidgets/Component/Recharts.ir
-rw-r--r-- runner/runner      16 2026-02-16 15:51 ./lib/lean/ProofWidgets/Component/Basic.olean.private.hash
-rw-r--r-- runner/runner    1945 2026-02-16 15:51 ./lib/lean/ProofWidgets/Component/FilterDetails.trace
-rw-r--r-- runner/runner      16 2026-02-16 15:51 ./lib/lean/ProofWidgets/Component/GraphDisplay.ilean.hash
-rw-r--r-- runner/runner      16 2026-02-16 15:51 ./lib/lean/ProofWidgets/Component/Basic.ir.hash
-rw-r--r-- runner/runner  351448 2026-02-16 15:51 ./lib/lean/ProofWidgets/Component/OfRpcMethod.olean.private
-rw-r--r-- runner/runner   16013 2026-02-16 15:51 ./lib/lean/ProofWidgets/Component/InteractiveSvg.ilean
-rw-r--r-- runner/runner    2115 2026-02-16 15:51 ./lib/lean/ProofWidgets/Component/GraphDisplay.trace
-rw-r--r-- runner/runner    9848 2026-02-16 15:51 ./lib/lean/ProofWidgets/Component/Basic.olean.server
-rw-r--r-- runner/runner      16 2026-02-16 15:51 ./lib/lean/ProofWidgets/Component/Recharts.olean.hash
-rw-r--r-- runner/runner      16 2026-02-16 15:51 ./lib/lean/ProofWidgets/Component/Recharts.ir.hash
-rw-r--r-- runner/runner    2129 2026-02-16 15:51 ./lib/lean/ProofWidgets/Component/PenroseDiagram.trace
-rw-r--r-- runner/runner      16 2026-02-16 15:51 ./lib/lean/ProofWidgets/Component/OfRpcMethod.ir.hash
-rw-r--r-- runner/runner      16 2026-02-16 15:51 ./lib/lean/ProofWidgets/Component/InteractiveSvg.olean.hash
-rw-r--r-- runner/runner    8834 2026-02-16 15:51 ./lib/lean/ProofWidgets/Component/MakeEditLink.ilean
-rw-r--r-- runner/runner      16 2026-02-16 15:51 ./lib/lean/ProofWidgets/Component/MakeEditLink.ilean.hash
-rw-r--r-- runner/runner   14728 2026-02-16 15:51 ./lib/lean/ProofWidgets/Component/Recharts.olean.server
-rw-r--r-- runner/runner 2912080 2026-02-16 15:51 ./lib/lean/ProofWidgets/Component/PenroseDiagram.olean
-rw-r--r-- runner/runner      16 2026-02-16 15:51 ./lib/lean/ProofWidgets/Component/OfRpcMethod.ilean.hash
-rw-r--r-- runner/runner  237288 2026-02-16 15:51 ./lib/lean/ProofWidgets/Component/Basic.olean.private
-rw-r--r-- runner/runner    3976 2026-02-16 15:51 ./lib/lean/ProofWidgets/Component/OfRpcMethod.olean.server
-rw-r--r-- runner/runner      16 2026-02-16 15:51 ./lib/lean/ProofWidgets/Component/OfRpcMethod.olean.server.hash
-rw-r--r-- runner/runner  684048 2026-02-16 15:51 ./lib/lean/ProofWidgets/Component/GraphDisplay.olean.private
-rw-r--r-- runner/runner      16 2026-02-16 15:51 ./lib/lean/ProofWidgets/Component/Basic.olean.server.hash
-rw-r--r-- runner/runner  386152 2026-02-16 15:51 ./lib/lean/ProofWidgets/Component/GraphDisplay.ir
-rw-r--r-- runner/runner      16 2026-02-16 15:51 ./lib/lean/ProofWidgets/Component/PenroseDiagram.olean.server.hash
-rw-r--r-- runner/runner      16 2026-02-16 15:51 ./lib/lean/ProofWidgets/Component/Basic.ilean.hash
-rw-r--r-- runner/runner  164664 2026-02-16 15:51 ./lib/lean/ProofWidgets/Component/MakeEditLink.olean.private
-rw-r--r-- runner/runner      16 2026-02-16 15:51 ./lib/lean/ProofWidgets/Component/MakeEditLink.olean.hash
-rw-r--r-- runner/runner  156192 2026-02-16 15:51 ./lib/lean/ProofWidgets/Component/OfRpcMethod.olean
-rw-r--r-- runner/runner      16 2026-02-16 15:51 ./lib/lean/ProofWidgets/Component/HtmlDisplay.ir.hash
-rw-r--r-- runner/runner    1959 2026-02-16 15:51 ./lib/lean/ProofWidgets/Component/MakeEditLink.trace
-rw-r--r-- runner/runner      16 2026-02-16 15:51 ./lib/lean/ProofWidgets/Component/PenroseDiagram.ir.hash
-rw-r--r-- runner/runner      16 2026-02-16 15:51 ./lib/lean/ProofWidgets/Component/Basic.olean.hash
-rw-r--r-- runner/runner    1874 2026-02-16 15:51 ./lib/lean/ProofWidgets/Component/Basic.trace
-rw-r--r-- runner/runner      16 2026-02-16 15:51 ./lib/lean/ProofWidgets/Component/OfRpcMethod.olean.hash
-rw-r--r-- runner/runner    2159 2026-02-16 15:51 ./lib/lean/ProofWidgets/Component/FilterDetails.ilean
-rw-r--r-- runner/runner      16 2026-02-16 15:51 ./lib/lean/ProofWidgets/Component/HtmlDisplay.olean.server.hash
-rw-r--r-- runner/runner    9573 2026-02-16 15:51 ./lib/lean/ProofWidgets/Component/HtmlDisplay.ilean
-rw-r--r-- runner/runner      16 2026-02-16 15:51 ./lib/lean/ProofWidgets/Component/InteractiveSvg.ir.hash
-rw-r--r-- runner/runner   13645 2026-02-16 15:51 ./lib/lean/ProofWidgets/Component/Recharts.ilean
-rw-r--r-- runner/runner      16 2026-02-16 15:51 ./lib/lean/ProofWidgets/Component/GraphDisplay.olean.server.hash
-rw-r--r-- runner/runner  594200 2026-02-16 15:51 ./lib/lean/ProofWidgets/Component/InteractiveSvg.olean
-rw-r--r-- runner/runner  808672 2026-02-16 15:51 ./lib/lean/ProofWidgets/Component/GraphDisplay.olean
-rw-r--r-- runner/runner   10439 2026-02-16 15:51 ./lib/lean/ProofWidgets/Component/PenroseDiagram.ilean
-rw-r--r-- runner/runner    8384 2026-02-16 15:51 ./lib/lean/ProofWidgets/Component/PenroseDiagram.olean.server
-rw-r--r-- runner/runner    8441 2026-02-16 15:51 ./lib/lean/ProofWidgets/Component/OfRpcMethod.ilean
-rw-r--r-- runner/runner   21384 2026-02-16 15:51 ./lib/lean/ProofWidgets/Component/GraphDisplay.olean.server
-rw-r--r-- runner/runner  111088 2026-02-16 15:51 ./lib/lean/ProofWidgets/Component/MakeEditLink.olean
-rw-r--r-- runner/runner      16 2026-02-16 15:51 ./lib/lean/ProofWidgets/Component/HtmlDisplay.olean.private.hash
-rw-r--r-- runner/runner  132088 2026-02-16 15:51 ./lib/lean/ProofWidgets/Component/OfRpcMethod.ir
-rw-r--r-- runner/runner      16 2026-02-16 15:51 ./lib/lean/ProofWidgets/Component/HtmlDisplay.olean.hash
-rw-r--r-- runner/runner      16 2026-02-16 15:51 ./lib/lean/ProofWidgets/Component/FilterDetails.ilean.hash
-rw-r--r-- runner/runner      16 2026-02-16 15:51 ./lib/lean/ProofWidgets/Component/HtmlDisplay.ilean.hash
-rw-r--r-- runner/runner  130168 2026-02-16 15:51 ./lib/lean/ProofWidgets/Component/Basic.ir
-rw-r--r-- runner/runner   95432 2026-02-16 15:51 ./lib/lean/ProofWidgets/Component/FilterDetails.olean.private
-rw-r--r-- runner/runner      16 2026-02-16 15:51 ./lib/lean/ProofWidgets/Component/InteractiveSvg.olean.server.hash
-rw-r--r-- runner/runner      16 2026-02-16 15:51 ./lib/lean/ProofWidgets/Component/Recharts.olean.server.hash
-rw-r--r-- runner/runner   19588 2026-02-16 15:51 ./lib/lean/ProofWidgets/Component/GraphDisplay.ilean
-rw-r--r-- runner/runner      16 2026-02-16 15:51 ./lib/lean/ProofWidgets/Component/FilterDetails.ir.hash
-rw-r--r-- runner/runner  185576 2026-02-16 15:51 ./lib/lean/ProofWidgets/Component/HtmlDisplay.olean.private
-rw-r--r-- runner/runner      16 2026-02-16 15:51 ./lib/lean/ProofWidgets/Component/PenroseDiagram.ilean.hash
-rw-r--r-- runner/runner      16 2026-02-16 15:51 ./lib/lean/ProofWidgets/Component/PenroseDiagram.olean.private.hash
-rw-r--r-- runner/runner  185880 2026-02-16 15:51 ./lib/lean/ProofWidgets/Component/HtmlDisplay.olean
-rw-r--r-- runner/runner      16 2026-02-16 15:51 ./lib/lean/ProofWidgets/Component/MakeEditLink.olean.private.hash
-rw-r--r-- runner/runner      16 2026-02-16 15:51 ./lib/lean/ProofWidgets/Component/MakeEditLink.ir.hash
-rw-r--r-- runner/runner   82584 2026-02-16 15:51 ./lib/lean/ProofWidgets/Component/HtmlDisplay.ir
-rw-r--r-- runner/runner    1941 2026-02-16 15:51 ./lib/lean/ProofWidgets/Component/InteractiveSvg.trace
-rw-r--r-- runner/runner      16 2026-02-16 15:51 ./lib/lean/ProofWidgets/Component/FilterDetails.olean.private.hash
-rw-r--r-- runner/runner      16 2026-02-16 15:51 ./lib/lean/ProofWidgets/Component/FilterDetails.olean.hash
-rw-r--r-- runner/runner    2277 2026-02-16 15:51 ./lib/lean/ProofWidgets/Component/OfRpcMethod.trace
-rw-r--r-- runner/runner      16 2026-02-16 15:51 ./lib/lean/ProofWidgets/Component/MakeEditLink.olean.server.hash
-rw-r--r-- runner/runner   80840 2026-02-16 15:51 ./lib/lean/ProofWidgets/Util.ir
-rw-r--r-- runner/runner      16 2026-02-16 15:51 ./lib/lean/ProofWidgets/Cancellable.ir.hash
-rw-r--r-- runner/runner      16 2026-02-16 15:51 ./lib/lean/ProofWidgets/Cancellable.olean.server.hash
-rw-r--r-- runner/runner   74920 2026-02-16 15:51 ./lib/lean/ProofWidgets/Compat.olean.private
-rw-r--r-- runner/runner    1666 2026-02-16 15:51 ./lib/lean/ProofWidgets/Util.trace
-rw-r--r-- runner/runner      16 2026-02-16 15:51 ./lib/lean/ProofWidgets/Compat.ir.hash
-rw-r--r-- runner/runner  243240 2026-02-16 15:51 ./lib/lean/ProofWidgets/Cancellable.olean
-rw-r--r-- runner/runner      16 2026-02-16 15:51 ./lib/lean/ProofWidgets/Cancellable.olean.hash
-rw-r--r-- runner/runner      16 2026-02-16 15:51 ./lib/lean/ProofWidgets/Compat.olean.server.hash
-rw-r--r-- runner/runner  159216 2026-02-16 15:51 ./lib/lean/ProofWidgets/Util.olean.private
-rw-r--r-- runner/runner   25432 2026-02-16 15:51 ./lib/lean/ProofWidgets/Compat.ir
-rw-r--r-- runner/runner    3948 2026-02-16 15:51 ./lib/lean/ProofWidgets/Compat.ilean
-rw-r--r-- runner/runner    4032 2026-02-16 15:51 ./lib/lean/ProofWidgets/Util.olean.server
-rw-r--r-- runner/runner  160624 2026-02-16 15:51 ./lib/lean/ProofWidgets/Util.olean
-rw-r--r-- runner/runner      16 2026-02-16 15:51 ./lib/lean/ProofWidgets/Util.ir.hash
-rw-r--r-- runner/runner   13491 2026-02-16 15:51 ./lib/lean/ProofWidgets/Cancellable.ilean
-rw-r--r-- runner/runner      16 2026-02-16 15:51 ./lib/lean/ProofWidgets/Cancellable.ilean.hash
-rw-r--r-- runner/runner  138760 2026-02-16 15:51 ./lib/lean/ProofWidgets/Cancellable.ir
-rw-r--r-- runner/runner      16 2026-02-16 15:51 ./lib/lean/ProofWidgets/Compat.olean.hash
-rw-r--r-- runner/runner    1680 2026-02-16 15:51 ./lib/lean/ProofWidgets/Compat.trace
-rw-r--r-- runner/runner    3216 2026-02-16 15:51 ./lib/lean/ProofWidgets/Compat.olean.server
drwxr-xr-x runner/runner       0 2026-02-16 15:51 ./lib/lean/ProofWidgets/Extra/
-rw-r--r-- runner/runner  180984 2026-02-16 15:51 ./lib/lean/ProofWidgets/Extra/CheckHighlight.olean
-rw-r--r-- runner/runner      16 2026-02-16 15:51 ./lib/lean/ProofWidgets/Extra/CheckHighlight.ilean.hash
-rw-r--r-- runner/runner  159472 2026-02-16 15:51 ./lib/lean/ProofWidgets/Extra/CheckHighlight.ir
-rw-r--r-- runner/runner      16 2026-02-16 15:51 ./lib/lean/ProofWidgets/Extra/CheckHighlight.olean.private.hash
-rw-r--r-- runner/runner      16 2026-02-16 15:51 ./lib/lean/ProofWidgets/Extra/CheckHighlight.ir.hash
-rw-r--r-- runner/runner      16 2026-02-16 15:51 ./lib/lean/ProofWidgets/Extra/CheckHighlight.olean.server.hash
-rw-r--r-- runner/runner  407976 2026-02-16 15:51 ./lib/lean/ProofWidgets/Extra/CheckHighlight.olean.private
-rw-r--r-- runner/runner    1957 2026-02-16 15:51 ./lib/lean/ProofWidgets/Extra/CheckHighlight.trace
-rw-r--r-- runner/runner      16 2026-02-16 15:51 ./lib/lean/ProofWidgets/Extra/CheckHighlight.olean.hash
-rw-r--r-- runner/runner   11178 2026-02-16 15:51 ./lib/lean/ProofWidgets/Extra/CheckHighlight.ilean
-rw-r--r-- runner/runner    3408 2026-02-16 15:51 ./lib/lean/ProofWidgets/Extra/CheckHighlight.olean.server
-rw-r--r-- runner/runner      16 2026-02-16 15:51 ./lib/lean/ProofWidgets/Compat.ilean.hash
-rw-r--r-- runner/runner    7583 2026-02-16 15:51 ./lib/lean/ProofWidgets/Util.ilean
-rw-r--r-- runner/runner   82712 2026-02-16 15:51 ./lib/lean/ProofWidgets/Compat.olean
-rw-r--r-- runner/runner      16 2026-02-16 15:51 ./lib/lean/ProofWidgets/Compat.olean.private.hash
drwxr-xr-x runner/runner       0 2026-02-16 15:51 ./lib/lean/ProofWidgets/Presentation/
-rw-r--r-- runner/runner  180624 2026-02-16 15:51 ./lib/lean/ProofWidgets/Presentation/Expr.ir
-rw-r--r-- runner/runner  380952 2026-02-16 15:51 ./lib/lean/ProofWidgets/Presentation/Expr.olean
-rw-r--r-- runner/runner      16 2026-02-16 15:51 ./lib/lean/ProofWidgets/Presentation/Expr.olean.hash
-rw-r--r-- runner/runner      16 2026-02-16 15:51 ./lib/lean/ProofWidgets/Presentation/Expr.ir.hash
-rw-r--r-- runner/runner      16 2026-02-16 15:51 ./lib/lean/ProofWidgets/Presentation/Expr.ilean.hash
-rw-r--r-- runner/runner  420832 2026-02-16 15:51 ./lib/lean/ProofWidgets/Presentation/Expr.olean.private
-rw-r--r-- runner/runner   15098 2026-02-16 15:51 ./lib/lean/ProofWidgets/Presentation/Expr.ilean
-rw-r--r-- runner/runner    9352 2026-02-16 15:51 ./lib/lean/ProofWidgets/Presentation/Expr.olean.server
-rw-r--r-- runner/runner    1903 2026-02-16 15:51 ./lib/lean/ProofWidgets/Presentation/Expr.trace
-rw-r--r-- runner/runner      16 2026-02-16 15:51 ./lib/lean/ProofWidgets/Presentation/Expr.olean.private.hash
-rw-r--r-- runner/runner      16 2026-02-16 15:51 ./lib/lean/ProofWidgets/Presentation/Expr.olean.server.hash
-rw-r--r-- runner/runner  332136 2026-02-16 15:51 ./lib/lean/ProofWidgets/Cancellable.olean.private
-rw-r--r-- runner/runner      16 2026-02-16 15:51 ./lib/lean/ProofWidgets/Cancellable.olean.private.hash
drwxr-xr-x runner/runner       0 2026-02-16 15:51 ./lib/lean/ProofWidgets/Demos/
-rw-r--r-- runner/runner  612096 2026-02-16 15:51 ./lib/lean/ProofWidgets/Demos/RbTree.olean
-rw-r--r-- runner/runner  218800 2026-02-16 15:51 ./lib/lean/ProofWidgets/Demos/Svg.olean.private
-rw-r--r-- runner/runner  915928 2026-02-16 15:51 ./lib/lean/ProofWidgets/Demos/Rubiks.olean
-rw-r--r-- runner/runner      16 2026-02-16 15:51 ./lib/lean/ProofWidgets/Demos/InteractiveSvg.ilean.hash
-rw-r--r-- runner/runner  335480 2026-02-16 15:51 ./lib/lean/ProofWidgets/Demos/InteractiveSvg.olean.private
-rw-r--r-- runner/runner      16 2026-02-16 15:51 ./lib/lean/ProofWidgets/Demos/Svg.olean.server.hash
-rw-r--r-- runner/runner      16 2026-02-16 15:51 ./lib/lean/ProofWidgets/Demos/Venn.olean.server.hash
-rw-r--r-- runner/runner      16 2026-02-16 15:51 ./lib/lean/ProofWidgets/Demos/LazyComputation.ir.hash
-rw-r--r-- runner/runner      16 2026-02-16 15:51 ./lib/lean/ProofWidgets/Demos/SelectInsertConv.olean.private.hash
-rw-r--r-- runner/runner   10904 2026-02-16 15:51 ./lib/lean/ProofWidgets/Demos/Euclidean.olean.server
-rw-r--r-- runner/runner      16 2026-02-16 15:51 ./lib/lean/ProofWidgets/Demos/Euclidean.ilean.hash
-rw-r--r-- runner/runner   31616 2026-02-16 15:51 ./lib/lean/ProofWidgets/Demos/Macro.ir
-rw-r--r-- runner/runner      16 2026-02-16 15:51 ./lib/lean/ProofWidgets/Demos/Rubiks.olean.server.hash
-rw-r--r-- runner/runner   13002 2026-02-16 15:51 ./lib/lean/ProofWidgets/Demos/Venn.ilean
-rw-r--r-- runner/runner    1712 2026-02-16 15:51 ./lib/lean/ProofWidgets/Demos/ExprPresentation.olean.server
-rw-r--r-- runner/runner      16 2026-02-16 15:51 ./lib/lean/ProofWidgets/Demos/LazyComputation.olean.hash
-rw-r--r-- runner/runner   68936 2026-02-16 15:51 ./lib/lean/ProofWidgets/Demos/Rubiks.olean.private
-rw-r--r-- runner/runner   50384 2026-02-16 15:51 ./lib/lean/ProofWidgets/Demos/Svg.ir
drwxr-xr-x runner/runner       0 2026-02-16 15:51 ./lib/lean/ProofWidgets/Demos/Graph/
-rw-r--r-- runner/runner    2368 2026-02-16 15:51 ./lib/lean/ProofWidgets/Demos/Graph/MVarGraph.trace
-rw-r--r-- runner/runner      16 2026-02-16 15:51 ./lib/lean/ProofWidgets/Demos/Graph/MVarGraph.ir.hash
-rw-r--r-- runner/runner      16 2026-02-16 15:51 ./lib/lean/ProofWidgets/Demos/Graph/ExprGraph.olean.hash
-rw-r--r-- runner/runner      16 2026-02-16 15:51 ./lib/lean/ProofWidgets/Demos/Graph/ExprGraph.ir.hash
-rw-r--r-- runner/runner   41640 2026-02-16 15:51 ./lib/lean/ProofWidgets/Demos/Graph/Basic.olean
-rw-r--r-- runner/runner      16 2026-02-16 15:51 ./lib/lean/ProofWidgets/Demos/Graph/ExprGraph.olean.private.hash
-rw-r--r-- runner/runner      16 2026-02-16 15:51 ./lib/lean/ProofWidgets/Demos/Graph/MVarGraph.olean.private.hash
-rw-r--r-- runner/runner    2170 2026-02-16 15:51 ./lib/lean/ProofWidgets/Demos/Graph/ExprGraph.trace
-rw-r--r-- runner/runner    5976 2026-02-16 15:51 ./lib/lean/ProofWidgets/Demos/Graph/Basic.ilean
-rw-r--r-- runner/runner      16 2026-02-16 15:51 ./lib/lean/ProofWidgets/Demos/Graph/Basic.olean.private.hash
-rw-r--r-- runner/runner      16 2026-02-16 15:51 ./lib/lean/ProofWidgets/Demos/Graph/Basic.ir.hash
-rw-r--r-- runner/runner  342552 2026-02-16 15:51 ./lib/lean/ProofWidgets/Demos/Graph/MVarGraph.olean
-rw-r--r-- runner/runner    3592 2026-02-16 15:51 ./lib/lean/ProofWidgets/Demos/Graph/Basic.olean.server
-rw-r--r-- runner/runner  437744 2026-02-16 15:51 ./lib/lean/ProofWidgets/Demos/Graph/ExprGraph.olean.private
-rw-r--r-- runner/runner   48088 2026-02-16 15:51 ./lib/lean/ProofWidgets/Demos/Graph/Basic.olean.private
-rw-r--r-- runner/runner      16 2026-02-16 15:51 ./lib/lean/ProofWidgets/Demos/Graph/Basic.olean.server.hash
-rw-r--r-- runner/runner      16 2026-02-16 15:51 ./lib/lean/ProofWidgets/Demos/Graph/ExprGraph.ilean.hash
-rw-r--r-- runner/runner    4328 2026-02-16 15:51 ./lib/lean/ProofWidgets/Demos/Graph/MVarGraph.olean.server
-rw-r--r-- runner/runner      16 2026-02-16 15:51 ./lib/lean/ProofWidgets/Demos/Graph/Basic.ilean.hash
-rw-r--r-- runner/runner   19645 2026-02-16 15:51 ./lib/lean/ProofWidgets/Demos/Graph/MVarGraph.ilean
-rw-r--r-- runner/runner      16 2026-02-16 15:51 ./lib/lean/ProofWidgets/Demos/Graph/Basic.olean.hash
-rw-r--r-- runner/runner    2142 2026-02-16 15:51 ./lib/lean/ProofWidgets/Demos/Graph/Basic.trace
-rw-r--r-- runner/runner      16 2026-02-16 15:51 ./lib/lean/ProofWidgets/Demos/Graph/ExprGraph.olean.server.hash
-rw-r--r-- runner/runner  311752 2026-02-16 15:51 ./lib/lean/ProofWidgets/Demos/Graph/MVarGraph.ir
-rw-r--r-- runner/runner  817736 2026-02-16 15:51 ./lib/lean/ProofWidgets/Demos/Graph/MVarGraph.olean.private
-rw-r--r-- runner/runner  173264 2026-02-16 15:51 ./lib/lean/ProofWidgets/Demos/Graph/ExprGraph.olean
-rw-r--r-- runner/runner      16 2026-02-16 15:51 ./lib/lean/ProofWidgets/Demos/Graph/MVarGraph.ilean.hash
-rw-r--r-- runner/runner   17344 2026-02-16 15:51 ./lib/lean/ProofWidgets/Demos/Graph/Basic.ir
-rw-r--r-- runner/runner  151840 2026-02-16 15:51 ./lib/lean/ProofWidgets/Demos/Graph/ExprGraph.ir
-rw-r--r-- runner/runner      16 2026-02-16 15:51 ./lib/lean/ProofWidgets/Demos/Graph/MVarGraph.olean.hash
-rw-r--r-- runner/runner    2816 2026-02-16 15:51 ./lib/lean/ProofWidgets/Demos/Graph/ExprGraph.olean.server
-rw-r--r-- runner/runner      16 2026-02-16 15:51 ./lib/lean/ProofWidgets/Demos/Graph/MVarGraph.olean.server.hash
-rw-r--r-- runner/runner   11402 2026-02-16 15:51 ./lib/lean/ProofWidgets/Demos/Graph/ExprGraph.ilean
-rw-r--r-- runner/runner  401944 2026-02-16 15:51 ./lib/lean/ProofWidgets/Demos/Euclidean.olean
-rw-r--r-- runner/runner  215000 2026-02-16 15:51 ./lib/lean/ProofWidgets/Demos/SelectInsertConv.ir
-rw-r--r-- runner/runner   71560 2026-02-16 15:51 ./lib/lean/ProofWidgets/Demos/Jsx.olean.private
-rw-r--r-- runner/runner    1907 2026-02-16 15:51 ./lib/lean/ProofWidgets/Demos/Rubiks.trace
-rw-r--r-- runner/runner    3584 2026-02-16 15:51 ./lib/lean/ProofWidgets/Demos/Plot.olean.server
-rw-r--r-- runner/runner      16 2026-02-16 15:51 ./lib/lean/ProofWidgets/Demos/RbTree.ir.hash
-rw-r--r-- runner/runner   73704 2026-02-16 15:51 ./lib/lean/ProofWidgets/Demos/Svg.olean
-rw-r--r-- runner/runner  507472 2026-02-16 15:51 ./lib/lean/ProofWidgets/Demos/RbTree.olean.private
-rw-r--r-- runner/runner      16 2026-02-16 15:51 ./lib/lean/ProofWidgets/Demos/Rubiks.ilean.hash
-rw-r--r-- runner/runner    2632 2026-02-16 15:51 ./lib/lean/ProofWidgets/Demos/InteractiveSvg.olean.server
-rw-r--r-- runner/runner      16 2026-02-16 15:51 ./lib/lean/ProofWidgets/Demos/Dynkin.ir.hash
-rw-r--r-- runner/runner  152056 2026-02-16 15:51 ./lib/lean/ProofWidgets/Demos/Plot.olean
-rw-r--r-- runner/runner      16 2026-02-16 15:51 ./lib/lean/ProofWidgets/Demos/Macro.ir.hash
-rw-r--r-- runner/runner      16 2026-02-16 15:51 ./lib/lean/ProofWidgets/Demos/Plot.ilean.hash
-rw-r--r-- runner/runner      16 2026-02-16 15:51 ./lib/lean/ProofWidgets/Demos/Rubiks.olean.hash
-rw-r--r-- runner/runner      16 2026-02-16 15:51 ./lib/lean/ProofWidgets/Demos/Macro.ilean.hash
-rw-r--r-- runner/runner   67080 2026-02-16 15:51 ./lib/lean/ProofWidgets/Demos/Dynkin.ir
-rw-r--r-- runner/runner    2540 2026-02-16 15:51 ./lib/lean/ProofWidgets/Demos/SelectInsertConv.trace
-rw-r--r-- runner/runner    2493 2026-02-16 15:51 ./lib/lean/ProofWidgets/Demos/Venn.trace
-rw-r--r-- runner/runner   76464 2026-02-16 15:51 ./lib/lean/ProofWidgets/Demos/Plot.ir
-rw-r--r-- runner/runner      16 2026-02-16 15:51 ./lib/lean/ProofWidgets/Demos/LazyComputation.ilean.hash
-rw-r--r-- runner/runner    9142 2026-02-16 15:51 ./lib/lean/ProofWidgets/Demos/Svg.ilean
-rw-r--r-- runner/runner    5424 2026-02-16 15:51 ./lib/lean/ProofWidgets/Demos/Dynkin.olean.server
-rw-r--r-- runner/runner      16 2026-02-16 15:51 ./lib/lean/ProofWidgets/Demos/InteractiveSvg.olean.private.hash
-rw-r--r-- runner/runner  159672 2026-02-16 15:51 ./lib/lean/ProofWidgets/Demos/InteractiveSvg.ir
-rw-r--r-- runner/runner  170944 2026-02-16 15:51 ./lib/lean/ProofWidgets/Demos/LazyComputation.olean.private
-rw-r--r-- runner/runner      16 2026-02-16 15:51 ./lib/lean/ProofWidgets/Demos/Dynkin.olean.private.hash
-rw-r--r-- runner/runner  136720 2026-02-16 15:51 ./lib/lean/ProofWidgets/Demos/LazyComputation.olean
-rw-r--r-- runner/runner    7551 2026-02-16 15:51 ./lib/lean/ProofWidgets/Demos/InteractiveSvg.ilean
-rw-r--r-- runner/runner      16 2026-02-16 15:51 ./lib/lean/ProofWidgets/Demos/Macro.olean.hash
-rw-r--r-- runner/runner  169632 2026-02-16 15:51 ./lib/lean/ProofWidgets/Demos/Venn.olean
-rw-r--r-- runner/runner      16 2026-02-16 15:51 ./lib/lean/ProofWidgets/Demos/Jsx.ilean.hash
-rw-r--r-- runner/runner   60152 2026-02-16 15:51 ./lib/lean/ProofWidgets/Demos/Macro.olean
-rw-r--r-- runner/runner      16 2026-02-16 15:51 ./lib/lean/ProofWidgets/Demos/Rubiks.ir.hash
-rw-r--r-- runner/runner    6064 2026-02-16 15:51 ./lib/lean/ProofWidgets/Demos/Venn.olean.server
-rw-r--r-- runner/runner      16 2026-02-16 15:51 ./lib/lean/ProofWidgets/Demos/RbTree.olean.server.hash
-rw-r--r-- runner/runner      16 2026-02-16 15:51 ./lib/lean/ProofWidgets/Demos/Venn.ilean.hash
-rw-r--r-- runner/runner   12952 2026-02-16 15:51 ./lib/lean/ProofWidgets/Demos/ExprPresentation.ir
-rw-r--r-- runner/runner      16 2026-02-16 15:51 ./lib/lean/ProofWidgets/Demos/InteractiveSvg.olean.hash
-rw-r--r-- runner/runner   20760 2026-02-16 15:51 ./lib/lean/ProofWidgets/Demos/Jsx.ir
-rw-r--r-- runner/runner   62472 2026-02-16 15:51 ./lib/lean/ProofWidgets/Demos/LazyComputation.ir
-rw-r--r-- runner/runner    2085 2026-02-16 15:51 ./lib/lean/ProofWidgets/Demos/Plot.trace
-rw-r--r-- runner/runner      16 2026-02-16 15:51 ./lib/lean/ProofWidgets/Demos/Macro.olean.private.hash
-rw-r--r-- runner/runner      16 2026-02-16 15:51 ./lib/lean/ProofWidgets/Demos/Dynkin.ilean.hash
-rw-r--r-- runner/runner      16 2026-02-16 15:51 ./lib/lean/ProofWidgets/Demos/Dynkin.olean.hash
-rw-r--r-- runner/runner    2982 2026-02-16 15:51 ./lib/lean/ProofWidgets/Demos/Macro.ilean
-rw-r--r-- runner/runner    2115 2026-02-16 15:51 ./lib/lean/ProofWidgets/Demos/RbTree.trace
-rw-r--r-- runner/runner    2760 2026-02-16 15:51 ./lib/lean/ProofWidgets/Demos/Macro.olean.server
-rw-r--r-- runner/runner  879144 2026-02-16 15:51 ./lib/lean/ProofWidgets/Demos/Euclidean.olean.private
-rw-r--r-- runner/runner    1936 2026-02-16 15:51 ./lib/lean/ProofWidgets/Demos/Jsx.olean.server
-rw-r--r-- runner/runner      16 2026-02-16 15:51 ./lib/lean/ProofWidgets/Demos/ExprPresentation.ilean.hash
-rw-r--r-- runner/runner      16 2026-02-16 15:51 ./lib/lean/ProofWidgets/Demos/LazyComputation.olean.server.hash
-rw-r--r-- runner/runner      16 2026-02-16 15:51 ./lib/lean/ProofWidgets/Demos/LazyComputation.olean.private.hash
-rw-r--r-- runner/runner      16 2026-02-16 15:51 ./lib/lean/ProofWidgets/Demos/ExprPresentation.olean.hash
-rw-r--r-- runner/runner      16 2026-02-16 15:51 ./lib/lean/ProofWidgets/Demos/SelectInsertConv.ir.hash
-rw-r--r-- runner/runner  349448 2026-02-16 15:51 ./lib/lean/ProofWidgets/Demos/RbTree.ir
-rw-r--r-- runner/runner      16 2026-02-16 15:51 ./lib/lean/ProofWidgets/Demos/ExprPresentation.olean.server.hash
-rw-r--r-- runner/runner      16 2026-02-16 15:51 ./lib/lean/ProofWidgets/Demos/Jsx.olean.private.hash
-rw-r--r-- runner/runner   44888 2026-02-16 15:51 ./lib/lean/ProofWidgets/Demos/Jsx.olean
-rw-r--r-- runner/runner      16 2026-02-16 15:51 ./lib/lean/ProofWidgets/Demos/Plot.olean.private.hash
-rw-r--r-- runner/runner    2040 2026-02-16 15:51 ./lib/lean/ProofWidgets/Demos/Svg.trace
-rw-r--r-- runner/runner      16 2026-02-16 15:51 ./lib/lean/ProofWidgets/Demos/Rubiks.olean.private.hash
-rw-r--r-- runner/runner      16 2026-02-16 15:51 ./lib/lean/ProofWidgets/Demos/Euclidean.olean.server.hash
-rw-r--r-- runner/runner      16 2026-02-16 15:51 ./lib/lean/ProofWidgets/Demos/SelectInsertConv.olean.server.hash
-rw-r--r-- runner/runner      16 2026-02-16 15:51 ./lib/lean/ProofWidgets/Demos/Jsx.olean.hash
-rw-r--r-- runner/runner      16 2026-02-16 15:51 ./lib/lean/ProofWidgets/Demos/Jsx.ir.hash
-rw-r--r-- runner/runner   23329 2026-02-16 15:51 ./lib/lean/ProofWidgets/Demos/Euclidean.ilean
-rw-r--r-- runner/runner      16 2026-02-16 15:51 ./lib/lean/ProofWidgets/Demos/SelectInsertConv.olean.hash
-rw-r--r-- runner/runner  421928 2026-02-16 15:51 ./lib/lean/ProofWidgets/Demos/Venn.olean.private
-rw-r--r-- runner/runner    5595 2026-02-16 15:51 ./lib/lean/ProofWidgets/Demos/LazyComputation.ilean
-rw-r--r-- runner/runner      16 2026-02-16 15:51 ./lib/lean/ProofWidgets/Demos/RbTree.olean.hash
-rw-r--r-- runner/runner      16 2026-02-16 15:51 ./lib/lean/ProofWidgets/Demos/InteractiveSvg.ir.hash
-rw-r--r-- runner/runner    5536 2026-02-16 15:51 ./lib/lean/ProofWidgets/Demos/SelectInsertConv.olean.server
-rw-r--r-- runner/runner    4456 2026-02-16 15:51 ./lib/lean/ProofWidgets/Demos/LazyComputation.olean.server
-rw-r--r-- runner/runner  628224 2026-02-16 15:51 ./lib/lean/ProofWidgets/Demos/SelectInsertConv.olean.private
-rw-r--r-- runner/runner    5949 2026-02-16 15:51 ./lib/lean/ProofWidgets/Demos/Dynkin.ilean
-rw-r--r-- runner/runner   74912 2026-02-16 15:51 ./lib/lean/ProofWidgets/Demos/InteractiveSvg.olean
-rw-r--r-- runner/runner   92616 2026-02-16 15:51 ./lib/lean/ProofWidgets/Demos/Macro.olean.private
-rw-r--r-- runner/runner    2209 2026-02-16 15:51 ./lib/lean/ProofWidgets/Demos/ExprPresentation.trace
-rw-r--r-- runner/runner  868288 2026-02-16 15:51 ./lib/lean/ProofWidgets/Demos/Rubiks.ir
-rw-r--r-- runner/runner      16 2026-02-16 15:51 ./lib/lean/ProofWidgets/Demos/Dynkin.olean.server.hash
-rw-r--r-- runner/runner    2872 2026-02-16 15:51 ./lib/lean/ProofWidgets/Demos/Rubiks.olean.server
-rw-r--r-- runner/runner      16 2026-02-16 15:51 ./lib/lean/ProofWidgets/Demos/Plot.olean.server.hash
-rw-r--r-- runner/runner      16 2026-02-16 15:51 ./lib/lean/ProofWidgets/Demos/SelectInsertConv.ilean.hash
-rw-r--r-- runner/runner      16 2026-02-16 15:51 ./lib/lean/ProofWidgets/Demos/Plot.ir.hash
-rw-r--r-- runner/runner      16 2026-02-16 15:51 ./lib/lean/ProofWidgets/Demos/ExprPresentation.ir.hash
-rw-r--r-- runner/runner   19048 2026-02-16 15:51 ./lib/lean/ProofWidgets/Demos/SelectInsertConv.ilean
-rw-r--r-- runner/runner      16 2026-02-16 15:51 ./lib/lean/ProofWidgets/Demos/Euclidean.ir.hash
-rw-r--r-- runner/runner  147808 2026-02-16 15:51 ./lib/lean/ProofWidgets/Demos/Venn.ir
-rw-r--r-- runner/runner      16 2026-02-16 15:51 ./lib/lean/ProofWidgets/Demos/RbTree.ilean.hash
-rw-r--r-- runner/runner  291728 2026-02-16 15:51 ./lib/lean/ProofWidgets/Demos/SelectInsertConv.olean
-rw-r--r-- runner/runner    1900 2026-02-16 15:51 ./lib/lean/ProofWidgets/Demos/Macro.trace
-rw-r--r-- runner/runner    2358 2026-02-16 15:51 ./lib/lean/ProofWidgets/Demos/Jsx.ilean
-rw-r--r-- runner/runner   36552 2026-02-16 15:51 ./lib/lean/ProofWidgets/Demos/ExprPresentation.olean
-rw-r--r-- runner/runner      16 2026-02-16 15:51 ./lib/lean/ProofWidgets/Demos/InteractiveSvg.olean.server.hash
-rw-r--r-- runner/runner      16 2026-02-16 15:51 ./lib/lean/ProofWidgets/Demos/RbTree.olean.private.hash
-rw-r--r-- runner/runner      16 2026-02-16 15:51 ./lib/lean/ProofWidgets/Demos/Svg.olean.hash
-rw-r--r-- runner/runner      16 2026-02-16 15:51 ./lib/lean/ProofWidgets/Demos/Plot.olean.hash
-rw-r--r-- runner/runner    6513 2026-02-16 15:51 ./lib/lean/ProofWidgets/Demos/Plot.ilean
-rw-r--r-- runner/runner      16 2026-02-16 15:51 ./lib/lean/ProofWidgets/Demos/Svg.ir.hash
-rw-r--r-- runner/runner      16 2026-02-16 15:51 ./lib/lean/ProofWidgets/Demos/Svg.olean.private.hash
-rw-r--r-- runner/runner   10704 2026-02-16 15:51 ./lib/lean/ProofWidgets/Demos/RbTree.olean.server
-rw-r--r-- runner/runner  176720 2026-02-16 15:51 ./lib/lean/ProofWidgets/Demos/Plot.olean.private
-rw-r--r-- runner/runner  219768 2026-02-16 15:51 ./lib/lean/ProofWidgets/Demos/Dynkin.olean.private
-rw-r--r-- runner/runner    1554 2026-02-16 15:51 ./lib/lean/ProofWidgets/Demos/Rubiks.ilean
-rw-r--r-- runner/runner    1958 2026-02-16 15:51 ./lib/lean/ProofWidgets/Demos/LazyComputation.trace
-rw-r--r-- runner/runner  101096 2026-02-16 15:51 ./lib/lean/ProofWidgets/Demos/Dynkin.olean
-rw-r--r-- runner/runner      16 2026-02-16 15:51 ./lib/lean/ProofWidgets/Demos/Euclidean.olean.private.hash
-rw-r--r-- runner/runner      16 2026-02-16 15:51 ./lib/lean/ProofWidgets/Demos/Macro.olean.server.hash
-rw-r--r-- runner/runner      16 2026-02-16 15:51 ./lib/lean/ProofWidgets/Demos/ExprPresentation.olean.private.hash
-rw-r--r-- runner/runner    1886 2026-02-16 15:51 ./lib/lean/ProofWidgets/Demos/Jsx.trace
-rw-r--r-- runner/runner    1907 2026-02-16 15:51 ./lib/lean/ProofWidgets/Demos/Dynkin.trace
-rw-r--r-- runner/runner    2167 2026-02-16 15:51 ./lib/lean/ProofWidgets/Demos/InteractiveSvg.trace
-rw-r--r-- runner/runner   16012 2026-02-16 15:51 ./lib/lean/ProofWidgets/Demos/RbTree.ilean
-rw-r--r-- runner/runner      16 2026-02-16 15:51 ./lib/lean/ProofWidgets/Demos/Venn.ir.hash
-rw-r--r-- runner/runner   32448 2026-02-16 15:51 ./lib/lean/ProofWidgets/Demos/ExprPresentation.olean.private
-rw-r--r-- runner/runner    2179 2026-02-16 15:51 ./lib/lean/ProofWidgets/Demos/ExprPresentation.ilean
-rw-r--r-- runner/runner      16 2026-02-16 15:51 ./lib/lean/ProofWidgets/Demos/Euclidean.olean.hash
-rw-r--r-- runner/runner  336568 2026-02-16 15:51 ./lib/lean/ProofWidgets/Demos/Euclidean.ir
-rw-r--r-- runner/runner      16 2026-02-16 15:51 ./lib/lean/ProofWidgets/Demos/Jsx.olean.server.hash
-rw-r--r-- runner/runner    2728 2026-02-16 15:51 ./lib/lean/ProofWidgets/Demos/Euclidean.trace
-rw-r--r-- runner/runner      16 2026-02-16 15:51 ./lib/lean/ProofWidgets/Demos/Venn.olean.hash
-rw-r--r-- runner/runner      16 2026-02-16 15:51 ./lib/lean/ProofWidgets/Demos/Venn.olean.private.hash
-rw-r--r-- runner/runner    2632 2026-02-16 15:51 ./lib/lean/ProofWidgets/Demos/Svg.olean.server
-rw-r--r-- runner/runner      16 2026-02-16 15:51 ./lib/lean/ProofWidgets/Demos/Svg.ilean.hash
-rw-r--r-- runner/runner      16 2026-02-16 15:51 ./lib/lean/ProofWidgets/Util.olean.hash
-rw-r--r-- runner/runner      16 2026-02-16 15:51 ./lib/lean/ProofWidgets/Util.ilean.hash
drwxr-xr-x runner/runner       0 2026-02-16 15:51 ./lib/lean/test/
-rw-r--r-- runner/runner  149072 2026-02-16 15:51 ./lib/lean/test/delab.olean
-rw-r--r-- runner/runner   24464 2026-02-16 15:51 ./lib/lean/test/checkh.olean
-rw-r--r-- runner/runner      16 2026-02-16 15:51 ./lib/lean/test/checkh.olean.hash
-rw-r--r-- runner/runner      16 2026-02-16 15:51 ./lib/lean/test/delab.olean.hash
-rw-r--r-- runner/runner     244 2026-02-16 15:51 ./lib/lean/test/checkh.ilean
-rw-r--r-- runner/runner      16 2026-02-16 15:51 ./lib/lean/test/delab.ilean.hash
-rw-r--r-- runner/runner    2410 2026-02-16 15:51 ./lib/lean/test/delab.ilean
-rw-r--r-- runner/runner      16 2026-02-16 15:51 ./lib/lean/test/checkh.ilean.hash
-rw-r--r-- runner/runner    1780 2026-02-16 15:51 ./lib/lean/test/delab.trace
-rw-r--r-- runner/runner    1647 2026-02-16 15:51 ./lib/lean/test/checkh.trace
-rw-r--r-- runner/runner   26416 2026-02-16 15:51 ./lib/lean/ProofWidgets.olean
-rw-r--r-- runner/runner      16 2026-02-16 15:51 ./lib/lean/ProofWidgets.ir.hash
-rw-r--r-- runner/runner      16 2026-02-16 15:51 ./lib/lean/ProofWidgets.olean.hash
-rw-r--r-- runner/runner      96 2026-02-16 15:51 ./lib/lean/ProofWidgets.olean.private
-rw-r--r-- runner/runner    2968 2026-02-16 15:51 ./lib/lean/ProofWidgets.ir
-rw-r--r-- runner/runner      16 2026-02-16 15:51 ./lib/lean/ProofWidgets.olean.private.hash
drwxr-xr-x runner/runner       0 2026-02-16 15:51 ./ir/
-rw-r--r-- runner/runner    5580 2026-02-16 15:51 ./ir/ProofWidgets.c
drwxr-xr-x runner/runner       0 2026-02-16 15:51 ./ir/ProofWidgets/
-rw-r--r-- runner/runner      16 2026-02-16 15:51 ./ir/ProofWidgets/Compat.c.hash
-rw-r--r-- runner/runner     143 2026-02-16 15:51 ./ir/ProofWidgets/Util.setup.json
drwxr-xr-x runner/runner       0 2026-02-16 15:51 ./ir/ProofWidgets/Data/
-rw-r--r-- runner/runner    1154 2026-02-16 15:51 ./ir/ProofWidgets/Data/Html.setup.json
-rw-r--r-- runner/runner      16 2026-02-16 15:51 ./ir/ProofWidgets/Data/Svg.c.hash
-rw-r--r-- runner/runner  605432 2026-02-16 15:51 ./ir/ProofWidgets/Data/Html.c
-rw-r--r-- runner/runner      16 2026-02-16 15:51 ./ir/ProofWidgets/Data/Html.c.hash
-rw-r--r-- runner/runner    1492 2026-02-16 15:51 ./ir/ProofWidgets/Data/Svg.setup.json
-rw-r--r-- runner/runner  482603 2026-02-16 15:51 ./ir/ProofWidgets/Data/Svg.c
-rw-r--r-- runner/runner     145 2026-02-16 15:51 ./ir/ProofWidgets/Compat.setup.json
-rw-r--r-- runner/runner     474 2026-02-16 15:51 ./ir/ProofWidgets/Cancellable.setup.json
drwxr-xr-x runner/runner       0 2026-02-16 15:51 ./ir/ProofWidgets/Component/
-rw-r--r-- runner/runner    1506 2026-02-16 15:51 ./ir/ProofWidgets/Component/GraphDisplay.setup.json
-rw-r--r-- runner/runner      16 2026-02-16 15:51 ./ir/ProofWidgets/Component/HtmlDisplay.c.hash
drwxr-xr-x runner/runner       0 2026-02-16 15:51 ./ir/ProofWidgets/Component/Panel/
-rw-r--r-- runner/runner      16 2026-02-16 15:51 ./ir/ProofWidgets/Component/Panel/SelectionPanel.c.hash
-rw-r--r-- runner/runner  199549 2026-02-16 15:51 ./ir/ProofWidgets/Component/Panel/SelectionPanel.c
-rw-r--r-- runner/runner      16 2026-02-16 15:51 ./ir/ProofWidgets/Component/Panel/GoalTypePanel.c.hash
-rw-r--r-- runner/runner    7700 2026-02-16 15:51 ./ir/ProofWidgets/Component/Panel/GoalTypePanel.c
-rw-r--r-- runner/runner      16 2026-02-16 15:51 ./ir/ProofWidgets/Component/Panel/Basic.c.hash
-rw-r--r-- runner/runner     847 2026-02-16 15:51 ./ir/ProofWidgets/Component/Panel/Basic.setup.json
-rw-r--r-- runner/runner   96237 2026-02-16 15:51 ./ir/ProofWidgets/Component/Panel/Basic.c
-rw-r--r-- runner/runner    1242 2026-02-16 15:51 ./ir/ProofWidgets/Component/Panel/GoalTypePanel.setup.json
-rw-r--r-- runner/runner    2272 2026-02-16 15:51 ./ir/ProofWidgets/Component/Panel/SelectionPanel.setup.json
-rw-r--r-- runner/runner    1852 2026-02-16 15:51 ./ir/ProofWidgets/Component/OfRpcMethod.setup.json
-rw-r--r-- runner/runner      16 2026-02-16 15:51 ./ir/ProofWidgets/Component/InteractiveSvg.c.hash
-rw-r--r-- runner/runner    1507 2026-02-16 15:51 ./ir/ProofWidgets/Component/FilterDetails.setup.json
-rw-r--r-- runner/runner      16 2026-02-16 15:51 ./ir/ProofWidgets/Component/GraphDisplay.c.hash
-rw-r--r-- runner/runner  806371 2026-02-16 15:51 ./ir/ProofWidgets/Component/Recharts.c
-rw-r--r-- runner/runner      16 2026-02-16 15:51 ./ir/ProofWidgets/Component/OfRpcMethod.c.hash
-rw-r--r-- runner/runner   64926 2026-02-16 15:51 ./ir/ProofWidgets/Component/MakeEditLink.c
-rw-r--r-- runner/runner      16 2026-02-16 15:51 ./ir/ProofWidgets/Component/FilterDetails.c.hash
-rw-r--r-- runner/runner 2860614 2026-02-16 15:51 ./ir/ProofWidgets/Component/PenroseDiagram.c
-rw-r--r-- runner/runner      16 2026-02-16 15:51 ./ir/ProofWidgets/Component/Basic.c.hash
-rw-r--r-- runner/runner  577482 2026-02-16 15:51 ./ir/ProofWidgets/Component/GraphDisplay.c
-rw-r--r-- runner/runner     478 2026-02-16 15:51 ./ir/ProofWidgets/Component/Basic.setup.json
-rw-r--r-- runner/runner  191055 2026-02-16 15:51 ./ir/ProofWidgets/Component/OfRpcMethod.c
-rw-r--r-- runner/runner      16 2026-02-16 15:51 ./ir/ProofWidgets/Component/Recharts.c.hash
-rw-r--r-- runner/runner    1508 2026-02-16 15:51 ./ir/ProofWidgets/Component/PenroseDiagram.setup.json
-rw-r--r-- runner/runner  183441 2026-02-16 15:51 ./ir/ProofWidgets/Component/Basic.c
-rw-r--r-- runner/runner      16 2026-02-16 15:51 ./ir/ProofWidgets/Component/MakeEditLink.c.hash
-rw-r--r-- runner/runner   37890 2026-02-16 15:51 ./ir/ProofWidgets/Component/FilterDetails.c
-rw-r--r-- runner/runner      16 2026-02-16 15:51 ./ir/ProofWidgets/Component/PenroseDiagram.c.hash
-rw-r--r-- runner/runner     844 2026-02-16 15:51 ./ir/ProofWidgets/Component/Recharts.setup.json
-rw-r--r-- runner/runner  320803 2026-02-16 15:51 ./ir/ProofWidgets/Component/InteractiveSvg.c
-rw-r--r-- runner/runner    1505 2026-02-16 15:51 ./ir/ProofWidgets/Component/HtmlDisplay.setup.json
-rw-r--r-- runner/runner     848 2026-02-16 15:51 ./ir/ProofWidgets/Component/MakeEditLink.setup.json
-rw-r--r-- runner/runner  114555 2026-02-16 15:51 ./ir/ProofWidgets/Component/HtmlDisplay.c
-rw-r--r-- runner/runner    1843 2026-02-16 15:51 ./ir/ProofWidgets/Component/InteractiveSvg.setup.json
-rw-r--r-- runner/runner      16 2026-02-16 15:51 ./ir/ProofWidgets/Cancellable.c.hash
-rw-r--r-- runner/runner      16 2026-02-16 15:51 ./ir/ProofWidgets/Util.c.hash
-rw-r--r-- runner/runner  194029 2026-02-16 15:51 ./ir/ProofWidgets/Cancellable.c
-rw-r--r-- runner/runner   26533 2026-02-16 15:51 ./ir/ProofWidgets/Compat.c
drwxr-xr-x runner/runner       0 2026-02-16 15:51 ./ir/ProofWidgets/Extra/
-rw-r--r-- runner/runner      16 2026-02-16 15:51 ./ir/ProofWidgets/Extra/CheckHighlight.c.hash
-rw-r--r-- runner/runner  236067 2026-02-16 15:51 ./ir/ProofWidgets/Extra/CheckHighlight.c
-rw-r--r-- runner/runner    1891 2026-02-16 15:51 ./ir/ProofWidgets/Extra/CheckHighlight.setup.json
-rw-r--r-- runner/runner   99791 2026-02-16 15:51 ./ir/ProofWidgets/Util.c
drwxr-xr-x runner/runner       0 2026-02-16 15:51 ./ir/ProofWidgets/Presentation/
-rw-r--r-- runner/runner      16 2026-02-16 15:51 ./ir/ProofWidgets/Presentation/Expr.c.hash
-rw-r--r-- runner/runner    1501 2026-02-16 15:51 ./ir/ProofWidgets/Presentation/Expr.setup.json
-rw-r--r-- runner/runner  298918 2026-02-16 15:51 ./ir/ProofWidgets/Presentation/Expr.c
drwxr-xr-x runner/runner       0 2026-02-16 15:51 ./ir/ProofWidgets/Demos/
-rw-r--r-- runner/runner    3401 2026-02-16 15:51 ./ir/ProofWidgets/Demos/Venn.setup.json
-rw-r--r-- runner/runner    3106 2026-02-16 15:51 ./ir/ProofWidgets/Demos/ExprPresentation.setup.json
-rw-r--r-- runner/runner    2677 2026-02-16 15:51 ./ir/ProofWidgets/Demos/RbTree.setup.json
-rw-r--r-- runner/runner   89007 2026-02-16 15:51 ./ir/ProofWidgets/Demos/Plot.c
-rw-r--r-- runner/runner  100539 2026-02-16 15:51 ./ir/ProofWidgets/Demos/Dynkin.c
drwxr-xr-x runner/runner       0 2026-02-16 15:51 ./ir/ProofWidgets/Demos/Graph/
-rw-r--r-- runner/runner      16 2026-02-16 15:51 ./ir/ProofWidgets/Demos/Graph/MVarGraph.c.hash
-rw-r--r-- runner/runner      16 2026-02-16 15:51 ./ir/ProofWidgets/Demos/Graph/Basic.c.hash
-rw-r--r-- runner/runner    2279 2026-02-16 15:51 ./ir/ProofWidgets/Demos/Graph/Basic.setup.json
-rw-r--r-- runner/runner    3017 2026-02-16 15:51 ./ir/ProofWidgets/Demos/Graph/MVarGraph.setup.json
-rw-r--r-- runner/runner   17957 2026-02-16 15:51 ./ir/ProofWidgets/Demos/Graph/Basic.c
-rw-r--r-- runner/runner      16 2026-02-16 15:51 ./ir/ProofWidgets/Demos/Graph/ExprGraph.c.hash
-rw-r--r-- runner/runner  185109 2026-02-16 15:51 ./ir/ProofWidgets/Demos/Graph/ExprGraph.c
-rw-r--r-- runner/runner  374100 2026-02-16 15:51 ./ir/ProofWidgets/Demos/Graph/MVarGraph.c
-rw-r--r-- runner/runner    2283 2026-02-16 15:51 ./ir/ProofWidgets/Demos/Graph/ExprGraph.setup.json
-rw-r--r-- runner/runner  375320 2026-02-16 15:51 ./ir/ProofWidgets/Demos/RbTree.c
-rw-r--r-- runner/runner  150023 2026-02-16 15:51 ./ir/ProofWidgets/Demos/Venn.c
-rw-r--r-- runner/runner      16 2026-02-16 15:51 ./ir/ProofWidgets/Demos/Dynkin.c.hash
-rw-r--r-- runner/runner      16 2026-02-16 15:51 ./ir/ProofWidgets/Demos/RbTree.c.hash
-rw-r--r-- runner/runner      16 2026-02-16 15:51 ./ir/ProofWidgets/Demos/Plot.c.hash
-rw-r--r-- runner/runner      16 2026-02-16 15:51 ./ir/ProofWidgets/Demos/Rubiks.c.hash
-rw-r--r-- runner/runner      16 2026-02-16 15:51 ./ir/ProofWidgets/Demos/InteractiveSvg.c.hash
-rw-r--r-- runner/runner      16 2026-02-16 15:51 ./ir/ProofWidgets/Demos/Jsx.c.hash
-rw-r--r-- runner/runner   36049 2026-02-16 15:51 ./ir/ProofWidgets/Demos/Jsx.c
-rw-r--r-- runner/runner    3797 2026-02-16 15:51 ./ir/ProofWidgets/Demos/Euclidean.setup.json
-rw-r--r-- runner/runner   51916 2026-02-16 15:51 ./ir/ProofWidgets/Demos/Macro.c
-rw-r--r-- runner/runner  889264 2026-02-16 15:51 ./ir/ProofWidgets/Demos/Rubiks.c
-rw-r--r-- runner/runner  357388 2026-02-16 15:51 ./ir/ProofWidgets/Demos/Euclidean.c
-rw-r--r-- runner/runner   12539 2026-02-16 15:51 ./ir/ProofWidgets/Demos/ExprPresentation.c
-rw-r--r-- runner/runner    1883 2026-02-16 15:51 ./ir/ProofWidgets/Demos/Rubiks.setup.json
-rw-r--r-- runner/runner    1882 2026-02-16 15:51 ./ir/ProofWidgets/Demos/Macro.setup.json
-rw-r--r-- runner/runner      16 2026-02-16 15:51 ./ir/ProofWidgets/Demos/Euclidean.c.hash
-rw-r--r-- runner/runner      16 2026-02-16 15:51 ./ir/ProofWidgets/Demos/SelectInsertConv.c.hash
-rw-r--r-- runner/runner    1880 2026-02-16 15:51 ./ir/ProofWidgets/Demos/Jsx.setup.json
-rw-r--r-- runner/runner  251187 2026-02-16 15:51 ./ir/ProofWidgets/Demos/SelectInsertConv.c
-rw-r--r-- runner/runner      16 2026-02-16 15:51 ./ir/ProofWidgets/Demos/Svg.c.hash
-rw-r--r-- runner/runner      16 2026-02-16 15:51 ./ir/ProofWidgets/Demos/Macro.c.hash
-rw-r--r-- runner/runner   70531 2026-02-16 15:51 ./ir/ProofWidgets/Demos/LazyComputation.c
-rw-r--r-- runner/runner      16 2026-02-16 15:51 ./ir/ProofWidgets/Demos/Venn.c.hash
-rw-r--r-- runner/runner    1883 2026-02-16 15:51 ./ir/ProofWidgets/Demos/Dynkin.setup.json
-rw-r--r-- runner/runner     847 2026-02-16 15:51 ./ir/ProofWidgets/Demos/LazyComputation.setup.json
-rw-r--r-- runner/runner    2215 2026-02-16 15:51 ./ir/ProofWidgets/Demos/Svg.setup.json
-rw-r--r-- runner/runner  277954 2026-02-16 15:51 ./ir/ProofWidgets/Demos/InteractiveSvg.c
-rw-r--r-- runner/runner      16 2026-02-16 15:51 ./ir/ProofWidgets/Demos/ExprPresentation.c.hash
-rw-r--r-- runner/runner  134380 2026-02-16 15:51 ./ir/ProofWidgets/Demos/Svg.c
-rw-r--r-- runner/runner    3018 2026-02-16 15:51 ./ir/ProofWidgets/Demos/SelectInsertConv.setup.json
-rw-r--r-- runner/runner      16 2026-02-16 15:51 ./ir/ProofWidgets/Demos/LazyComputation.c.hash
-rw-r--r-- runner/runner    2625 2026-02-16 15:51 ./ir/ProofWidgets/Demos/InteractiveSvg.setup.json
-rw-r--r-- runner/runner    2256 2026-02-16 15:51 ./ir/ProofWidgets/Demos/Plot.setup.json
drwxr-xr-x runner/runner       0 2026-02-16 15:51 ./ir/test/
-rw-r--r-- runner/runner   25006 2026-02-16 15:51 ./ir/test/delab.c
-rw-r--r-- runner/runner    1192 2026-02-16 15:51 ./ir/test/checkh.c
-rw-r--r-- runner/runner      16 2026-02-16 15:51 ./ir/test/checkh.c.hash
-rw-r--r-- runner/runner      16 2026-02-16 15:51 ./ir/test/delab.c.hash
-rw-r--r-- runner/runner    2934 2026-02-16 15:51 ./ir/test/checkh.setup.json
-rw-r--r-- runner/runner    1920 2026-02-16 15:51 ./ir/test/delab.setup.json
-rw-r--r-- runner/runner    7272 2026-02-16 15:51 ./ir/ProofWidgets.setup.json
-rw-r--r-- runner/runner      16 2026-02-16 15:51 ./ir/ProofWidgets.c.hash
✔ [5/531] Ran widgetJsSrcs
✔ [6/531] Ran widgetRollupConfig
✔ [7/531] Ran widgetTsconfig
✔ [8/531] Ran widgetPackageJson
ℹ [9/531] Replayed proofwidgets/widgetPackageLock
trace: ././widget> npm install
trace: stdout:
added 1 package, changed 2 packages, and audited 367 packages in 2s

67 packages are looking for funding
  run `npm fund` for details

1 moderate severity vulnerability

To address all issues, run:
  npm audit fix

Run `npm audit` for details.
✖ [10/531] (Optional) Fetching plausible:optBarrel (928ms)
trace: .> curl -s -S -f -o /home/goutev/LEAN4/info-geometry-lean/lean/.lake/packages/plausible/.lake/build.barrel -L https://reservoir.lean-lang.org/api/v1/packages/leanprover-community/plausible/barrel?rev=55c8532eb21ec9f6d565d51d96b8ca50bd1fbef3&toolchain=leanprover%2Flean4%3Av4.28.0 -H X-Reservoir-Api-Version:1.0.0 -H X-Lake-Registry-Api-Version:0.1.0
trace: stderr:
curl: (22) The requested URL returned error: 404
error: external command 'curl' exited with code 22
✖ [11/531] (Optional) Fetching aesop:optBarrel (1.3s)
trace: .> curl -s -S -f -o /home/goutev/LEAN4/info-geometry-lean/lean/.lake/packages/aesop/.lake/build.barrel -L https://reservoir.lean-lang.org/api/v1/packages/leanprover-community/aesop/barrel?rev=f642a64c76df8ba9cb53dba3b919425a0c2aeaf1&toolchain=leanprover%2Flean4%3Av4.28.0 -H X-Reservoir-Api-Version:1.0.0 -H X-Lake-Registry-Api-Version:0.1.0
trace: stderr:
curl: (22) The requested URL returned error: 404
error: external command 'curl' exited with code 22
ℹ [12/531] Ran aesop:extraDep
trace: building from source; failed to fetch Reservoir build (see 'aesop:optBarrel' for details)
✖ [13/531] (Optional) Fetching batteries:optBarrel (1.4s)
trace: .> curl -s -S -f -o /home/goutev/LEAN4/info-geometry-lean/lean/.lake/packages/batteries/.lake/build.barrel -L https://reservoir.lean-lang.org/api/v1/packages/leanprover-community/batteries/barrel?rev=495c008c3e3f4fb4256ff5582ddb3abf3198026f&toolchain=leanprover%2Flean4%3Av4.28.0 -H X-Reservoir-Api-Version:1.0.0 -H X-Lake-Registry-Api-Version:0.1.0
trace: stderr:
curl: (22) The requested URL returned error: 404
error: external command 'curl' exited with code 22
ℹ [14/531] Ran batteries:extraDep
trace: building from source; failed to fetch Reservoir build (see 'batteries:optBarrel' for details)
✖ [15/531] (Optional) Fetching importGraph:optBarrel (1.3s)
trace: .> curl -s -S -f -o /home/goutev/LEAN4/info-geometry-lean/lean/.lake/packages/importGraph/.lake/build.barrel -L https://reservoir.lean-lang.org/api/v1/packages/leanprover-community/importGraph/barrel?rev=85b59af46828c029a9168f2f9c35119bd0721e6e&toolchain=leanprover%2Flean4%3Av4.28.0 -H X-Reservoir-Api-Version:1.0.0 -H X-Lake-Registry-Api-Version:0.1.0
trace: stderr:
curl: (22) The requested URL returned error: 404
error: external command 'curl' exited with code 22
ℹ [16/531] Ran importGraph:extraDep
trace: building from source; failed to fetch Reservoir build (see 'importGraph:optBarrel' for details)
ℹ [17/531] Ran plausible:extraDep
trace: building from source; failed to fetch Reservoir build (see 'plausible:optBarrel' for details)
✔ [18/531] Ran proofwidgets:extraDep
ℹ [19/531] Replayed proofwidgets/widgetJsAll
trace: /home/runner/work/ProofWidgets4/ProofWidgets4/widget> npm clean-install
trace: stdout:
added 365 packages, and audited 366 packages in 9s

68 packages are looking for funding
  run `npm fund` for details

3 vulnerabilities (1 low, 1 moderate, 1 high)

To address all issues, run:
  npm audit fix

Run `npm audit` for details.
trace: stderr:
npm warn deprecated three-mesh-bvh@0.7.8: Deprecated due to three.js version incompatibility. Please use v0.8.0, instead.
trace: /home/runner/work/ProofWidgets4/ProofWidgets4/widget> npm run build
trace: stdout:
> @leanprover-community/proofwidgets4@0.1.0 build
> npx tsc && rollup --environment NODE_ENV:production --config
trace: stderr:
[36m
[1mdist/rubiks.js[22m → [1m../.lake/build/js[22m...[39m
[32mcreated [1m../.lake/build/js[22m in [1m8.7s[22m[39m
[36m
[1mdist/recharts.js[22m → [1m../.lake/build/js[22m...[39m
[1m[33m(!) Circular dependencies[39m[22m
node_modules/d3-interpolate/src/value.js -> node_modules/d3-interpolate/src/array.js -> node_modules/d3-interpolate/src/value.js
node_modules/d3-interpolate/src/value.js -> node_modules/d3-interpolate/src/object.js -> node_modules/d3-interpolate/src/value.js
node_modules/recharts/es6/util/ChartUtils.js -> node_modules/recharts/es6/util/getLegendProps.js -> node_modules/recharts/es6/util/ChartUtils.js
[32mcreated [1m../.lake/build/js[22m in [1m5.7s[22m[39m
[36m
[1mdist/rbTree.js[22m → [1m../.lake/build/js[22m...[39m
[1m[33m(!) Circular dependencies[39m[22m
node_modules/d3-selection/src/selection/index.js -> node_modules/d3-selection/src/selection/select.js -> node_modules/d3-selection/src/selection/index.js
node_modules/d3-selection/src/selection/index.js -> node_modules/d3-selection/src/selection/selectAll.js -> node_modules/d3-selection/src/selection/index.js
node_modules/d3-selection/src/selection/index.js -> node_modules/d3-selection/src/selection/filter.js -> node_modules/d3-selection/src/selection/index.js
...and 12 more
[32mcreated [1m../.lake/build/js[22m in [1m1.4s[22m[39m
[36m
[1mdist/presentSelection.js[22m → [1m../.lake/build/js[22m...[39m
[32mcreated [1m../.lake/build/js[22m in [1m157ms[22m[39m
[36m
[1mdist/penroseDisplay.js[22m → [1m../.lake/build/js[22m...[39m
[1m[33m(!) Circular dependencies[39m[22m
node_modules/true-myth/dist/es/maybe.js -> node_modules/true-myth/dist/es/result.js -> node_modules/true-myth/dist/es/maybe.js
node_modules/@penrose/core/dist/engine/EngineUtils.js -> node_modules/@penrose/core/dist/utils/Util.js -> node_modules/@penrose/core/dist/engine/EngineUtils.js
node_modules/@penrose/core/dist/engine/BBox.js -> node_modules/@penrose/core/dist/contrib/Queries.js -> node_modules/@penrose/core/dist/engine/BBox.js
...and 14 more
[32mcreated [1m../.lake/build/js[22m in [1m12.4s[22m[39m
[36m
[1mdist/penroseCanvas.js[22m → [1m../.lake/build/js[22m...[39m
[1m[33m(!) Circular dependencies[39m[22m
node_modules/true-myth/dist/es/maybe.js -> node_modules/true-myth/dist/es/result.js -> node_modules/true-myth/dist/es/maybe.js
node_modules/@penrose/core/dist/engine/EngineUtils.js -> node_modules/@penrose/core/dist/utils/Util.js -> node_modules/@penrose/core/dist/engine/EngineUtils.js
node_modules/@penrose/core/dist/engine/BBox.js -> node_modules/@penrose/core/dist/contrib/Queries.js -> node_modules/@penrose/core/dist/engine/BBox.js
...and 14 more
[32mcreated [1m../.lake/build/js[22m in [1m12.1s[22m[39m
[36m
[1mdist/ofRpcMethod.js[22m → [1m../.lake/build/js[22m...[39m
[32mcreated [1m../.lake/build/js[22m in [1m148ms[22m[39m
[36m
[1mdist/makeEditLink.js[22m → [1m../.lake/build/js[22m...[39m
[32mcreated [1m../.lake/build/js[22m in [1m109ms[22m[39m
[36m
[1mdist/interactiveSvg.js[22m → [1m../.lake/build/js[22m...[39m
[32mcreated [1m../.lake/build/js[22m in [1m153ms[22m[39m
[36m
[1mdist/interactiveExpr.js[22m → [1m../.lake/build/js[22m...[39m
[32mcreated [1m../.lake/build/js[22m in [1m110ms[22m[39m
[36m
[1mdist/index.js[22m → [1m../.lake/build/js[22m...[39m
[32mcreated [1m../.lake/build/js[22m in [1m124ms[22m[39m
[36m
[1mdist/htmlDisplayPanel.js[22m → [1m../.lake/build/js[22m...[39m
[32mcreated [1m../.lake/build/js[22m in [1m126ms[22m[39m
[36m
[1mdist/htmlDisplay.js[22m → [1m../.lake/build/js[22m...[39m
[32mcreated [1m../.lake/build/js[22m in [1m121ms[22m[39m
[36m
[1mdist/goalTypePanel.js[22m → [1m../.lake/build/js[22m...[39m
[32mcreated [1m../.lake/build/js[22m in [1m160ms[22m[39m
[36m
[1mdist/filterDetails.js[22m → [1m../.lake/build/js[22m...[39m
[32mcreated [1m../.lake/build/js[22m in [1m129ms[22m[39m
[36m
[1mdist/exprPresentation.js[22m → [1m../.lake/build/js[22m...[39m
[32mcreated [1m../.lake/build/js[22m in [1m141ms[22m[39m
[36m
[1mdist/d3Graph.js[22m → [1m../.lake/build/js[22m...[39m
[1m[33m(!) Circular dependencies[39m[22m
node_modules/d3-selection/src/selection/index.js -> node_modules/d3-selection/src/selection/select.js -> node_modules/d3-selection/src/selection/index.js
node_modules/d3-selection/src/selection/index.js -> node_modules/d3-selection/src/selection/selectAll.js -> node_modules/d3-selection/src/selection/index.js
node_modules/d3-selection/src/selection/index.js -> node_modules/d3-selection/src/selection/filter.js -> node_modules/d3-selection/src/selection/index.js
...and 12 more
[32mcreated [1m../.lake/build/js[22m in [1m2.4s[22m[39m
[36m
[1mdist/cancellable.js[22m → [1m../.lake/build/js[22m...[39m
[32mcreated [1m../.lake/build/js[22m in [1m113ms[22m[39m
[36m
[1mdist/animatedHtml.js[22m → [1m../.lake/build/js[22m...[39m
[32mcreated [1m../.lake/build/js[22m in [1m135ms[22m[39m
✖ [20/531] (Optional) Fetching LeanSearchClient:optBarrel (1.1s)
trace: .> curl -s -S -f -o /home/goutev/LEAN4/info-geometry-lean/lean/.lake/packages/LeanSearchClient/.lake/build.barrel -L https://reservoir.lean-lang.org/api/v1/packages/leanprover-community/LeanSearchClient/barrel?rev=c5d5b8fe6e5158def25cd28eb94e4141ad97c843&toolchain=leanprover%2Flean4%3Av4.28.0 -H X-Reservoir-Api-Version:1.0.0 -H X-Lake-Registry-Api-Version:0.1.0
trace: stderr:
curl: (22) The requested URL returned error: 404
error: external command 'curl' exited with code 22
ℹ [21/531] Built Plausible.Attr (1.7s)
trace: .> LEAN_PATH=/home/goutev/LEAN4/info-geometry-lean/lean/.lake/packages/Cli/.lake/build/lib/lean:/home/goutev/LEAN4/info-geometry-lean/lean/.lake/packages/batteries/.lake/build/lib/lean:/home/goutev/LEAN4/info-geometry-lean/lean/.lake/packages/Qq/.lake/build/lib/lean:/home/goutev/LEAN4/info-geometry-lean/lean/.lake/packages/aesop/.lake/build/lib/lean:/home/goutev/LEAN4/info-geometry-lean/lean/.lake/packages/proofwidgets/.lake/build/lib/lean:/home/goutev/LEAN4/info-geometry-lean/lean/.lake/packages/importGraph/.lake/build/lib/lean:/home/goutev/LEAN4/info-geometry-lean/lean/.lake/packages/LeanSearchClient/.lake/build/lib/lean:/home/goutev/LEAN4/info-geometry-lean/lean/.lake/packages/plausible/.lake/build/lib/lean:/home/goutev/LEAN4/info-geometry-lean/lean/.lake/packages/mathlib/.lake/build/lib/lean:/home/goutev/LEAN4/info-geometry-lean/lean/.lake/build/lib/lean /home/goutev/.elan/toolchains/leanprover--lean4---v4.28.0/bin/lean /home/goutev/LEAN4/info-geometry-lean/lean/.lake/packages/plausible/Plausible/Attr.lean -o /home/goutev/LEAN4/info-geometry-lean/lean/.lake/packages/plausible/.lake/build/lib/lean/Plausible/Attr.olean -i /home/goutev/LEAN4/info-geometry-lean/lean/.lake/packages/plausible/.lake/build/lib/lean/Plausible/Attr.ilean -c /home/goutev/LEAN4/info-geometry-lean/lean/.lake/packages/plausible/.lake/build/ir/Plausible/Attr.c --setup /home/goutev/LEAN4/info-geometry-lean/lean/.lake/packages/plausible/.lake/build/ir/Plausible/Attr.setup.json --json
ℹ [22/531] Built Qq.SortLocalDecls (2.1s)
trace: .> LEAN_PATH=/home/goutev/LEAN4/info-geometry-lean/lean/.lake/packages/Cli/.lake/build/lib/lean:/home/goutev/LEAN4/info-geometry-lean/lean/.lake/packages/batteries/.lake/build/lib/lean:/home/goutev/LEAN4/info-geometry-lean/lean/.lake/packages/Qq/.lake/build/lib/lean:/home/goutev/LEAN4/info-geometry-lean/lean/.lake/packages/aesop/.lake/build/lib/lean:/home/goutev/LEAN4/info-geometry-lean/lean/.lake/packages/proofwidgets/.lake/build/lib/lean:/home/goutev/LEAN4/info-geometry-lean/lean/.lake/packages/importGraph/.lake/build/lib/lean:/home/goutev/LEAN4/info-geometry-lean/lean/.lake/packages/LeanSearchClient/.lake/build/lib/lean:/home/goutev/LEAN4/info-geometry-lean/lean/.lake/packages/plausible/.lake/build/lib/lean:/home/goutev/LEAN4/info-geometry-lean/lean/.lake/packages/mathlib/.lake/build/lib/lean:/home/goutev/LEAN4/info-geometry-lean/lean/.lake/build/lib/lean /home/goutev/.elan/toolchains/leanprover--lean4---v4.28.0/bin/lean /home/goutev/LEAN4/info-geometry-lean/lean/.lake/packages/Qq/Qq/SortLocalDecls.lean -o /home/goutev/LEAN4/info-geometry-lean/lean/.lake/packages/Qq/.lake/build/lib/lean/Qq/SortLocalDecls.olean -i /home/goutev/LEAN4/info-geometry-lean/lean/.lake/packages/Qq/.lake/build/lib/lean/Qq/SortLocalDecls.ilean -c /home/goutev/LEAN4/info-geometry-lean/lean/.lake/packages/Qq/.lake/build/ir/Qq/SortLocalDecls.c --setup /home/goutev/LEAN4/info-geometry-lean/lean/.lake/packages/Qq/.lake/build/ir/Qq/SortLocalDecls.setup.json --json
ℹ [23/531] Built Mathlib.Tactic.Linter.DirectoryDependency (3.4s)
trace: .> LEAN_PATH=/home/goutev/LEAN4/info-geometry-lean/lean/.lake/packages/Cli/.lake/build/lib/lean:/home/goutev/LEAN4/info-geometry-lean/lean/.lake/packages/batteries/.lake/build/lib/lean:/home/goutev/LEAN4/info-geometry-lean/lean/.lake/packages/Qq/.lake/build/lib/lean:/home/goutev/LEAN4/info-geometry-lean/lean/.lake/packages/aesop/.lake/build/lib/lean:/home/goutev/LEAN4/info-geometry-lean/lean/.lake/packages/proofwidgets/.lake/build/lib/lean:/home/goutev/LEAN4/info-geometry-lean/lean/.lake/packages/importGraph/.lake/build/lib/lean:/home/goutev/LEAN4/info-geometry-lean/lean/.lake/packages/LeanSearchClient/.lake/build/lib/lean:/home/goutev/LEAN4/info-geometry-lean/lean/.lake/packages/plausible/.lake/build/lib/lean:/home/goutev/LEAN4/info-geometry-lean/lean/.lake/packages/mathlib/.lake/build/lib/lean:/home/goutev/LEAN4/info-geometry-lean/lean/.lake/build/lib/lean /home/goutev/.elan/toolchains/leanprover--lean4---v4.28.0/bin/lean /home/goutev/LEAN4/info-geometry-lean/lean/.lake/packages/mathlib/Mathlib/Tactic/Linter/DirectoryDependency.lean -o /home/goutev/LEAN4/info-geometry-lean/lean/.lake/packages/mathlib/.lake/build/lib/lean/Mathlib/Tactic/Linter/DirectoryDependency.olean -i /home/goutev/LEAN4/info-geometry-lean/lean/.lake/packages/mathlib/.lake/build/lib/lean/Mathlib/Tactic/Linter/DirectoryDependency.ilean -c /home/goutev/LEAN4/info-geometry-lean/lean/.lake/packages/mathlib/.lake/build/ir/Mathlib/Tactic/Linter/DirectoryDependency.c --setup /home/goutev/LEAN4/info-geometry-lean/lean/.lake/packages/mathlib/.lake/build/ir/Mathlib/Tactic/Linter/DirectoryDependency.setup.json --json
ℹ [24/531] Built Plausible.Random (2.7s)
trace: .> LEAN_PATH=/home/goutev/LEAN4/info-geometry-lean/lean/.lake/packages/Cli/.lake/build/lib/lean:/home/goutev/LEAN4/info-geometry-lean/lean/.lake/packages/batteries/.lake/build/lib/lean:/home/goutev/LEAN4/info-geometry-lean/lean/.lake/packages/Qq/.lake/build/lib/lean:/home/goutev/LEAN4/info-geometry-lean/lean/.lake/packages/aesop/.lake/build/lib/lean:/home/goutev/LEAN4/info-geometry-lean/lean/.lake/packages/proofwidgets/.lake/build/lib/lean:/home/goutev/LEAN4/info-geometry-lean/lean/.lake/packages/importGraph/.lake/build/lib/lean:/home/goutev/LEAN4/info-geometry-lean/lean/.lake/packages/LeanSearchClient/.lake/build/lib/lean:/home/goutev/LEAN4/info-geometry-lean/lean/.lake/packages/plausible/.lake/build/lib/lean:/home/goutev/LEAN4/info-geometry-lean/lean/.lake/packages/mathlib/.lake/build/lib/lean:/home/goutev/LEAN4/info-geometry-lean/lean/.lake/build/lib/lean /home/goutev/.elan/toolchains/leanprover--lean4---v4.28.0/bin/lean /home/goutev/LEAN4/info-geometry-lean/lean/.lake/packages/plausible/Plausible/Random.lean -o /home/goutev/LEAN4/info-geometry-lean/lean/.lake/packages/plausible/.lake/build/lib/lean/Plausible/Random.olean -i /home/goutev/LEAN4/info-geometry-lean/lean/.lake/packages/plausible/.lake/build/lib/lean/Plausible/Random.ilean -c /home/goutev/LEAN4/info-geometry-lean/lean/.lake/packages/plausible/.lake/build/ir/Plausible/Random.c --setup /home/goutev/LEAN4/info-geometry-lean/lean/.lake/packages/plausible/.lake/build/ir/Plausible/Random.setup.json --json
ℹ [25/531] Built Qq.ForLean.ToExpr (3.5s)
trace: .> LEAN_PATH=/home/goutev/LEAN4/info-geometry-lean/lean/.lake/packages/Cli/.lake/build/lib/lean:/home/goutev/LEAN4/info-geometry-lean/lean/.lake/packages/batteries/.lake/build/lib/lean:/home/goutev/LEAN4/info-geometry-lean/lean/.lake/packages/Qq/.lake/build/lib/lean:/home/goutev/LEAN4/info-geometry-lean/lean/.lake/packages/aesop/.lake/build/lib/lean:/home/goutev/LEAN4/info-geometry-lean/lean/.lake/packages/proofwidgets/.lake/build/lib/lean:/home/goutev/LEAN4/info-geometry-lean/lean/.lake/packages/importGraph/.lake/build/lib/lean:/home/goutev/LEAN4/info-geometry-lean/lean/.lake/packages/LeanSearchClient/.lake/build/lib/lean:/home/goutev/LEAN4/info-geometry-lean/lean/.lake/packages/plausible/.lake/build/lib/lean:/home/goutev/LEAN4/info-geometry-lean/lean/.lake/packages/mathlib/.lake/build/lib/lean:/home/goutev/LEAN4/info-geometry-lean/lean/.lake/build/lib/lean /home/goutev/.elan/toolchains/leanprover--lean4---v4.28.0/bin/lean /home/goutev/LEAN4/info-geometry-lean/lean/.lake/packages/Qq/Qq/ForLean/ToExpr.lean -o /home/goutev/LEAN4/info-geometry-lean/lean/.lake/packages/Qq/.lake/build/lib/lean/Qq/ForLean/ToExpr.olean -i /home/goutev/LEAN4/info-geometry-lean/lean/.lake/packages/Qq/.lake/build/lib/lean/Qq/ForLean/ToExpr.ilean -c /home/goutev/LEAN4/info-geometry-lean/lean/.lake/packages/Qq/.lake/build/ir/Qq/ForLean/ToExpr.c --setup /home/goutev/LEAN4/info-geometry-lean/lean/.lake/packages/Qq/.lake/build/ir/Qq/ForLean/ToExpr.setup.json --json
ℹ [26/531] Built Qq.Typ (3.5s)
trace: .> LEAN_PATH=/home/goutev/LEAN4/info-geometry-lean/lean/.lake/packages/Cli/.lake/build/lib/lean:/home/goutev/LEAN4/info-geometry-lean/lean/.lake/packages/batteries/.lake/build/lib/lean:/home/goutev/LEAN4/info-geometry-lean/lean/.lake/packages/Qq/.lake/build/lib/lean:/home/goutev/LEAN4/info-geometry-lean/lean/.lake/packages/aesop/.lake/build/lib/lean:/home/goutev/LEAN4/info-geometry-lean/lean/.lake/packages/proofwidgets/.lake/build/lib/lean:/home/goutev/LEAN4/info-geometry-lean/lean/.lake/packages/importGraph/.lake/build/lib/lean:/home/goutev/LEAN4/info-geometry-lean/lean/.lake/packages/LeanSearchClient/.lake/build/lib/lean:/home/goutev/LEAN4/info-geometry-lean/lean/.lake/packages/plausible/.lake/build/lib/lean:/home/goutev/LEAN4/info-geometry-lean/lean/.lake/packages/mathlib/.lake/build/lib/lean:/home/goutev/LEAN4/info-geometry-lean/lean/.lake/build/lib/lean /home/goutev/.elan/toolchains/leanprover--lean4---v4.28.0/bin/lean /home/goutev/LEAN4/info-geometry-lean/lean/.lake/packages/Qq/Qq/Typ.lean -o /home/goutev/LEAN4/info-geometry-lean/lean/.lake/packages/Qq/.lake/build/lib/lean/Qq/Typ.olean -i /home/goutev/LEAN4/info-geometry-lean/lean/.lake/packages/Qq/.lake/build/lib/lean/Qq/Typ.ilean -c /home/goutev/LEAN4/info-geometry-lean/lean/.lake/packages/Qq/.lake/build/ir/Qq/Typ.c --setup /home/goutev/LEAN4/info-geometry-lean/lean/.lake/packages/Qq/.lake/build/ir/Qq/Typ.setup.json --json
ℹ [27/531] Built Qq.ForLean.Do (3.7s)
trace: .> LEAN_PATH=/home/goutev/LEAN4/info-geometry-lean/lean/.lake/packages/Cli/.lake/build/lib/lean:/home/goutev/LEAN4/info-geometry-lean/lean/.lake/packages/batteries/.lake/build/lib/lean:/home/goutev/LEAN4/info-geometry-lean/lean/.lake/packages/Qq/.lake/build/lib/lean:/home/goutev/LEAN4/info-geometry-lean/lean/.lake/packages/aesop/.lake/build/lib/lean:/home/goutev/LEAN4/info-geometry-lean/lean/.lake/packages/proofwidgets/.lake/build/lib/lean:/home/goutev/LEAN4/info-geometry-lean/lean/.lake/packages/importGraph/.lake/build/lib/lean:/home/goutev/LEAN4/info-geometry-lean/lean/.lake/packages/LeanSearchClient/.lake/build/lib/lean:/home/goutev/LEAN4/info-geometry-lean/lean/.lake/packages/plausible/.lake/build/lib/lean:/home/goutev/LEAN4/info-geometry-lean/lean/.lake/packages/mathlib/.lake/build/lib/lean:/home/goutev/LEAN4/info-geometry-lean/lean/.lake/build/lib/lean /home/goutev/.elan/toolchains/leanprover--lean4---v4.28.0/bin/lean /home/goutev/LEAN4/info-geometry-lean/lean/.lake/packages/Qq/Qq/ForLean/Do.lean -o /home/goutev/LEAN4/info-geometry-lean/lean/.lake/packages/Qq/.lake/build/lib/lean/Qq/ForLean/Do.olean -i /home/goutev/LEAN4/info-geometry-lean/lean/.lake/packages/Qq/.lake/build/lib/lean/Qq/ForLean/Do.ilean -c /home/goutev/LEAN4/info-geometry-lean/lean/.lake/packages/Qq/.lake/build/ir/Qq/ForLean/Do.c --setup /home/goutev/LEAN4/info-geometry-lean/lean/.lake/packages/Qq/.lake/build/ir/Qq/ForLean/Do.setup.json --json
ℹ [28/531] Built Aesop.Search.Expansion.Simp (1.7s)
trace: .> LEAN_PATH=/home/goutev/LEAN4/info-geometry-lean/lean/.lake/packages/Cli/.lake/build/lib/lean:/home/goutev/LEAN4/info-geometry-lean/lean/.lake/packages/batteries/.lake/build/lib/lean:/home/goutev/LEAN4/info-geometry-lean/lean/.lake/packages/Qq/.lake/build/lib/lean:/home/goutev/LEAN4/info-geometry-lean/lean/.lake/packages/aesop/.lake/build/lib/lean:/home/goutev/LEAN4/info-geometry-lean/lean/.lake/packages/proofwidgets/.lake/build/lib/lean:/home/goutev/LEAN4/info-geometry-lean/lean/.lake/packages/importGraph/.lake/build/lib/lean:/home/goutev/LEAN4/info-geometry-lean/lean/.lake/packages/LeanSearchClient/.lake/build/lib/lean:/home/goutev/LEAN4/info-geometry-lean/lean/.lake/packages/plausible/.lake/build/lib/lean:/home/goutev/LEAN4/info-geometry-lean/lean/.lake/packages/mathlib/.lake/build/lib/lean:/home/goutev/LEAN4/info-geometry-lean/lean/.lake/build/lib/lean /home/goutev/.elan/toolchains/leanprover--lean4---v4.28.0/bin/lean /home/goutev/LEAN4/info-geometry-lean/lean/.lake/packages/aesop/Aesop/Search/Expansion/Simp.lean -o /home/goutev/LEAN4/info-geometry-lean/lean/.lake/packages/aesop/.lake/build/lib/lean/Aesop/Search/Expansion/Simp.olean -i /home/goutev/LEAN4/info-geometry-lean/lean/.lake/packages/aesop/.lake/build/lib/lean/Aesop/Search/Expansion/Simp.ilean -c /home/goutev/LEAN4/info-geometry-lean/lean/.lake/packages/aesop/.lake/build/ir/Aesop/Search/Expansion/Simp.c --setup /home/goutev/LEAN4/info-geometry-lean/lean/.lake/packages/aesop/.lake/build/ir/Aesop/Search/Expansion/Simp.setup.json --json
ℹ [29/531] Built Qq.ForLean.ReduceEval (3.8s)
trace: .> LEAN_PATH=/home/goutev/LEAN4/info-geometry-lean/lean/.lake/packages/Cli/.lake/build/lib/lean:/home/goutev/LEAN4/info-geometry-lean/lean/.lake/packages/batteries/.lake/build/lib/lean:/home/goutev/LEAN4/info-geometry-lean/lean/.lake/packages/Qq/.lake/build/lib/lean:/home/goutev/LEAN4/info-geometry-lean/lean/.lake/packages/aesop/.lake/build/lib/lean:/home/goutev/LEAN4/info-geometry-lean/lean/.lake/packages/proofwidgets/.lake/build/lib/lean:/home/goutev/LEAN4/info-geometry-lean/lean/.lake/packages/importGraph/.lake/build/lib/lean:/home/goutev/LEAN4/info-geometry-lean/lean/.lake/packages/LeanSearchClient/.lake/build/lib/lean:/home/goutev/LEAN4/info-geometry-lean/lean/.lake/packages/plausible/.lake/build/lib/lean:/home/goutev/LEAN4/info-geometry-lean/lean/.lake/packages/mathlib/.lake/build/lib/lean:/home/goutev/LEAN4/info-geometry-lean/lean/.lake/build/lib/lean /home/goutev/.elan/toolchains/leanprover--lean4---v4.28.0/bin/lean /home/goutev/LEAN4/info-geometry-lean/lean/.lake/packages/Qq/Qq/ForLean/ReduceEval.lean -o /home/goutev/LEAN4/info-geometry-lean/lean/.lake/packages/Qq/.lake/build/lib/lean/Qq/ForLean/ReduceEval.olean -i /home/goutev/LEAN4/info-geometry-lean/lean/.lake/packages/Qq/.lake/build/lib/lean/Qq/ForLean/ReduceEval.ilean -c /home/goutev/LEAN4/info-geometry-lean/lean/.lake/packages/Qq/.lake/build/ir/Qq/ForLean/ReduceEval.c --setup /home/goutev/LEAN4/info-geometry-lean/lean/.lake/packages/Qq/.lake/build/ir/Qq/ForLean/ReduceEval.setup.json --json
ℹ [30/531] Built Aesop.Frontend.Basic (2.3s)
trace: .> LEAN_PATH=/home/goutev/LEAN4/info-geometry-lean/lean/.lake/packages/Cli/.lake/build/lib/lean:/home/goutev/LEAN4/info-geometry-lean/lean/.lake/packages/batteries/.lake/build/lib/lean:/home/goutev/LEAN4/info-geometry-lean/lean/.lake/packages/Qq/.lake/build/lib/lean:/home/goutev/LEAN4/info-geometry-lean/lean/.lake/packages/aesop/.lake/build/lib/lean:/home/goutev/LEAN4/info-geometry-lean/lean/.lake/packages/proofwidgets/.lake/build/lib/lean:/home/goutev/LEAN4/info-geometry-lean/lean/.lake/packages/importGraph/.lake/build/lib/lean:/home/goutev/LEAN4/info-geometry-lean/lean/.lake/packages/LeanSearchClient/.lake/build/lib/lean:/home/goutev/LEAN4/info-geometry-lean/lean/.lake/packages/plausible/.lake/build/lib/lean:/home/goutev/LEAN4/info-geometry-lean/lean/.lake/packages/mathlib/.lake/build/lib/lean:/home/goutev/LEAN4/info-geometry-lean/lean/.lake/build/lib/lean /home/goutev/.elan/toolchains/leanprover--lean4---v4.28.0/bin/lean /home/goutev/LEAN4/info-geometry-lean/lean/.lake/packages/aesop/Aesop/Frontend/Basic.lean -o /home/goutev/LEAN4/info-geometry-lean/lean/.lake/packages/aesop/.lake/build/lib/lean/Aesop/Frontend/Basic.olean -i /home/goutev/LEAN4/info-geometry-lean/lean/.lake/packages/aesop/.lake/build/lib/lean/Aesop/Frontend/Basic.ilean -c /home/goutev/LEAN4/info-geometry-lean/lean/.lake/packages/aesop/.lake/build/ir/Aesop/Frontend/Basic.c --setup /home/goutev/LEAN4/info-geometry-lean/lean/.lake/packages/aesop/.lake/build/ir/Aesop/Frontend/Basic.setup.json --json
ℹ [31/531] Built Aesop.Exception (2.5s)
trace: .> LEAN_PATH=/home/goutev/LEAN4/info-geometry-lean/lean/.lake/packages/Cli/.lake/build/lib/lean:/home/goutev/LEAN4/info-geometry-lean/lean/.lake/packages/batteries/.lake/build/lib/lean:/home/goutev/LEAN4/info-geometry-lean/lean/.lake/packages/Qq/.lake/build/lib/lean:/home/goutev/LEAN4/info-geometry-lean/lean/.lake/packages/aesop/.lake/build/lib/lean:/home/goutev/LEAN4/info-geometry-lean/lean/.lake/packages/proofwidgets/.lake/build/lib/lean:/home/goutev/LEAN4/info-geometry-lean/lean/.lake/packages/importGraph/.lake/build/lib/lean:/home/goutev/LEAN4/info-geometry-lean/lean/.lake/packages/LeanSearchClient/.lake/build/lib/lean:/home/goutev/LEAN4/info-geometry-lean/lean/.lake/packages/plausible/.lake/build/lib/lean:/home/goutev/LEAN4/info-geometry-lean/lean/.lake/packages/mathlib/.lake/build/lib/lean:/home/goutev/LEAN4/info-geometry-lean/lean/.lake/build/lib/lean /home/goutev/.elan/toolchains/leanprover--lean4---v4.28.0/bin/lean /home/goutev/LEAN4/info-geometry-lean/lean/.lake/packages/aesop/Aesop/Exception.lean -o /home/goutev/LEAN4/info-geometry-lean/lean/.lake/packages/aesop/.lake/build/lib/lean/Aesop/Exception.olean -i /home/goutev/LEAN4/info-geometry-lean/lean/.lake/packages/aesop/.lake/build/lib/lean/Aesop/Exception.ilean -c /home/goutev/LEAN4/info-geometry-lean/lean/.lake/packages/aesop/.lake/build/ir/Aesop/Exception.c --setup /home/goutev/LEAN4/info-geometry-lean/lean/.lake/packages/aesop/.lake/build/ir/Aesop/Exception.setup.json --json
ℹ [32/531] Built Aesop.Util.OrderedHashSet (1.2s)
trace: .> LEAN_PATH=/home/goutev/LEAN4/info-geometry-lean/lean/.lake/packages/Cli/.lake/build/lib/lean:/home/goutev/LEAN4/info-geometry-lean/lean/.lake/packages/batteries/.lake/build/lib/lean:/home/goutev/LEAN4/info-geometry-lean/lean/.lake/packages/Qq/.lake/build/lib/lean:/home/goutev/LEAN4/info-geometry-lean/lean/.lake/packages/aesop/.lake/build/lib/lean:/home/goutev/LEAN4/info-geometry-lean/lean/.lake/packages/proofwidgets/.lake/build/lib/lean:/home/goutev/LEAN4/info-geometry-lean/lean/.lake/packages/importGraph/.lake/build/lib/lean:/home/goutev/LEAN4/info-geometry-lean/lean/.lake/packages/LeanSearchClient/.lake/build/lib/lean:/home/goutev/LEAN4/info-geometry-lean/lean/.lake/packages/plausible/.lake/build/lib/lean:/home/goutev/LEAN4/info-geometry-lean/lean/.lake/packages/mathlib/.lake/build/lib/lean:/home/goutev/LEAN4/info-geometry-lean/lean/.lake/build/lib/lean /home/goutev/.elan/toolchains/leanprover--lean4---v4.28.0/bin/lean /home/goutev/LEAN4/info-geometry-lean/lean/.lake/packages/aesop/Aesop/Util/OrderedHashSet.lean -o /home/goutev/LEAN4/info-geometry-lean/lean/.lake/packages/aesop/.lake/build/lib/lean/Aesop/Util/OrderedHashSet.olean -i /home/goutev/LEAN4/info-geometry-lean/lean/.lake/packages/aesop/.lake/build/lib/lean/Aesop/Util/OrderedHashSet.ilean -c /home/goutev/LEAN4/info-geometry-lean/lean/.lake/packages/aesop/.lake/build/ir/Aesop/Util/OrderedHashSet.c --setup /home/goutev/LEAN4/info-geometry-lean/lean/.lake/packages/aesop/.lake/build/ir/Aesop/Util/OrderedHashSet.setup.json --json
ℹ [33/531] Built Aesop.RuleSet.Name (2.0s)
trace: .> LEAN_PATH=/home/goutev/LEAN4/info-geometry-lean/lean/.lake/packages/Cli/.lake/build/lib/lean:/home/goutev/LEAN4/info-geometry-lean/lean/.lake/packages/batteries/.lake/build/lib/lean:/home/goutev/LEAN4/info-geometry-lean/lean/.lake/packages/Qq/.lake/build/lib/lean:/home/goutev/LEAN4/info-geometry-lean/lean/.lake/packages/aesop/.lake/build/lib/lean:/home/goutev/LEAN4/info-geometry-lean/lean/.lake/packages/proofwidgets/.lake/build/lib/lean:/home/goutev/LEAN4/info-geometry-lean/lean/.lake/packages/importGraph/.lake/build/lib/lean:/home/goutev/LEAN4/info-geometry-lean/lean/.lake/packages/LeanSearchClient/.lake/build/lib/lean:/home/goutev/LEAN4/info-geometry-lean/lean/.lake/packages/plausible/.lake/build/lib/lean:/home/goutev/LEAN4/info-geometry-lean/lean/.lake/packages/mathlib/.lake/build/lib/lean:/home/goutev/LEAN4/info-geometry-lean/lean/.lake/build/lib/lean /home/goutev/.elan/toolchains/leanprover--lean4---v4.28.0/bin/lean /home/goutev/LEAN4/info-geometry-lean/lean/.lake/packages/aesop/Aesop/RuleSet/Name.lean -o /home/goutev/LEAN4/info-geometry-lean/lean/.lake/packages/aesop/.lake/build/lib/lean/Aesop/RuleSet/Name.olean -i /home/goutev/LEAN4/info-geometry-lean/lean/.lake/packages/aesop/.lake/build/lib/lean/Aesop/RuleSet/Name.ilean -c /home/goutev/LEAN4/info-geometry-lean/lean/.lake/packages/aesop/.lake/build/ir/Aesop/RuleSet/Name.c --setup /home/goutev/LEAN4/info-geometry-lean/lean/.lake/packages/aesop/.lake/build/ir/Aesop/RuleSet/Name.setup.json --json
ℹ [34/531] Built Aesop.Percent (988ms)
trace: .> LEAN_PATH=/home/goutev/LEAN4/info-geometry-lean/lean/.lake/packages/Cli/.lake/build/lib/lean:/home/goutev/LEAN4/info-geometry-lean/lean/.lake/packages/batteries/.lake/build/lib/lean:/home/goutev/LEAN4/info-geometry-lean/lean/.lake/packages/Qq/.lake/build/lib/lean:/home/goutev/LEAN4/info-geometry-lean/lean/.lake/packages/aesop/.lake/build/lib/lean:/home/goutev/LEAN4/info-geometry-lean/lean/.lake/packages/proofwidgets/.lake/build/lib/lean:/home/goutev/LEAN4/info-geometry-lean/lean/.lake/packages/importGraph/.lake/build/lib/lean:/home/goutev/LEAN4/info-geometry-lean/lean/.lake/packages/LeanSearchClient/.lake/build/lib/lean:/home/goutev/LEAN4/info-geometry-lean/lean/.lake/packages/plausible/.lake/build/lib/lean:/home/goutev/LEAN4/info-geometry-lean/lean/.lake/packages/mathlib/.lake/build/lib/lean:/home/goutev/LEAN4/info-geometry-lean/lean/.lake/build/lib/lean /home/goutev/.elan/toolchains/leanprover--lean4---v4.28.0/bin/lean /home/goutev/LEAN4/info-geometry-lean/lean/.lake/packages/aesop/Aesop/Percent.lean -o /home/goutev/LEAN4/info-geometry-lean/lean/.lake/packages/aesop/.lake/build/lib/lean/Aesop/Percent.olean -i /home/goutev/LEAN4/info-geometry-lean/lean/.lake/packages/aesop/.lake/build/lib/lean/Aesop/Percent.ilean -c /home/goutev/LEAN4/info-geometry-lean/lean/.lake/packages/aesop/.lake/build/ir/Aesop/Percent.c --setup /home/goutev/LEAN4/info-geometry-lean/lean/.lake/packages/aesop/.lake/build/ir/Aesop/Percent.setup.json --json
ℹ [35/531] Built Aesop.Script.GoalWithMVars (1.0s)
trace: .> LEAN_PATH=/home/goutev/LEAN4/info-geometry-lean/lean/.lake/packages/Cli/.lake/build/lib/lean:/home/goutev/LEAN4/info-geometry-lean/lean/.lake/packages/batteries/.lake/build/lib/lean:/home/goutev/LEAN4/info-geometry-lean/lean/.lake/packages/Qq/.lake/build/lib/lean:/home/goutev/LEAN4/info-geometry-lean/lean/.lake/packages/aesop/.lake/build/lib/lean:/home/goutev/LEAN4/info-geometry-lean/lean/.lake/packages/proofwidgets/.lake/build/lib/lean:/home/goutev/LEAN4/info-geometry-lean/lean/.lake/packages/importGraph/.lake/build/lib/lean:/home/goutev/LEAN4/info-geometry-lean/lean/.lake/packages/LeanSearchClient/.lake/build/lib/lean:/home/goutev/LEAN4/info-geometry-lean/lean/.lake/packages/plausible/.lake/build/lib/lean:/home/goutev/LEAN4/info-geometry-lean/lean/.lake/packages/mathlib/.lake/build/lib/lean:/home/goutev/LEAN4/info-geometry-lean/lean/.lake/build/lib/lean /home/goutev/.elan/toolchains/leanprover--lean4---v4.28.0/bin/lean /home/goutev/LEAN4/info-geometry-lean/lean/.lake/packages/aesop/Aesop/Script/GoalWithMVars.lean -o /home/goutev/LEAN4/info-geometry-lean/lean/.lake/packages/aesop/.lake/build/lib/lean/Aesop/Script/GoalWithMVars.olean -i /home/goutev/LEAN4/info-geometry-lean/lean/.lake/packages/aesop/.lake/build/lib/lean/Aesop/Script/GoalWithMVars.ilean -c /home/goutev/LEAN4/info-geometry-lean/lean/.lake/packages/aesop/.lake/build/ir/Aesop/Script/GoalWithMVars.c --setup /home/goutev/LEAN4/info-geometry-lean/lean/.lake/packages/aesop/.lake/build/ir/Aesop/Script/GoalWithMVars.setup.json --json
ℹ [36/531] Built Aesop.ElabM (2.2s)
trace: .> LEAN_PATH=/home/goutev/LEAN4/info-geometry-lean/lean/.lake/packages/Cli/.lake/build/lib/lean:/home/goutev/LEAN4/info-geometry-lean/lean/.lake/packages/batteries/.lake/build/lib/lean:/home/goutev/LEAN4/info-geometry-lean/lean/.lake/packages/Qq/.lake/build/lib/lean:/home/goutev/LEAN4/info-geometry-lean/lean/.lake/packages/aesop/.lake/build/lib/lean:/home/goutev/LEAN4/info-geometry-lean/lean/.lake/packages/proofwidgets/.lake/build/lib/lean:/home/goutev/LEAN4/info-geometry-lean/lean/.lake/packages/importGraph/.lake/build/lib/lean:/home/goutev/LEAN4/info-geometry-lean/lean/.lake/packages/LeanSearchClient/.lake/build/lib/lean:/home/goutev/LEAN4/info-geometry-lean/lean/.lake/packages/plausible/.lake/build/lib/lean:/home/goutev/LEAN4/info-geometry-lean/lean/.lake/packages/mathlib/.lake/build/lib/lean:/home/goutev/LEAN4/info-geometry-lean/lean/.lake/build/lib/lean /home/goutev/.elan/toolchains/leanprover--lean4---v4.28.0/bin/lean /home/goutev/LEAN4/info-geometry-lean/lean/.lake/packages/aesop/Aesop/ElabM.lean -o /home/goutev/LEAN4/info-geometry-lean/lean/.lake/packages/aesop/.lake/build/lib/lean/Aesop/ElabM.olean -i /home/goutev/LEAN4/info-geometry-lean/lean/.lake/packages/aesop/.lake/build/lib/lean/Aesop/ElabM.ilean -c /home/goutev/LEAN4/info-geometry-lean/lean/.lake/packages/aesop/.lake/build/ir/Aesop/ElabM.c --setup /home/goutev/LEAN4/info-geometry-lean/lean/.lake/packages/aesop/.lake/build/ir/Aesop/ElabM.setup.json --json
ℹ [37/531] Built Aesop.Script.Tactic (2.0s)
trace: .> LEAN_PATH=/home/goutev/LEAN4/info-geometry-lean/lean/.lake/packages/Cli/.lake/build/lib/lean:/home/goutev/LEAN4/info-geometry-lean/lean/.lake/packages/batteries/.lake/build/lib/lean:/home/goutev/LEAN4/info-geometry-lean/lean/.lake/packages/Qq/.lake/build/lib/lean:/home/goutev/LEAN4/info-geometry-lean/lean/.lake/packages/aesop/.lake/build/lib/lean:/home/goutev/LEAN4/info-geometry-lean/lean/.lake/packages/proofwidgets/.lake/build/lib/lean:/home/goutev/LEAN4/info-geometry-lean/lean/.lake/packages/importGraph/.lake/build/lib/lean:/home/goutev/LEAN4/info-geometry-lean/lean/.lake/packages/LeanSearchClient/.lake/build/lib/lean:/home/goutev/LEAN4/info-geometry-lean/lean/.lake/packages/plausible/.lake/build/lib/lean:/home/goutev/LEAN4/info-geometry-lean/lean/.lake/packages/mathlib/.lake/build/lib/lean:/home/goutev/LEAN4/info-geometry-lean/lean/.lake/build/lib/lean /home/goutev/.elan/toolchains/leanprover--lean4---v4.28.0/bin/lean /home/goutev/LEAN4/info-geometry-lean/lean/.lake/packages/aesop/Aesop/Script/Tactic.lean -o /home/goutev/LEAN4/info-geometry-lean/lean/.lake/packages/aesop/.lake/build/lib/lean/Aesop/Script/Tactic.olean -i /home/goutev/LEAN4/info-geometry-lean/lean/.lake/packages/aesop/.lake/build/lib/lean/Aesop/Script/Tactic.ilean -c /home/goutev/LEAN4/info-geometry-lean/lean/.lake/packages/aesop/.lake/build/ir/Aesop/Script/Tactic.c --setup /home/goutev/LEAN4/info-geometry-lean/lean/.lake/packages/aesop/.lake/build/ir/Aesop/Script/Tactic.setup.json --json
ℹ [38/531] Built Aesop.Script.OptimizeSyntax (3.3s)
trace: .> LEAN_PATH=/home/goutev/LEAN4/info-geometry-lean/lean/.lake/packages/Cli/.lake/build/lib/lean:/home/goutev/LEAN4/info-geometry-lean/lean/.lake/packages/batteries/.lake/build/lib/lean:/home/goutev/LEAN4/info-geometry-lean/lean/.lake/packages/Qq/.lake/build/lib/lean:/home/goutev/LEAN4/info-geometry-lean/lean/.lake/packages/aesop/.lake/build/lib/lean:/home/goutev/LEAN4/info-geometry-lean/lean/.lake/packages/proofwidgets/.lake/build/lib/lean:/home/goutev/LEAN4/info-geometry-lean/lean/.lake/packages/importGraph/.lake/build/lib/lean:/home/goutev/LEAN4/info-geometry-lean/lean/.lake/packages/LeanSearchClient/.lake/build/lib/lean:/home/goutev/LEAN4/info-geometry-lean/lean/.lake/packages/plausible/.lake/build/lib/lean:/home/goutev/LEAN4/info-geometry-lean/lean/.lake/packages/mathlib/.lake/build/lib/lean:/home/goutev/LEAN4/info-geometry-lean/lean/.lake/build/lib/lean /home/goutev/.elan/toolchains/leanprover--lean4---v4.28.0/bin/lean /home/goutev/LEAN4/info-geometry-lean/lean/.lake/packages/aesop/Aesop/Script/OptimizeSyntax.lean -o /home/goutev/LEAN4/info-geometry-lean/lean/.lake/packages/aesop/.lake/build/lib/lean/Aesop/Script/OptimizeSyntax.olean -i /home/goutev/LEAN4/info-geometry-lean/lean/.lake/packages/aesop/.lake/build/lib/lean/Aesop/Script/OptimizeSyntax.ilean -c /home/goutev/LEAN4/info-geometry-lean/lean/.lake/packages/aesop/.lake/build/ir/Aesop/Script/OptimizeSyntax.c --setup /home/goutev/LEAN4/info-geometry-lean/lean/.lake/packages/aesop/.lake/build/ir/Aesop/Script/OptimizeSyntax.setup.json --json
ℹ [39/531] Built Aesop.Util.Unfold (3.1s)
trace: .> LEAN_PATH=/home/goutev/LEAN4/info-geometry-lean/lean/.lake/packages/Cli/.lake/build/lib/lean:/home/goutev/LEAN4/info-geometry-lean/lean/.lake/packages/batteries/.lake/build/lib/lean:/home/goutev/LEAN4/info-geometry-lean/lean/.lake/packages/Qq/.lake/build/lib/lean:/home/goutev/LEAN4/info-geometry-lean/lean/.lake/packages/aesop/.lake/build/lib/lean:/home/goutev/LEAN4/info-geometry-lean/lean/.lake/packages/proofwidgets/.lake/build/lib/lean:/home/goutev/LEAN4/info-geometry-lean/lean/.lake/packages/importGraph/.lake/build/lib/lean:/home/goutev/LEAN4/info-geometry-lean/lean/.lake/packages/LeanSearchClient/.lake/build/lib/lean:/home/goutev/LEAN4/info-geometry-lean/lean/.lake/packages/plausible/.lake/build/lib/lean:/home/goutev/LEAN4/info-geometry-lean/lean/.lake/packages/mathlib/.lake/build/lib/lean:/home/goutev/LEAN4/info-geometry-lean/lean/.lake/build/lib/lean /home/goutev/.elan/toolchains/leanprover--lean4---v4.28.0/bin/lean /home/goutev/LEAN4/info-geometry-lean/lean/.lake/packages/aesop/Aesop/Util/Unfold.lean -o /home/goutev/LEAN4/info-geometry-lean/lean/.lake/packages/aesop/.lake/build/lib/lean/Aesop/Util/Unfold.olean -i /home/goutev/LEAN4/info-geometry-lean/lean/.lake/packages/aesop/.lake/build/lib/lean/Aesop/Util/Unfold.ilean -c /home/goutev/LEAN4/info-geometry-lean/lean/.lake/packages/aesop/.lake/build/ir/Aesop/Util/Unfold.c --setup /home/goutev/LEAN4/info-geometry-lean/lean/.lake/packages/aesop/.lake/build/ir/Aesop/Util/Unfold.setup.json --json
ℹ [40/531] Built Aesop.RuleTac.FVarIdSubst (2.4s)
trace: .> LEAN_PATH=/home/goutev/LEAN4/info-geometry-lean/lean/.lake/packages/Cli/.lake/build/lib/lean:/home/goutev/LEAN4/info-geometry-lean/lean/.lake/packages/batteries/.lake/build/lib/lean:/home/goutev/LEAN4/info-geometry-lean/lean/.lake/packages/Qq/.lake/build/lib/lean:/home/goutev/LEAN4/info-geometry-lean/lean/.lake/packages/aesop/.lake/build/lib/lean:/home/goutev/LEAN4/info-geometry-lean/lean/.lake/packages/proofwidgets/.lake/build/lib/lean:/home/goutev/LEAN4/info-geometry-lean/lean/.lake/packages/importGraph/.lake/build/lib/lean:/home/goutev/LEAN4/info-geometry-lean/lean/.lake/packages/LeanSearchClient/.lake/build/lib/lean:/home/goutev/LEAN4/info-geometry-lean/lean/.lake/packages/plausible/.lake/build/lib/lean:/home/goutev/LEAN4/info-geometry-lean/lean/.lake/packages/mathlib/.lake/build/lib/lean:/home/goutev/LEAN4/info-geometry-lean/lean/.lake/build/lib/lean /home/goutev/.elan/toolchains/leanprover--lean4---v4.28.0/bin/lean /home/goutev/LEAN4/info-geometry-lean/lean/.lake/packages/aesop/Aesop/RuleTac/FVarIdSubst.lean -o /home/goutev/LEAN4/info-geometry-lean/lean/.lake/packages/aesop/.lake/build/lib/lean/Aesop/RuleTac/FVarIdSubst.olean -i /home/goutev/LEAN4/info-geometry-lean/lean/.lake/packages/aesop/.lake/build/lib/lean/Aesop/RuleTac/FVarIdSubst.ilean -c /home/goutev/LEAN4/info-geometry-lean/lean/.lake/packages/aesop/.lake/build/ir/Aesop/RuleTac/FVarIdSubst.c --setup /home/goutev/LEAN4/info-geometry-lean/lean/.lake/packages/aesop/.lake/build/ir/Aesop/RuleTac/FVarIdSubst.setup.json --json
ℹ [41/531] Built Aesop.Nanos (1.1s)
trace: .> LEAN_PATH=/home/goutev/LEAN4/info-geometry-lean/lean/.lake/packages/Cli/.lake/build/lib/lean:/home/goutev/LEAN4/info-geometry-lean/lean/.lake/packages/batteries/.lake/build/lib/lean:/home/goutev/LEAN4/info-geometry-lean/lean/.lake/packages/Qq/.lake/build/lib/lean:/home/goutev/LEAN4/info-geometry-lean/lean/.lake/packages/aesop/.lake/build/lib/lean:/home/goutev/LEAN4/info-geometry-lean/lean/.lake/packages/proofwidgets/.lake/build/lib/lean:/home/goutev/LEAN4/info-geometry-lean/lean/.lake/packages/importGraph/.lake/build/lib/lean:/home/goutev/LEAN4/info-geometry-lean/lean/.lake/packages/LeanSearchClient/.lake/build/lib/lean:/home/goutev/LEAN4/info-geometry-lean/lean/.lake/packages/plausible/.lake/build/lib/lean:/home/goutev/LEAN4/info-geometry-lean/lean/.lake/packages/mathlib/.lake/build/lib/lean:/home/goutev/LEAN4/info-geometry-lean/lean/.lake/build/lib/lean /home/goutev/.elan/toolchains/leanprover--lean4---v4.28.0/bin/lean /home/goutev/LEAN4/info-geometry-lean/lean/.lake/packages/aesop/Aesop/Nanos.lean -o /home/goutev/LEAN4/info-geometry-lean/lean/.lake/packages/aesop/.lake/build/lib/lean/Aesop/Nanos.olean -i /home/goutev/LEAN4/info-geometry-lean/lean/.lake/packages/aesop/.lake/build/lib/lean/Aesop/Nanos.ilean -c /home/goutev/LEAN4/info-geometry-lean/lean/.lake/packages/aesop/.lake/build/ir/Aesop/Nanos.c --setup /home/goutev/LEAN4/info-geometry-lean/lean/.lake/packages/aesop/.lake/build/ir/Aesop/Nanos.setup.json --json
ℹ [42/531] Built Aesop.Util.UnionFind (1.5s)
trace: .> LEAN_PATH=/home/goutev/LEAN4/info-geometry-lean/lean/.lake/packages/Cli/.lake/build/lib/lean:/home/goutev/LEAN4/info-geometry-lean/lean/.lake/packages/batteries/.lake/build/lib/lean:/home/goutev/LEAN4/info-geometry-lean/lean/.lake/packages/Qq/.lake/build/lib/lean:/home/goutev/LEAN4/info-geometry-lean/lean/.lake/packages/aesop/.lake/build/lib/lean:/home/goutev/LEAN4/info-geometry-lean/lean/.lake/packages/proofwidgets/.lake/build/lib/lean:/home/goutev/LEAN4/info-geometry-lean/lean/.lake/packages/importGraph/.lake/build/lib/lean:/home/goutev/LEAN4/info-geometry-lean/lean/.lake/packages/LeanSearchClient/.lake/build/lib/lean:/home/goutev/LEAN4/info-geometry-lean/lean/.lake/packages/plausible/.lake/build/lib/lean:/home/goutev/LEAN4/info-geometry-lean/lean/.lake/packages/mathlib/.lake/build/lib/lean:/home/goutev/LEAN4/info-geometry-lean/lean/.lake/build/lib/lean /home/goutev/.elan/toolchains/leanprover--lean4---v4.28.0/bin/lean /home/goutev/LEAN4/info-geometry-lean/lean/.lake/packages/aesop/Aesop/Util/UnionFind.lean -o /home/goutev/LEAN4/info-geometry-lean/lean/.lake/packages/aesop/.lake/build/lib/lean/Aesop/Util/UnionFind.olean -i /home/goutev/LEAN4/info-geometry-lean/lean/.lake/packages/aesop/.lake/build/lib/lean/Aesop/Util/UnionFind.ilean -c /home/goutev/LEAN4/info-geometry-lean/lean/.lake/packages/aesop/.lake/build/ir/Aesop/Util/UnionFind.c --setup /home/goutev/LEAN4/info-geometry-lean/lean/.lake/packages/aesop/.lake/build/ir/Aesop/Util/UnionFind.setup.json --json
ℹ [43/531] Built Aesop.Forward.SlotIndex (956ms)
trace: .> LEAN_PATH=/home/goutev/LEAN4/info-geometry-lean/lean/.lake/packages/Cli/.lake/build/lib/lean:/home/goutev/LEAN4/info-geometry-lean/lean/.lake/packages/batteries/.lake/build/lib/lean:/home/goutev/LEAN4/info-geometry-lean/lean/.lake/packages/Qq/.lake/build/lib/lean:/home/goutev/LEAN4/info-geometry-lean/lean/.lake/packages/aesop/.lake/build/lib/lean:/home/goutev/LEAN4/info-geometry-lean/lean/.lake/packages/proofwidgets/.lake/build/lib/lean:/home/goutev/LEAN4/info-geometry-lean/lean/.lake/packages/importGraph/.lake/build/lib/lean:/home/goutev/LEAN4/info-geometry-lean/lean/.lake/packages/LeanSearchClient/.lake/build/lib/lean:/home/goutev/LEAN4/info-geometry-lean/lean/.lake/packages/plausible/.lake/build/lib/lean:/home/goutev/LEAN4/info-geometry-lean/lean/.lake/packages/mathlib/.lake/build/lib/lean:/home/goutev/LEAN4/info-geometry-lean/lean/.lake/build/lib/lean /home/goutev/.elan/toolchains/leanprover--lean4---v4.28.0/bin/lean /home/goutev/LEAN4/info-geometry-lean/lean/.lake/packages/aesop/Aesop/Forward/SlotIndex.lean -o /home/goutev/LEAN4/info-geometry-lean/lean/.lake/packages/aesop/.lake/build/lib/lean/Aesop/Forward/SlotIndex.olean -i /home/goutev/LEAN4/info-geometry-lean/lean/.lake/packages/aesop/.lake/build/lib/lean/Aesop/Forward/SlotIndex.ilean -c /home/goutev/LEAN4/info-geometry-lean/lean/.lake/packages/aesop/.lake/build/ir/Aesop/Forward/SlotIndex.c --setup /home/goutev/LEAN4/info-geometry-lean/lean/.lake/packages/aesop/.lake/build/ir/Aesop/Forward/SlotIndex.setup.json --json
ℹ [44/531] Built Aesop.Forward.LevelIndex (1000ms)
trace: .> LEAN_PATH=/home/goutev/LEAN4/info-geometry-lean/lean/.lake/packages/Cli/.lake/build/lib/lean:/home/goutev/LEAN4/info-geometry-lean/lean/.lake/packages/batteries/.lake/build/lib/lean:/home/goutev/LEAN4/info-geometry-lean/lean/.lake/packages/Qq/.lake/build/lib/lean:/home/goutev/LEAN4/info-geometry-lean/lean/.lake/packages/aesop/.lake/build/lib/lean:/home/goutev/LEAN4/info-geometry-lean/lean/.lake/packages/proofwidgets/.lake/build/lib/lean:/home/goutev/LEAN4/info-geometry-lean/lean/.lake/packages/importGraph/.lake/build/lib/lean:/home/goutev/LEAN4/info-geometry-lean/lean/.lake/packages/LeanSearchClient/.lake/build/lib/lean:/home/goutev/LEAN4/info-geometry-lean/lean/.lake/packages/plausible/.lake/build/lib/lean:/home/goutev/LEAN4/info-geometry-lean/lean/.lake/packages/mathlib/.lake/build/lib/lean:/home/goutev/LEAN4/info-geometry-lean/lean/.lake/build/lib/lean /home/goutev/.elan/toolchains/leanprover--lean4---v4.28.0/bin/lean /home/goutev/LEAN4/info-geometry-lean/lean/.lake/packages/aesop/Aesop/Forward/LevelIndex.lean -o /home/goutev/LEAN4/info-geometry-lean/lean/.lake/packages/aesop/.lake/build/lib/lean/Aesop/Forward/LevelIndex.olean -i /home/goutev/LEAN4/info-geometry-lean/lean/.lake/packages/aesop/.lake/build/lib/lean/Aesop/Forward/LevelIndex.ilean -c /home/goutev/LEAN4/info-geometry-lean/lean/.lake/packages/aesop/.lake/build/ir/Aesop/Forward/LevelIndex.c --setup /home/goutev/LEAN4/info-geometry-lean/lean/.lake/packages/aesop/.lake/build/ir/Aesop/Forward/LevelIndex.setup.json --json
ℹ [45/531] Built Aesop.Forward.PremiseIndex (956ms)
trace: .> LEAN_PATH=/home/goutev/LEAN4/info-geometry-lean/lean/.lake/packages/Cli/.lake/build/lib/lean:/home/goutev/LEAN4/info-geometry-lean/lean/.lake/packages/batteries/.lake/build/lib/lean:/home/goutev/LEAN4/info-geometry-lean/lean/.lake/packages/Qq/.lake/build/lib/lean:/home/goutev/LEAN4/info-geometry-lean/lean/.lake/packages/aesop/.lake/build/lib/lean:/home/goutev/LEAN4/info-geometry-lean/lean/.lake/packages/proofwidgets/.lake/build/lib/lean:/home/goutev/LEAN4/info-geometry-lean/lean/.lake/packages/importGraph/.lake/build/lib/lean:/home/goutev/LEAN4/info-geometry-lean/lean/.lake/packages/LeanSearchClient/.lake/build/lib/lean:/home/goutev/LEAN4/info-geometry-lean/lean/.lake/packages/plausible/.lake/build/lib/lean:/home/goutev/LEAN4/info-geometry-lean/lean/.lake/packages/mathlib/.lake/build/lib/lean:/home/goutev/LEAN4/info-geometry-lean/lean/.lake/build/lib/lean /home/goutev/.elan/toolchains/leanprover--lean4---v4.28.0/bin/lean /home/goutev/LEAN4/info-geometry-lean/lean/.lake/packages/aesop/Aesop/Forward/PremiseIndex.lean -o /home/goutev/LEAN4/info-geometry-lean/lean/.lake/packages/aesop/.lake/build/lib/lean/Aesop/Forward/PremiseIndex.olean -i /home/goutev/LEAN4/info-geometry-lean/lean/.lake/packages/aesop/.lake/build/lib/lean/Aesop/Forward/PremiseIndex.ilean -c /home/goutev/LEAN4/info-geometry-lean/lean/.lake/packages/aesop/.lake/build/ir/Aesop/Forward/PremiseIndex.c --setup /home/goutev/LEAN4/info-geometry-lean/lean/.lake/packages/aesop/.lake/build/ir/Aesop/Forward/PremiseIndex.setup.json --json
ℹ [46/531] Built Aesop.Rule.Name (2.1s)
trace: .> LEAN_PATH=/home/goutev/LEAN4/info-geometry-lean/lean/.lake/packages/Cli/.lake/build/lib/lean:/home/goutev/LEAN4/info-geometry-lean/lean/.lake/packages/batteries/.lake/build/lib/lean:/home/goutev/LEAN4/info-geometry-lean/lean/.lake/packages/Qq/.lake/build/lib/lean:/home/goutev/LEAN4/info-geometry-lean/lean/.lake/packages/aesop/.lake/build/lib/lean:/home/goutev/LEAN4/info-geometry-lean/lean/.lake/packages/proofwidgets/.lake/build/lib/lean:/home/goutev/LEAN4/info-geometry-lean/lean/.lake/packages/importGraph/.lake/build/lib/lean:/home/goutev/LEAN4/info-geometry-lean/lean/.lake/packages/LeanSearchClient/.lake/build/lib/lean:/home/goutev/LEAN4/info-geometry-lean/lean/.lake/packages/plausible/.lake/build/lib/lean:/home/goutev/LEAN4/info-geometry-lean/lean/.lake/packages/mathlib/.lake/build/lib/lean:/home/goutev/LEAN4/info-geometry-lean/lean/.lake/build/lib/lean /home/goutev/.elan/toolchains/leanprover--lean4---v4.28.0/bin/lean /home/goutev/LEAN4/info-geometry-lean/lean/.lake/packages/aesop/Aesop/Rule/Name.lean -o /home/goutev/LEAN4/info-geometry-lean/lean/.lake/packages/aesop/.lake/build/lib/lean/Aesop/Rule/Name.olean -i /home/goutev/LEAN4/info-geometry-lean/lean/.lake/packages/aesop/.lake/build/lib/lean/Aesop/Rule/Name.ilean -c /home/goutev/LEAN4/info-geometry-lean/lean/.lake/packages/aesop/.lake/build/ir/Aesop/Rule/Name.c --setup /home/goutev/LEAN4/info-geometry-lean/lean/.lake/packages/aesop/.lake/build/ir/Aesop/Rule/Name.setup.json --json
ℹ [47/531] Built Aesop.Index.DiscrTreeConfig (2.1s)
trace: .> LEAN_PATH=/home/goutev/LEAN4/info-geometry-lean/lean/.lake/packages/Cli/.lake/build/lib/lean:/home/goutev/LEAN4/info-geometry-lean/lean/.lake/packages/batteries/.lake/build/lib/lean:/home/goutev/LEAN4/info-geometry-lean/lean/.lake/packages/Qq/.lake/build/lib/lean:/home/goutev/LEAN4/info-geometry-lean/lean/.lake/packages/aesop/.lake/build/lib/lean:/home/goutev/LEAN4/info-geometry-lean/lean/.lake/packages/proofwidgets/.lake/build/lib/lean:/home/goutev/LEAN4/info-geometry-lean/lean/.lake/packages/importGraph/.lake/build/lib/lean:/home/goutev/LEAN4/info-geometry-lean/lean/.lake/packages/LeanSearchClient/.lake/build/lib/lean:/home/goutev/LEAN4/info-geometry-lean/lean/.lake/packages/plausible/.lake/build/lib/lean:/home/goutev/LEAN4/info-geometry-lean/lean/.lake/packages/mathlib/.lake/build/lib/lean:/home/goutev/LEAN4/info-geometry-lean/lean/.lake/build/lib/lean /home/goutev/.elan/toolchains/leanprover--lean4---v4.28.0/bin/lean /home/goutev/LEAN4/info-geometry-lean/lean/.lake/packages/aesop/Aesop/Index/DiscrTreeConfig.lean -o /home/goutev/LEAN4/info-geometry-lean/lean/.lake/packages/aesop/.lake/build/lib/lean/Aesop/Index/DiscrTreeConfig.olean -i /home/goutev/LEAN4/info-geometry-lean/lean/.lake/packages/aesop/.lake/build/lib/lean/Aesop/Index/DiscrTreeConfig.ilean -c /home/goutev/LEAN4/info-geometry-lean/lean/.lake/packages/aesop/.lake/build/ir/Aesop/Index/DiscrTreeConfig.c --setup /home/goutev/LEAN4/info-geometry-lean/lean/.lake/packages/aesop/.lake/build/ir/Aesop/Index/DiscrTreeConfig.setup.json --json
ℹ [48/531] Built Aesop.Check (1.4s)
trace: .> LEAN_PATH=/home/goutev/LEAN4/info-geometry-lean/lean/.lake/packages/Cli/.lake/build/lib/lean:/home/goutev/LEAN4/info-geometry-lean/lean/.lake/packages/batteries/.lake/build/lib/lean:/home/goutev/LEAN4/info-geometry-lean/lean/.lake/packages/Qq/.lake/build/lib/lean:/home/goutev/LEAN4/info-geometry-lean/lean/.lake/packages/aesop/.lake/build/lib/lean:/home/goutev/LEAN4/info-geometry-lean/lean/.lake/packages/proofwidgets/.lake/build/lib/lean:/home/goutev/LEAN4/info-geometry-lean/lean/.lake/packages/importGraph/.lake/build/lib/lean:/home/goutev/LEAN4/info-geometry-lean/lean/.lake/packages/LeanSearchClient/.lake/build/lib/lean:/home/goutev/LEAN4/info-geometry-lean/lean/.lake/packages/plausible/.lake/build/lib/lean:/home/goutev/LEAN4/info-geometry-lean/lean/.lake/packages/mathlib/.lake/build/lib/lean:/home/goutev/LEAN4/info-geometry-lean/lean/.lake/build/lib/lean /home/goutev/.elan/toolchains/leanprover--lean4---v4.28.0/bin/lean /home/goutev/LEAN4/info-geometry-lean/lean/.lake/packages/aesop/Aesop/Check.lean -o /home/goutev/LEAN4/info-geometry-lean/lean/.lake/packages/aesop/.lake/build/lib/lean/Aesop/Check.olean -i /home/goutev/LEAN4/info-geometry-lean/lean/.lake/packages/aesop/.lake/build/lib/lean/Aesop/Check.ilean -c /home/goutev/LEAN4/info-geometry-lean/lean/.lake/packages/aesop/.lake/build/ir/Aesop/Check.c --setup /home/goutev/LEAN4/info-geometry-lean/lean/.lake/packages/aesop/.lake/build/ir/Aesop/Check.setup.json --json
ℹ [49/531] Built Batteries.Data.List.Init.Lemmas (818ms)
trace: .> LEAN_PATH=/home/goutev/LEAN4/info-geometry-lean/lean/.lake/packages/Cli/.lake/build/lib/lean:/home/goutev/LEAN4/info-geometry-lean/lean/.lake/packages/batteries/.lake/build/lib/lean:/home/goutev/LEAN4/info-geometry-lean/lean/.lake/packages/Qq/.lake/build/lib/lean:/home/goutev/LEAN4/info-geometry-lean/lean/.lake/packages/aesop/.lake/build/lib/lean:/home/goutev/LEAN4/info-geometry-lean/lean/.lake/packages/proofwidgets/.lake/build/lib/lean:/home/goutev/LEAN4/info-geometry-lean/lean/.lake/packages/importGraph/.lake/build/lib/lean:/home/goutev/LEAN4/info-geometry-lean/lean/.lake/packages/LeanSearchClient/.lake/build/lib/lean:/home/goutev/LEAN4/info-geometry-lean/lean/.lake/packages/plausible/.lake/build/lib/lean:/home/goutev/LEAN4/info-geometry-lean/lean/.lake/packages/mathlib/.lake/build/lib/lean:/home/goutev/LEAN4/info-geometry-lean/lean/.lake/build/lib/lean /home/goutev/.elan/toolchains/leanprover--lean4---v4.28.0/bin/lean /home/goutev/LEAN4/info-geometry-lean/lean/.lake/packages/batteries/Batteries/Data/List/Init/Lemmas.lean -o /home/goutev/LEAN4/info-geometry-lean/lean/.lake/packages/batteries/.lake/build/lib/lean/Batteries/Data/List/Init/Lemmas.olean -i /home/goutev/LEAN4/info-geometry-lean/lean/.lake/packages/batteries/.lake/build/lib/lean/Batteries/Data/List/Init/Lemmas.ilean -c /home/goutev/LEAN4/info-geometry-lean/lean/.lake/packages/batteries/.lake/build/ir/Batteries/Data/List/Init/Lemmas.c --setup /home/goutev/LEAN4/info-geometry-lean/lean/.lake/packages/batteries/.lake/build/ir/Batteries/Data/List/Init/Lemmas.setup.json --json
ℹ [50/531] Built Batteries.Data.List.ArrayMap (960ms)
trace: .> LEAN_PATH=/home/goutev/LEAN4/info-geometry-lean/lean/.lake/packages/Cli/.lake/build/lib/lean:/home/goutev/LEAN4/info-geometry-lean/lean/.lake/packages/batteries/.lake/build/lib/lean:/home/goutev/LEAN4/info-geometry-lean/lean/.lake/packages/Qq/.lake/build/lib/lean:/home/goutev/LEAN4/info-geometry-lean/lean/.lake/packages/aesop/.lake/build/lib/lean:/home/goutev/LEAN4/info-geometry-lean/lean/.lake/packages/proofwidgets/.lake/build/lib/lean:/home/goutev/LEAN4/info-geometry-lean/lean/.lake/packages/importGraph/.lake/build/lib/lean:/home/goutev/LEAN4/info-geometry-lean/lean/.lake/packages/LeanSearchClient/.lake/build/lib/lean:/home/goutev/LEAN4/info-geometry-lean/lean/.lake/packages/plausible/.lake/build/lib/lean:/home/goutev/LEAN4/info-geometry-lean/lean/.lake/packages/mathlib/.lake/build/lib/lean:/home/goutev/LEAN4/info-geometry-lean/lean/.lake/build/lib/lean /home/goutev/.elan/toolchains/leanprover--lean4---v4.28.0/bin/lean /home/goutev/LEAN4/info-geometry-lean/lean/.lake/packages/batteries/Batteries/Data/List/ArrayMap.lean -o /home/goutev/LEAN4/info-geometry-lean/lean/.lake/packages/batteries/.lake/build/lib/lean/Batteries/Data/List/ArrayMap.olean -i /home/goutev/LEAN4/info-geometry-lean/lean/.lake/packages/batteries/.lake/build/lib/lean/Batteries/Data/List/ArrayMap.ilean -c /home/goutev/LEAN4/info-geometry-lean/lean/.lake/packages/batteries/.lake/build/ir/Batteries/Data/List/ArrayMap.c --setup /home/goutev/LEAN4/info-geometry-lean/lean/.lake/packages/batteries/.lake/build/ir/Batteries/Data/List/ArrayMap.setup.json --json
ℹ [51/531] Built Batteries.Util.Cache (1.9s)
trace: .> LEAN_PATH=/home/goutev/LEAN4/info-geometry-lean/lean/.lake/packages/Cli/.lake/build/lib/lean:/home/goutev/LEAN4/info-geometry-lean/lean/.lake/packages/batteries/.lake/build/lib/lean:/home/goutev/LEAN4/info-geometry-lean/lean/.lake/packages/Qq/.lake/build/lib/lean:/home/goutev/LEAN4/info-geometry-lean/lean/.lake/packages/aesop/.lake/build/lib/lean:/home/goutev/LEAN4/info-geometry-lean/lean/.lake/packages/proofwidgets/.lake/build/lib/lean:/home/goutev/LEAN4/info-geometry-lean/lean/.lake/packages/importGraph/.lake/build/lib/lean:/home/goutev/LEAN4/info-geometry-lean/lean/.lake/packages/LeanSearchClient/.lake/build/lib/lean:/home/goutev/LEAN4/info-geometry-lean/lean/.lake/packages/plausible/.lake/build/lib/lean:/home/goutev/LEAN4/info-geometry-lean/lean/.lake/packages/mathlib/.lake/build/lib/lean:/home/goutev/LEAN4/info-geometry-lean/lean/.lake/build/lib/lean /home/goutev/.elan/toolchains/leanprover--lean4---v4.28.0/bin/lean /home/goutev/LEAN4/info-geometry-lean/lean/.lake/packages/batteries/Batteries/Util/Cache.lean -o /home/goutev/LEAN4/info-geometry-lean/lean/.lake/packages/batteries/.lake/build/lib/lean/Batteries/Util/Cache.olean -i /home/goutev/LEAN4/info-geometry-lean/lean/.lake/packages/batteries/.lake/build/lib/lean/Batteries/Util/Cache.ilean -c /home/goutev/LEAN4/info-geometry-lean/lean/.lake/packages/batteries/.lake/build/ir/Batteries/Util/Cache.c --setup /home/goutev/LEAN4/info-geometry-lean/lean/.lake/packages/batteries/.lake/build/ir/Batteries/Util/Cache.setup.json --json
ℹ [52/531] Built Batteries.Lean.EStateM (1.0s)
trace: .> LEAN_PATH=/home/goutev/LEAN4/info-geometry-lean/lean/.lake/packages/Cli/.lake/build/lib/lean:/home/goutev/LEAN4/info-geometry-lean/lean/.lake/packages/batteries/.lake/build/lib/lean:/home/goutev/LEAN4/info-geometry-lean/lean/.lake/packages/Qq/.lake/build/lib/lean:/home/goutev/LEAN4/info-geometry-lean/lean/.lake/packages/aesop/.lake/build/lib/lean:/home/goutev/LEAN4/info-geometry-lean/lean/.lake/packages/proofwidgets/.lake/build/lib/lean:/home/goutev/LEAN4/info-geometry-lean/lean/.lake/packages/importGraph/.lake/build/lib/lean:/home/goutev/LEAN4/info-geometry-lean/lean/.lake/packages/LeanSearchClient/.lake/build/lib/lean:/home/goutev/LEAN4/info-geometry-lean/lean/.lake/packages/plausible/.lake/build/lib/lean:/home/goutev/LEAN4/info-geometry-lean/lean/.lake/packages/mathlib/.lake/build/lib/lean:/home/goutev/LEAN4/info-geometry-lean/lean/.lake/build/lib/lean /home/goutev/.elan/toolchains/leanprover--lean4---v4.28.0/bin/lean /home/goutev/LEAN4/info-geometry-lean/lean/.lake/packages/batteries/Batteries/Lean/EStateM.lean -o /home/goutev/LEAN4/info-geometry-lean/lean/.lake/packages/batteries/.lake/build/lib/lean/Batteries/Lean/EStateM.olean -i /home/goutev/LEAN4/info-geometry-lean/lean/.lake/packages/batteries/.lake/build/lib/lean/Batteries/Lean/EStateM.ilean -c /home/goutev/LEAN4/info-geometry-lean/lean/.lake/packages/batteries/.lake/build/ir/Batteries/Lean/EStateM.c --setup /home/goutev/LEAN4/info-geometry-lean/lean/.lake/packages/batteries/.lake/build/ir/Batteries/Lean/EStateM.setup.json --json
ℹ [53/531] Built Batteries.Lean.Position (1.2s)
trace: .> LEAN_PATH=/home/goutev/LEAN4/info-geometry-lean/lean/.lake/packages/Cli/.lake/build/lib/lean:/home/goutev/LEAN4/info-geometry-lean/lean/.lake/packages/batteries/.lake/build/lib/lean:/home/goutev/LEAN4/info-geometry-lean/lean/.lake/packages/Qq/.lake/build/lib/lean:/home/goutev/LEAN4/info-geometry-lean/lean/.lake/packages/aesop/.lake/build/lib/lean:/home/goutev/LEAN4/info-geometry-lean/lean/.lake/packages/proofwidgets/.lake/build/lib/lean:/home/goutev/LEAN4/info-geometry-lean/lean/.lake/packages/importGraph/.lake/build/lib/lean:/home/goutev/LEAN4/info-geometry-lean/lean/.lake/packages/LeanSearchClient/.lake/build/lib/lean:/home/goutev/LEAN4/info-geometry-lean/lean/.lake/packages/plausible/.lake/build/lib/lean:/home/goutev/LEAN4/info-geometry-lean/lean/.lake/packages/mathlib/.lake/build/lib/lean:/home/goutev/LEAN4/info-geometry-lean/lean/.lake/build/lib/lean /home/goutev/.elan/toolchains/leanprover--lean4---v4.28.0/bin/lean /home/goutev/LEAN4/info-geometry-lean/lean/.lake/packages/batteries/Batteries/Lean/Position.lean -o /home/goutev/LEAN4/info-geometry-lean/lean/.lake/packages/batteries/.lake/build/lib/lean/Batteries/Lean/Position.olean -i /home/goutev/LEAN4/info-geometry-lean/lean/.lake/packages/batteries/.lake/build/lib/lean/Batteries/Lean/Position.ilean -c /home/goutev/LEAN4/info-geometry-lean/lean/.lake/packages/batteries/.lake/build/ir/Batteries/Lean/Position.c --setup /home/goutev/LEAN4/info-geometry-lean/lean/.lake/packages/batteries/.lake/build/ir/Batteries/Lean/Position.setup.json --json
ℹ [54/531] Built Batteries.Lean.Syntax (744ms)
trace: .> LEAN_PATH=/home/goutev/LEAN4/info-geometry-lean/lean/.lake/packages/Cli/.lake/build/lib/lean:/home/goutev/LEAN4/info-geometry-lean/lean/.lake/packages/batteries/.lake/build/lib/lean:/home/goutev/LEAN4/info-geometry-lean/lean/.lake/packages/Qq/.lake/build/lib/lean:/home/goutev/LEAN4/info-geometry-lean/lean/.lake/packages/aesop/.lake/build/lib/lean:/home/goutev/LEAN4/info-geometry-lean/lean/.lake/packages/proofwidgets/.lake/build/lib/lean:/home/goutev/LEAN4/info-geometry-lean/lean/.lake/packages/importGraph/.lake/build/lib/lean:/home/goutev/LEAN4/info-geometry-lean/lean/.lake/packages/LeanSearchClient/.lake/build/lib/lean:/home/goutev/LEAN4/info-geometry-lean/lean/.lake/packages/plausible/.lake/build/lib/lean:/home/goutev/LEAN4/info-geometry-lean/lean/.lake/packages/mathlib/.lake/build/lib/lean:/home/goutev/LEAN4/info-geometry-lean/lean/.lake/build/lib/lean /home/goutev/.elan/toolchains/leanprover--lean4---v4.28.0/bin/lean /home/goutev/LEAN4/info-geometry-lean/lean/.lake/packages/batteries/Batteries/Lean/Syntax.lean -o /home/goutev/LEAN4/info-geometry-lean/lean/.lake/packages/batteries/.lake/build/lib/lean/Batteries/Lean/Syntax.olean -i /home/goutev/LEAN4/info-geometry-lean/lean/.lake/packages/batteries/.lake/build/lib/lean/Batteries/Lean/Syntax.ilean -c /home/goutev/LEAN4/info-geometry-lean/lean/.lake/packages/batteries/.lake/build/ir/Batteries/Lean/Syntax.c --setup /home/goutev/LEAN4/info-geometry-lean/lean/.lake/packages/batteries/.lake/build/ir/Batteries/Lean/Syntax.setup.json --json
ℹ [55/531] Built Batteries.Data.Array.Match (2.8s)
trace: .> LEAN_PATH=/home/goutev/LEAN4/info-geometry-lean/lean/.lake/packages/Cli/.lake/build/lib/lean:/home/goutev/LEAN4/info-geometry-lean/lean/.lake/packages/batteries/.lake/build/lib/lean:/home/goutev/LEAN4/info-geometry-lean/lean/.lake/packages/Qq/.lake/build/lib/lean:/home/goutev/LEAN4/info-geometry-lean/lean/.lake/packages/aesop/.lake/build/lib/lean:/home/goutev/LEAN4/info-geometry-lean/lean/.lake/packages/proofwidgets/.lake/build/lib/lean:/home/goutev/LEAN4/info-geometry-lean/lean/.lake/packages/importGraph/.lake/build/lib/lean:/home/goutev/LEAN4/info-geometry-lean/lean/.lake/packages/LeanSearchClient/.lake/build/lib/lean:/home/goutev/LEAN4/info-geometry-lean/lean/.lake/packages/plausible/.lake/build/lib/lean:/home/goutev/LEAN4/info-geometry-lean/lean/.lake/packages/mathlib/.lake/build/lib/lean:/home/goutev/LEAN4/info-geometry-lean/lean/.lake/build/lib/lean /home/goutev/.elan/toolchains/leanprover--lean4---v4.28.0/bin/lean /home/goutev/LEAN4/info-geometry-lean/lean/.lake/packages/batteries/Batteries/Data/Array/Match.lean -o /home/goutev/LEAN4/info-geometry-lean/lean/.lake/packages/batteries/.lake/build/lib/lean/Batteries/Data/Array/Match.olean -i /home/goutev/LEAN4/info-geometry-lean/lean/.lake/packages/batteries/.lake/build/lib/lean/Batteries/Data/Array/Match.ilean -c /home/goutev/LEAN4/info-geometry-lean/lean/.lake/packages/batteries/.lake/build/ir/Batteries/Data/Array/Match.c --setup /home/goutev/LEAN4/info-geometry-lean/lean/.lake/packages/batteries/.lake/build/ir/Batteries/Data/Array/Match.setup.json --json
ℹ [56/531] Built Aesop.Options.Public (3.2s)
trace: .> LEAN_PATH=/home/goutev/LEAN4/info-geometry-lean/lean/.lake/packages/Cli/.lake/build/lib/lean:/home/goutev/LEAN4/info-geometry-lean/lean/.lake/packages/batteries/.lake/build/lib/lean:/home/goutev/LEAN4/info-geometry-lean/lean/.lake/packages/Qq/.lake/build/lib/lean:/home/goutev/LEAN4/info-geometry-lean/lean/.lake/packages/aesop/.lake/build/lib/lean:/home/goutev/LEAN4/info-geometry-lean/lean/.lake/packages/proofwidgets/.lake/build/lib/lean:/home/goutev/LEAN4/info-geometry-lean/lean/.lake/packages/importGraph/.lake/build/lib/lean:/home/goutev/LEAN4/info-geometry-lean/lean/.lake/packages/LeanSearchClient/.lake/build/lib/lean:/home/goutev/LEAN4/info-geometry-lean/lean/.lake/packages/plausible/.lake/build/lib/lean:/home/goutev/LEAN4/info-geometry-lean/lean/.lake/packages/mathlib/.lake/build/lib/lean:/home/goutev/LEAN4/info-geometry-lean/lean/.lake/build/lib/lean /home/goutev/.elan/toolchains/leanprover--lean4---v4.28.0/bin/lean /home/goutev/LEAN4/info-geometry-lean/lean/.lake/packages/aesop/Aesop/Options/Public.lean -o /home/goutev/LEAN4/info-geometry-lean/lean/.lake/packages/aesop/.lake/build/lib/lean/Aesop/Options/Public.olean -i /home/goutev/LEAN4/info-geometry-lean/lean/.lake/packages/aesop/.lake/build/lib/lean/Aesop/Options/Public.ilean -c /home/goutev/LEAN4/info-geometry-lean/lean/.lake/packages/aesop/.lake/build/ir/Aesop/Options/Public.c --setup /home/goutev/LEAN4/info-geometry-lean/lean/.lake/packages/aesop/.lake/build/ir/Aesop/Options/Public.setup.json --json
ℹ [57/531] Built Batteries.Lean.Except (1.2s)
trace: .> LEAN_PATH=/home/goutev/LEAN4/info-geometry-lean/lean/.lake/packages/Cli/.lake/build/lib/lean:/home/goutev/LEAN4/info-geometry-lean/lean/.lake/packages/batteries/.lake/build/lib/lean:/home/goutev/LEAN4/info-geometry-lean/lean/.lake/packages/Qq/.lake/build/lib/lean:/home/goutev/LEAN4/info-geometry-lean/lean/.lake/packages/aesop/.lake/build/lib/lean:/home/goutev/LEAN4/info-geometry-lean/lean/.lake/packages/proofwidgets/.lake/build/lib/lean:/home/goutev/LEAN4/info-geometry-lean/lean/.lake/packages/importGraph/.lake/build/lib/lean:/home/goutev/LEAN4/info-geometry-lean/lean/.lake/packages/LeanSearchClient/.lake/build/lib/lean:/home/goutev/LEAN4/info-geometry-lean/lean/.lake/packages/plausible/.lake/build/lib/lean:/home/goutev/LEAN4/info-geometry-lean/lean/.lake/packages/mathlib/.lake/build/lib/lean:/home/goutev/LEAN4/info-geometry-lean/lean/.lake/build/lib/lean /home/goutev/.elan/toolchains/leanprover--lean4---v4.28.0/bin/lean /home/goutev/LEAN4/info-geometry-lean/lean/.lake/packages/batteries/Batteries/Lean/Except.lean -o /home/goutev/LEAN4/info-geometry-lean/lean/.lake/packages/batteries/.lake/build/lib/lean/Batteries/Lean/Except.olean -i /home/goutev/LEAN4/info-geometry-lean/lean/.lake/packages/batteries/.lake/build/lib/lean/Batteries/Lean/Except.ilean -c /home/goutev/LEAN4/info-geometry-lean/lean/.lake/packages/batteries/.lake/build/ir/Batteries/Lean/Except.c --setup /home/goutev/LEAN4/info-geometry-lean/lean/.lake/packages/batteries/.lake/build/ir/Batteries/Lean/Except.setup.json --json
ℹ [58/531] Built Batteries.Data.Nat.Basic (1.5s)
trace: .> LEAN_PATH=/home/goutev/LEAN4/info-geometry-lean/lean/.lake/packages/Cli/.lake/build/lib/lean:/home/goutev/LEAN4/info-geometry-lean/lean/.lake/packages/batteries/.lake/build/lib/lean:/home/goutev/LEAN4/info-geometry-lean/lean/.lake/packages/Qq/.lake/build/lib/lean:/home/goutev/LEAN4/info-geometry-lean/lean/.lake/packages/aesop/.lake/build/lib/lean:/home/goutev/LEAN4/info-geometry-lean/lean/.lake/packages/proofwidgets/.lake/build/lib/lean:/home/goutev/LEAN4/info-geometry-lean/lean/.lake/packages/importGraph/.lake/build/lib/lean:/home/goutev/LEAN4/info-geometry-lean/lean/.lake/packages/LeanSearchClient/.lake/build/lib/lean:/home/goutev/LEAN4/info-geometry-lean/lean/.lake/packages/plausible/.lake/build/lib/lean:/home/goutev/LEAN4/info-geometry-lean/lean/.lake/packages/mathlib/.lake/build/lib/lean:/home/goutev/LEAN4/info-geometry-lean/lean/.lake/build/lib/lean /home/goutev/.elan/toolchains/leanprover--lean4---v4.28.0/bin/lean /home/goutev/LEAN4/info-geometry-lean/lean/.lake/packages/batteries/Batteries/Data/Nat/Basic.lean -o /home/goutev/LEAN4/info-geometry-lean/lean/.lake/packages/batteries/.lake/build/lib/lean/Batteries/Data/Nat/Basic.olean -i /home/goutev/LEAN4/info-geometry-lean/lean/.lake/packages/batteries/.lake/build/lib/lean/Batteries/Data/Nat/Basic.ilean -c /home/goutev/LEAN4/info-geometry-lean/lean/.lake/packages/batteries/.lake/build/ir/Batteries/Data/Nat/Basic.c --setup /home/goutev/LEAN4/info-geometry-lean/lean/.lake/packages/batteries/.lake/build/ir/Batteries/Data/Nat/Basic.setup.json --json
ℹ [59/531] Built Batteries.CodeAction.Attr (2.6s)
trace: .> LEAN_PATH=/home/goutev/LEAN4/info-geometry-lean/lean/.lake/packages/Cli/.lake/build/lib/lean:/home/goutev/LEAN4/info-geometry-lean/lean/.lake/packages/batteries/.lake/build/lib/lean:/home/goutev/LEAN4/info-geometry-lean/lean/.lake/packages/Qq/.lake/build/lib/lean:/home/goutev/LEAN4/info-geometry-lean/lean/.lake/packages/aesop/.lake/build/lib/lean:/home/goutev/LEAN4/info-geometry-lean/lean/.lake/packages/proofwidgets/.lake/build/lib/lean:/home/goutev/LEAN4/info-geometry-lean/lean/.lake/packages/importGraph/.lake/build/lib/lean:/home/goutev/LEAN4/info-geometry-lean/lean/.lake/packages/LeanSearchClient/.lake/build/lib/lean:/home/goutev/LEAN4/info-geometry-lean/lean/.lake/packages/plausible/.lake/build/lib/lean:/home/goutev/LEAN4/info-geometry-lean/lean/.lake/packages/mathlib/.lake/build/lib/lean:/home/goutev/LEAN4/info-geometry-lean/lean/.lake/build/lib/lean /home/goutev/.elan/toolchains/leanprover--lean4---v4.28.0/bin/lean /home/goutev/LEAN4/info-geometry-lean/lean/.lake/packages/batteries/Batteries/CodeAction/Attr.lean -o /home/goutev/LEAN4/info-geometry-lean/lean/.lake/packages/batteries/.lake/build/lib/lean/Batteries/CodeAction/Attr.olean -i /home/goutev/LEAN4/info-geometry-lean/lean/.lake/packages/batteries/.lake/build/lib/lean/Batteries/CodeAction/Attr.ilean -c /home/goutev/LEAN4/info-geometry-lean/lean/.lake/packages/batteries/.lake/build/ir/Batteries/CodeAction/Attr.c --setup /home/goutev/LEAN4/info-geometry-lean/lean/.lake/packages/batteries/.lake/build/ir/Batteries/CodeAction/Attr.setup.json --json
ℹ [60/534] Built Batteries.Control.ForInStep.Basic (890ms)
trace: .> LEAN_PATH=/home/goutev/LEAN4/info-geometry-lean/lean/.lake/packages/Cli/.lake/build/lib/lean:/home/goutev/LEAN4/info-geometry-lean/lean/.lake/packages/batteries/.lake/build/lib/lean:/home/goutev/LEAN4/info-geometry-lean/lean/.lake/packages/Qq/.lake/build/lib/lean:/home/goutev/LEAN4/info-geometry-lean/lean/.lake/packages/aesop/.lake/build/lib/lean:/home/goutev/LEAN4/info-geometry-lean/lean/.lake/packages/proofwidgets/.lake/build/lib/lean:/home/goutev/LEAN4/info-geometry-lean/lean/.lake/packages/importGraph/.lake/build/lib/lean:/home/goutev/LEAN4/info-geometry-lean/lean/.lake/packages/LeanSearchClient/.lake/build/lib/lean:/home/goutev/LEAN4/info-geometry-lean/lean/.lake/packages/plausible/.lake/build/lib/lean:/home/goutev/LEAN4/info-geometry-lean/lean/.lake/packages/mathlib/.lake/build/lib/lean:/home/goutev/LEAN4/info-geometry-lean/lean/.lake/build/lib/lean /home/goutev/.elan/toolchains/leanprover--lean4---v4.28.0/bin/lean /home/goutev/LEAN4/info-geometry-lean/lean/.lake/packages/batteries/Batteries/Control/ForInStep/Basic.lean -o /home/goutev/LEAN4/info-geometry-lean/lean/.lake/packages/batteries/.lake/build/lib/lean/Batteries/Control/ForInStep/Basic.olean -i /home/goutev/LEAN4/info-geometry-lean/lean/.lake/packages/batteries/.lake/build/lib/lean/Batteries/Control/ForInStep/Basic.ilean -c /home/goutev/LEAN4/info-geometry-lean/lean/.lake/packages/batteries/.lake/build/ir/Batteries/Control/ForInStep/Basic.c --setup /home/goutev/LEAN4/info-geometry-lean/lean/.lake/packages/batteries/.lake/build/ir/Batteries/Control/ForInStep/Basic.setup.json --json
ℹ [61/534] Built Batteries.Lean.NameMapAttribute (1.2s)
trace: .> LEAN_PATH=/home/goutev/LEAN4/info-geometry-lean/lean/.lake/packages/Cli/.lake/build/lib/lean:/home/goutev/LEAN4/info-geometry-lean/lean/.lake/packages/batteries/.lake/build/lib/lean:/home/goutev/LEAN4/info-geometry-lean/lean/.lake/packages/Qq/.lake/build/lib/lean:/home/goutev/LEAN4/info-geometry-lean/lean/.lake/packages/aesop/.lake/build/lib/lean:/home/goutev/LEAN4/info-geometry-lean/lean/.lake/packages/proofwidgets/.lake/build/lib/lean:/home/goutev/LEAN4/info-geometry-lean/lean/.lake/packages/importGraph/.lake/build/lib/lean:/home/goutev/LEAN4/info-geometry-lean/lean/.lake/packages/LeanSearchClient/.lake/build/lib/lean:/home/goutev/LEAN4/info-geometry-lean/lean/.lake/packages/plausible/.lake/build/lib/lean:/home/goutev/LEAN4/info-geometry-lean/lean/.lake/packages/mathlib/.lake/build/lib/lean:/home/goutev/LEAN4/info-geometry-lean/lean/.lake/build/lib/lean /home/goutev/.elan/toolchains/leanprover--lean4---v4.28.0/bin/lean /home/goutev/LEAN4/info-geometry-lean/lean/.lake/packages/batteries/Batteries/Lean/NameMapAttribute.lean -o /home/goutev/LEAN4/info-geometry-lean/lean/.lake/packages/batteries/.lake/build/lib/lean/Batteries/Lean/NameMapAttribute.olean -i /home/goutev/LEAN4/info-geometry-lean/lean/.lake/packages/batteries/.lake/build/lib/lean/Batteries/Lean/NameMapAttribute.ilean -c /home/goutev/LEAN4/info-geometry-lean/lean/.lake/packages/batteries/.lake/build/ir/Batteries/Lean/NameMapAttribute.c --setup /home/goutev/LEAN4/info-geometry-lean/lean/.lake/packages/batteries/.lake/build/ir/Batteries/Lean/NameMapAttribute.setup.json --json
ℹ [62/534] Built Batteries.Util.ExtendedBinder (2.2s)
trace: .> LEAN_PATH=/home/goutev/LEAN4/info-geometry-lean/lean/.lake/packages/Cli/.lake/build/lib/lean:/home/goutev/LEAN4/info-geometry-lean/lean/.lake/packages/batteries/.lake/build/lib/lean:/home/goutev/LEAN4/info-geometry-lean/lean/.lake/packages/Qq/.lake/build/lib/lean:/home/goutev/LEAN4/info-geometry-lean/lean/.lake/packages/aesop/.lake/build/lib/lean:/home/goutev/LEAN4/info-geometry-lean/lean/.lake/packages/proofwidgets/.lake/build/lib/lean:/home/goutev/LEAN4/info-geometry-lean/lean/.lake/packages/importGraph/.lake/build/lib/lean:/home/goutev/LEAN4/info-geometry-lean/lean/.lake/packages/LeanSearchClient/.lake/build/lib/lean:/home/goutev/LEAN4/info-geometry-lean/lean/.lake/packages/plausible/.lake/build/lib/lean:/home/goutev/LEAN4/info-geometry-lean/lean/.lake/packages/mathlib/.lake/build/lib/lean:/home/goutev/LEAN4/info-geometry-lean/lean/.lake/build/lib/lean /home/goutev/.elan/toolchains/leanprover--lean4---v4.28.0/bin/lean /home/goutev/LEAN4/info-geometry-lean/lean/.lake/packages/batteries/Batteries/Util/ExtendedBinder.lean -o /home/goutev/LEAN4/info-geometry-lean/lean/.lake/packages/batteries/.lake/build/lib/lean/Batteries/Util/ExtendedBinder.olean -i /home/goutev/LEAN4/info-geometry-lean/lean/.lake/packages/batteries/.lake/build/lib/lean/Batteries/Util/ExtendedBinder.ilean -c /home/goutev/LEAN4/info-geometry-lean/lean/.lake/packages/batteries/.lake/build/ir/Batteries/Util/ExtendedBinder.c --setup /home/goutev/LEAN4/info-geometry-lean/lean/.lake/packages/batteries/.lake/build/ir/Batteries/Util/ExtendedBinder.setup.json --json
ℹ [63/534] Built Batteries.Lean.HashSet (842ms)
trace: .> LEAN_PATH=/home/goutev/LEAN4/info-geometry-lean/lean/.lake/packages/Cli/.lake/build/lib/lean:/home/goutev/LEAN4/info-geometry-lean/lean/.lake/packages/batteries/.lake/build/lib/lean:/home/goutev/LEAN4/info-geometry-lean/lean/.lake/packages/Qq/.lake/build/lib/lean:/home/goutev/LEAN4/info-geometry-lean/lean/.lake/packages/aesop/.lake/build/lib/lean:/home/goutev/LEAN4/info-geometry-lean/lean/.lake/packages/proofwidgets/.lake/build/lib/lean:/home/goutev/LEAN4/info-geometry-lean/lean/.lake/packages/importGraph/.lake/build/lib/lean:/home/goutev/LEAN4/info-geometry-lean/lean/.lake/packages/LeanSearchClient/.lake/build/lib/lean:/home/goutev/LEAN4/info-geometry-lean/lean/.lake/packages/plausible/.lake/build/lib/lean:/home/goutev/LEAN4/info-geometry-lean/lean/.lake/packages/mathlib/.lake/build/lib/lean:/home/goutev/LEAN4/info-geometry-lean/lean/.lake/build/lib/lean /home/goutev/.elan/toolchains/leanprover--lean4---v4.28.0/bin/lean /home/goutev/LEAN4/info-geometry-lean/lean/.lake/packages/batteries/Batteries/Lean/HashSet.lean -o /home/goutev/LEAN4/info-geometry-lean/lean/.lake/packages/batteries/.lake/build/lib/lean/Batteries/Lean/HashSet.olean -i /home/goutev/LEAN4/info-geometry-lean/lean/.lake/packages/batteries/.lake/build/lib/lean/Batteries/Lean/HashSet.ilean -c /home/goutev/LEAN4/info-geometry-lean/lean/.lake/packages/batteries/.lake/build/ir/Batteries/Lean/HashSet.c --setup /home/goutev/LEAN4/info-geometry-lean/lean/.lake/packages/batteries/.lake/build/ir/Batteries/Lean/HashSet.setup.json --json
ℹ [64/534] Built Batteries.Lean.PersistentHashMap (780ms)
trace: .> LEAN_PATH=/home/goutev/LEAN4/info-geometry-lean/lean/.lake/packages/Cli/.lake/build/lib/lean:/home/goutev/LEAN4/info-geometry-lean/lean/.lake/packages/batteries/.lake/build/lib/lean:/home/goutev/LEAN4/info-geometry-lean/lean/.lake/packages/Qq/.lake/build/lib/lean:/home/goutev/LEAN4/info-geometry-lean/lean/.lake/packages/aesop/.lake/build/lib/lean:/home/goutev/LEAN4/info-geometry-lean/lean/.lake/packages/proofwidgets/.lake/build/lib/lean:/home/goutev/LEAN4/info-geometry-lean/lean/.lake/packages/importGraph/.lake/build/lib/lean:/home/goutev/LEAN4/info-geometry-lean/lean/.lake/packages/LeanSearchClient/.lake/build/lib/lean:/home/goutev/LEAN4/info-geometry-lean/lean/.lake/packages/plausible/.lake/build/lib/lean:/home/goutev/LEAN4/info-geometry-lean/lean/.lake/packages/mathlib/.lake/build/lib/lean:/home/goutev/LEAN4/info-geometry-lean/lean/.lake/build/lib/lean /home/goutev/.elan/toolchains/leanprover--lean4---v4.28.0/bin/lean /home/goutev/LEAN4/info-geometry-lean/lean/.lake/packages/batteries/Batteries/Lean/PersistentHashMap.lean -o /home/goutev/LEAN4/info-geometry-lean/lean/.lake/packages/batteries/.lake/build/lib/lean/Batteries/Lean/PersistentHashMap.olean -i /home/goutev/LEAN4/info-geometry-lean/lean/.lake/packages/batteries/.lake/build/lib/lean/Batteries/Lean/PersistentHashMap.ilean -c /home/goutev/LEAN4/info-geometry-lean/lean/.lake/packages/batteries/.lake/build/ir/Batteries/Lean/PersistentHashMap.c --setup /home/goutev/LEAN4/info-geometry-lean/lean/.lake/packages/batteries/.lake/build/ir/Batteries/Lean/PersistentHashMap.setup.json --json
ℹ [65/534] Built Batteries.Lean.Meta.Expr (663ms)
trace: .> LEAN_PATH=/home/goutev/LEAN4/info-geometry-lean/lean/.lake/packages/Cli/.lake/build/lib/lean:/home/goutev/LEAN4/info-geometry-lean/lean/.lake/packages/batteries/.lake/build/lib/lean:/home/goutev/LEAN4/info-geometry-lean/lean/.lake/packages/Qq/.lake/build/lib/lean:/home/goutev/LEAN4/info-geometry-lean/lean/.lake/packages/aesop/.lake/build/lib/lean:/home/goutev/LEAN4/info-geometry-lean/lean/.lake/packages/proofwidgets/.lake/build/lib/lean:/home/goutev/LEAN4/info-geometry-lean/lean/.lake/packages/importGraph/.lake/build/lib/lean:/home/goutev/LEAN4/info-geometry-lean/lean/.lake/packages/LeanSearchClient/.lake/build/lib/lean:/home/goutev/LEAN4/info-geometry-lean/lean/.lake/packages/plausible/.lake/build/lib/lean:/home/goutev/LEAN4/info-geometry-lean/lean/.lake/packages/mathlib/.lake/build/lib/lean:/home/goutev/LEAN4/info-geometry-lean/lean/.lake/build/lib/lean /home/goutev/.elan/toolchains/leanprover--lean4---v4.28.0/bin/lean /home/goutev/LEAN4/info-geometry-lean/lean/.lake/packages/batteries/Batteries/Lean/Meta/Expr.lean -o /home/goutev/LEAN4/info-geometry-lean/lean/.lake/packages/batteries/.lake/build/lib/lean/Batteries/Lean/Meta/Expr.olean -i /home/goutev/LEAN4/info-geometry-lean/lean/.lake/packages/batteries/.lake/build/lib/lean/Batteries/Lean/Meta/Expr.ilean -c /home/goutev/LEAN4/info-geometry-lean/lean/.lake/packages/batteries/.lake/build/ir/Batteries/Lean/Meta/Expr.c --setup /home/goutev/LEAN4/info-geometry-lean/lean/.lake/packages/batteries/.lake/build/ir/Batteries/Lean/Meta/Expr.setup.json --json
ℹ [66/534] Built Batteries.Lean.PersistentHashSet (958ms)
trace: .> LEAN_PATH=/home/goutev/LEAN4/info-geometry-lean/lean/.lake/packages/Cli/.lake/build/lib/lean:/home/goutev/LEAN4/info-geometry-lean/lean/.lake/packages/batteries/.lake/build/lib/lean:/home/goutev/LEAN4/info-geometry-lean/lean/.lake/packages/Qq/.lake/build/lib/lean:/home/goutev/LEAN4/info-geometry-lean/lean/.lake/packages/aesop/.lake/build/lib/lean:/home/goutev/LEAN4/info-geometry-lean/lean/.lake/packages/proofwidgets/.lake/build/lib/lean:/home/goutev/LEAN4/info-geometry-lean/lean/.lake/packages/importGraph/.lake/build/lib/lean:/home/goutev/LEAN4/info-geometry-lean/lean/.lake/packages/LeanSearchClient/.lake/build/lib/lean:/home/goutev/LEAN4/info-geometry-lean/lean/.lake/packages/plausible/.lake/build/lib/lean:/home/goutev/LEAN4/info-geometry-lean/lean/.lake/packages/mathlib/.lake/build/lib/lean:/home/goutev/LEAN4/info-geometry-lean/lean/.lake/build/lib/lean /home/goutev/.elan/toolchains/leanprover--lean4---v4.28.0/bin/lean /home/goutev/LEAN4/info-geometry-lean/lean/.lake/packages/batteries/Batteries/Lean/PersistentHashSet.lean -o /home/goutev/LEAN4/info-geometry-lean/lean/.lake/packages/batteries/.lake/build/lib/lean/Batteries/Lean/PersistentHashSet.olean -i /home/goutev/LEAN4/info-geometry-lean/lean/.lake/packages/batteries/.lake/build/lib/lean/Batteries/Lean/PersistentHashSet.ilean -c /home/goutev/LEAN4/info-geometry-lean/lean/.lake/packages/batteries/.lake/build/ir/Batteries/Lean/PersistentHashSet.c --setup /home/goutev/LEAN4/info-geometry-lean/lean/.lake/packages/batteries/.lake/build/ir/Batteries/Lean/PersistentHashSet.setup.json --json
ℹ [67/534] Built Batteries.Util.LibraryNote (2.1s)
trace: .> LEAN_PATH=/home/goutev/LEAN4/info-geometry-lean/lean/.lake/packages/Cli/.lake/build/lib/lean:/home/goutev/LEAN4/info-geometry-lean/lean/.lake/packages/batteries/.lake/build/lib/lean:/home/goutev/LEAN4/info-geometry-lean/lean/.lake/packages/Qq/.lake/build/lib/lean:/home/goutev/LEAN4/info-geometry-lean/lean/.lake/packages/aesop/.lake/build/lib/lean:/home/goutev/LEAN4/info-geometry-lean/lean/.lake/packages/proofwidgets/.lake/build/lib/lean:/home/goutev/LEAN4/info-geometry-lean/lean/.lake/packages/importGraph/.lake/build/lib/lean:/home/goutev/LEAN4/info-geometry-lean/lean/.lake/packages/LeanSearchClient/.lake/build/lib/lean:/home/goutev/LEAN4/info-geometry-lean/lean/.lake/packages/plausible/.lake/build/lib/lean:/home/goutev/LEAN4/info-geometry-lean/lean/.lake/packages/mathlib/.lake/build/lib/lean:/home/goutev/LEAN4/info-geometry-lean/lean/.lake/build/lib/lean /home/goutev/.elan/toolchains/leanprover--lean4---v4.28.0/bin/lean /home/goutev/LEAN4/info-geometry-lean/lean/.lake/packages/batteries/Batteries/Util/LibraryNote.lean -o /home/goutev/LEAN4/info-geometry-lean/lean/.lake/packages/batteries/.lake/build/lib/lean/Batteries/Util/LibraryNote.olean -i /home/goutev/LEAN4/info-geometry-lean/lean/.lake/packages/batteries/.lake/build/lib/lean/Batteries/Util/LibraryNote.ilean -c /home/goutev/LEAN4/info-geometry-lean/lean/.lake/packages/batteries/.lake/build/ir/Batteries/Util/LibraryNote.c --setup /home/goutev/LEAN4/info-geometry-lean/lean/.lake/packages/batteries/.lake/build/ir/Batteries/Util/LibraryNote.setup.json --json
ℹ [68/534] Built Batteries.Tactic.Lint.Basic (2.7s)
trace: .> LEAN_PATH=/home/goutev/LEAN4/info-geometry-lean/lean/.lake/packages/Cli/.lake/build/lib/lean:/home/goutev/LEAN4/info-geometry-lean/lean/.lake/packages/batteries/.lake/build/lib/lean:/home/goutev/LEAN4/info-geometry-lean/lean/.lake/packages/Qq/.lake/build/lib/lean:/home/goutev/LEAN4/info-geometry-lean/lean/.lake/packages/aesop/.lake/build/lib/lean:/home/goutev/LEAN4/info-geometry-lean/lean/.lake/packages/proofwidgets/.lake/build/lib/lean:/home/goutev/LEAN4/info-geometry-lean/lean/.lake/packages/importGraph/.lake/build/lib/lean:/home/goutev/LEAN4/info-geometry-lean/lean/.lake/packages/LeanSearchClient/.lake/build/lib/lean:/home/goutev/LEAN4/info-geometry-lean/lean/.lake/packages/plausible/.lake/build/lib/lean:/home/goutev/LEAN4/info-geometry-lean/lean/.lake/packages/mathlib/.lake/build/lib/lean:/home/goutev/LEAN4/info-geometry-lean/lean/.lake/build/lib/lean /home/goutev/.elan/toolchains/leanprover--lean4---v4.28.0/bin/lean /home/goutev/LEAN4/info-geometry-lean/lean/.lake/packages/batteries/Batteries/Tactic/Lint/Basic.lean -o /home/goutev/LEAN4/info-geometry-lean/lean/.lake/packages/batteries/.lake/build/lib/lean/Batteries/Tactic/Lint/Basic.olean -i /home/goutev/LEAN4/info-geometry-lean/lean/.lake/packages/batteries/.lake/build/lib/lean/Batteries/Tactic/Lint/Basic.ilean -c /home/goutev/LEAN4/info-geometry-lean/lean/.lake/packages/batteries/.lake/build/ir/Batteries/Tactic/Lint/Basic.c --setup /home/goutev/LEAN4/info-geometry-lean/lean/.lake/packages/batteries/.lake/build/ir/Batteries/Tactic/Lint/Basic.setup.json --json
ℹ [69/534] Built Batteries.Lean.MonadBacktrack (938ms)
trace: .> LEAN_PATH=/home/goutev/LEAN4/info-geometry-lean/lean/.lake/packages/Cli/.lake/build/lib/lean:/home/goutev/LEAN4/info-geometry-lean/lean/.lake/packages/batteries/.lake/build/lib/lean:/home/goutev/LEAN4/info-geometry-lean/lean/.lake/packages/Qq/.lake/build/lib/lean:/home/goutev/LEAN4/info-geometry-lean/lean/.lake/packages/aesop/.lake/build/lib/lean:/home/goutev/LEAN4/info-geometry-lean/lean/.lake/packages/proofwidgets/.lake/build/lib/lean:/home/goutev/LEAN4/info-geometry-lean/lean/.lake/packages/importGraph/.lake/build/lib/lean:/home/goutev/LEAN4/info-geometry-lean/lean/.lake/packages/LeanSearchClient/.lake/build/lib/lean:/home/goutev/LEAN4/info-geometry-lean/lean/.lake/packages/plausible/.lake/build/lib/lean:/home/goutev/LEAN4/info-geometry-lean/lean/.lake/packages/mathlib/.lake/build/lib/lean:/home/goutev/LEAN4/info-geometry-lean/lean/.lake/build/lib/lean /home/goutev/.elan/toolchains/leanprover--lean4---v4.28.0/bin/lean /home/goutev/LEAN4/info-geometry-lean/lean/.lake/packages/batteries/Batteries/Lean/MonadBacktrack.lean -o /home/goutev/LEAN4/info-geometry-lean/lean/.lake/packages/batteries/.lake/build/lib/lean/Batteries/Lean/MonadBacktrack.olean -i /home/goutev/LEAN4/info-geometry-lean/lean/.lake/packages/batteries/.lake/build/lib/lean/Batteries/Lean/MonadBacktrack.ilean -c /home/goutev/LEAN4/info-geometry-lean/lean/.lake/packages/batteries/.lake/build/ir/Batteries/Lean/MonadBacktrack.c --setup /home/goutev/LEAN4/info-geometry-lean/lean/.lake/packages/batteries/.lake/build/ir/Batteries/Lean/MonadBacktrack.setup.json --json
ℹ [70/534] Built Batteries.Lean.Meta.UnusedNames (1.3s)
trace: .> LEAN_PATH=/home/goutev/LEAN4/info-geometry-lean/lean/.lake/packages/Cli/.lake/build/lib/lean:/home/goutev/LEAN4/info-geometry-lean/lean/.lake/packages/batteries/.lake/build/lib/lean:/home/goutev/LEAN4/info-geometry-lean/lean/.lake/packages/Qq/.lake/build/lib/lean:/home/goutev/LEAN4/info-geometry-lean/lean/.lake/packages/aesop/.lake/build/lib/lean:/home/goutev/LEAN4/info-geometry-lean/lean/.lake/packages/proofwidgets/.lake/build/lib/lean:/home/goutev/LEAN4/info-geometry-lean/lean/.lake/packages/importGraph/.lake/build/lib/lean:/home/goutev/LEAN4/info-geometry-lean/lean/.lake/packages/LeanSearchClient/.lake/build/lib/lean:/home/goutev/LEAN4/info-geometry-lean/lean/.lake/packages/plausible/.lake/build/lib/lean:/home/goutev/LEAN4/info-geometry-lean/lean/.lake/packages/mathlib/.lake/build/lib/lean:/home/goutev/LEAN4/info-geometry-lean/lean/.lake/build/lib/lean /home/goutev/.elan/toolchains/leanprover--lean4---v4.28.0/bin/lean /home/goutev/LEAN4/info-geometry-lean/lean/.lake/packages/batteries/Batteries/Lean/Meta/UnusedNames.lean -o /home/goutev/LEAN4/info-geometry-lean/lean/.lake/packages/batteries/.lake/build/lib/lean/Batteries/Lean/Meta/UnusedNames.olean -i /home/goutev/LEAN4/info-geometry-lean/lean/.lake/packages/batteries/.lake/build/lib/lean/Batteries/Lean/Meta/UnusedNames.ilean -c /home/goutev/LEAN4/info-geometry-lean/lean/.lake/packages/batteries/.lake/build/ir/Batteries/Lean/Meta/UnusedNames.c --setup /home/goutev/LEAN4/info-geometry-lean/lean/.lake/packages/batteries/.lake/build/ir/Batteries/Lean/Meta/UnusedNames.setup.json --json
ℹ [71/534] Built Batteries.Lean.Meta.Inaccessible (1.5s)
trace: .> LEAN_PATH=/home/goutev/LEAN4/info-geometry-lean/lean/.lake/packages/Cli/.lake/build/lib/lean:/home/goutev/LEAN4/info-geometry-lean/lean/.lake/packages/batteries/.lake/build/lib/lean:/home/goutev/LEAN4/info-geometry-lean/lean/.lake/packages/Qq/.lake/build/lib/lean:/home/goutev/LEAN4/info-geometry-lean/lean/.lake/packages/aesop/.lake/build/lib/lean:/home/goutev/LEAN4/info-geometry-lean/lean/.lake/packages/proofwidgets/.lake/build/lib/lean:/home/goutev/LEAN4/info-geometry-lean/lean/.lake/packages/importGraph/.lake/build/lib/lean:/home/goutev/LEAN4/info-geometry-lean/lean/.lake/packages/LeanSearchClient/.lake/build/lib/lean:/home/goutev/LEAN4/info-geometry-lean/lean/.lake/packages/plausible/.lake/build/lib/lean:/home/goutev/LEAN4/info-geometry-lean/lean/.lake/packages/mathlib/.lake/build/lib/lean:/home/goutev/LEAN4/info-geometry-lean/lean/.lake/build/lib/lean /home/goutev/.elan/toolchains/leanprover--lean4---v4.28.0/bin/lean /home/goutev/LEAN4/info-geometry-lean/lean/.lake/packages/batteries/Batteries/Lean/Meta/Inaccessible.lean -o /home/goutev/LEAN4/info-geometry-lean/lean/.lake/packages/batteries/.lake/build/lib/lean/Batteries/Lean/Meta/Inaccessible.olean -i /home/goutev/LEAN4/info-geometry-lean/lean/.lake/packages/batteries/.lake/build/lib/lean/Batteries/Lean/Meta/Inaccessible.ilean -c /home/goutev/LEAN4/info-geometry-lean/lean/.lake/packages/batteries/.lake/build/ir/Batteries/Lean/Meta/Inaccessible.c --setup /home/goutev/LEAN4/info-geometry-lean/lean/.lake/packages/batteries/.lake/build/ir/Batteries/Lean/Meta/Inaccessible.setup.json --json
ℹ [72/534] Built Batteries.Tactic.Case (5.5s)
trace: .> LEAN_PATH=/home/goutev/LEAN4/info-geometry-lean/lean/.lake/packages/Cli/.lake/build/lib/lean:/home/goutev/LEAN4/info-geometry-lean/lean/.lake/packages/batteries/.lake/build/lib/lean:/home/goutev/LEAN4/info-geometry-lean/lean/.lake/packages/Qq/.lake/build/lib/lean:/home/goutev/LEAN4/info-geometry-lean/lean/.lake/packages/aesop/.lake/build/lib/lean:/home/goutev/LEAN4/info-geometry-lean/lean/.lake/packages/proofwidgets/.lake/build/lib/lean:/home/goutev/LEAN4/info-geometry-lean/lean/.lake/packages/importGraph/.lake/build/lib/lean:/home/goutev/LEAN4/info-geometry-lean/lean/.lake/packages/LeanSearchClient/.lake/build/lib/lean:/home/goutev/LEAN4/info-geometry-lean/lean/.lake/packages/plausible/.lake/build/lib/lean:/home/goutev/LEAN4/info-geometry-lean/lean/.lake/packages/mathlib/.lake/build/lib/lean:/home/goutev/LEAN4/info-geometry-lean/lean/.lake/build/lib/lean /home/goutev/.elan/toolchains/leanprover--lean4---v4.28.0/bin/lean /home/goutev/LEAN4/info-geometry-lean/lean/.lake/packages/batteries/Batteries/Tactic/Case.lean -o /home/goutev/LEAN4/info-geometry-lean/lean/.lake/packages/batteries/.lake/build/lib/lean/Batteries/Tactic/Case.olean -i /home/goutev/LEAN4/info-geometry-lean/lean/.lake/packages/batteries/.lake/build/lib/lean/Batteries/Tactic/Case.ilean -c /home/goutev/LEAN4/info-geometry-lean/lean/.lake/packages/batteries/.lake/build/ir/Batteries/Tactic/Case.c --setup /home/goutev/LEAN4/info-geometry-lean/lean/.lake/packages/batteries/.lake/build/ir/Batteries/Tactic/Case.setup.json --json
ℹ [73/534] Built Batteries.Tactic.PermuteGoals (2.2s)
trace: .> LEAN_PATH=/home/goutev/LEAN4/info-geometry-lean/lean/.lake/packages/Cli/.lake/build/lib/lean:/home/goutev/LEAN4/info-geometry-lean/lean/.lake/packages/batteries/.lake/build/lib/lean:/home/goutev/LEAN4/info-geometry-lean/lean/.lake/packages/Qq/.lake/build/lib/lean:/home/goutev/LEAN4/info-geometry-lean/lean/.lake/packages/aesop/.lake/build/lib/lean:/home/goutev/LEAN4/info-geometry-lean/lean/.lake/packages/proofwidgets/.lake/build/lib/lean:/home/goutev/LEAN4/info-geometry-lean/lean/.lake/packages/importGraph/.lake/build/lib/lean:/home/goutev/LEAN4/info-geometry-lean/lean/.lake/packages/LeanSearchClient/.lake/build/lib/lean:/home/goutev/LEAN4/info-geometry-lean/lean/.lake/packages/plausible/.lake/build/lib/lean:/home/goutev/LEAN4/info-geometry-lean/lean/.lake/packages/mathlib/.lake/build/lib/lean:/home/goutev/LEAN4/info-geometry-lean/lean/.lake/build/lib/lean /home/goutev/.elan/toolchains/leanprover--lean4---v4.28.0/bin/lean /home/goutev/LEAN4/info-geometry-lean/lean/.lake/packages/batteries/Batteries/Tactic/PermuteGoals.lean -o /home/goutev/LEAN4/info-geometry-lean/lean/.lake/packages/batteries/.lake/build/lib/lean/Batteries/Tactic/PermuteGoals.olean -i /home/goutev/LEAN4/info-geometry-lean/lean/.lake/packages/batteries/.lake/build/lib/lean/Batteries/Tactic/PermuteGoals.ilean -c /home/goutev/LEAN4/info-geometry-lean/lean/.lake/packages/batteries/.lake/build/ir/Batteries/Tactic/PermuteGoals.c --setup /home/goutev/LEAN4/info-geometry-lean/lean/.lake/packages/batteries/.lake/build/ir/Batteries/Tactic/PermuteGoals.setup.json --json
ℹ [74/534] Built Batteries.Control.Lemmas (1.6s)
trace: .> LEAN_PATH=/home/goutev/LEAN4/info-geometry-lean/lean/.lake/packages/Cli/.lake/build/lib/lean:/home/goutev/LEAN4/info-geometry-lean/lean/.lake/packages/batteries/.lake/build/lib/lean:/home/goutev/LEAN4/info-geometry-lean/lean/.lake/packages/Qq/.lake/build/lib/lean:/home/goutev/LEAN4/info-geometry-lean/lean/.lake/packages/aesop/.lake/build/lib/lean:/home/goutev/LEAN4/info-geometry-lean/lean/.lake/packages/proofwidgets/.lake/build/lib/lean:/home/goutev/LEAN4/info-geometry-lean/lean/.lake/packages/importGraph/.lake/build/lib/lean:/home/goutev/LEAN4/info-geometry-lean/lean/.lake/packages/LeanSearchClient/.lake/build/lib/lean:/home/goutev/LEAN4/info-geometry-lean/lean/.lake/packages/plausible/.lake/build/lib/lean:/home/goutev/LEAN4/info-geometry-lean/lean/.lake/packages/mathlib/.lake/build/lib/lean:/home/goutev/LEAN4/info-geometry-lean/lean/.lake/build/lib/lean /home/goutev/.elan/toolchains/leanprover--lean4---v4.28.0/bin/lean /home/goutev/LEAN4/info-geometry-lean/lean/.lake/packages/batteries/Batteries/Control/Lemmas.lean -o /home/goutev/LEAN4/info-geometry-lean/lean/.lake/packages/batteries/.lake/build/lib/lean/Batteries/Control/Lemmas.olean -i /home/goutev/LEAN4/info-geometry-lean/lean/.lake/packages/batteries/.lake/build/lib/lean/Batteries/Control/Lemmas.ilean -c /home/goutev/LEAN4/info-geometry-lean/lean/.lake/packages/batteries/.lake/build/ir/Batteries/Control/Lemmas.c --setup /home/goutev/LEAN4/info-geometry-lean/lean/.lake/packages/batteries/.lake/build/ir/Batteries/Control/Lemmas.setup.json --json
ℹ [75/534] Built Batteries.Lean.TagAttribute (1.5s)
trace: .> LEAN_PATH=/home/goutev/LEAN4/info-geometry-lean/lean/.lake/packages/Cli/.lake/build/lib/lean:/home/goutev/LEAN4/info-geometry-lean/lean/.lake/packages/batteries/.lake/build/lib/lean:/home/goutev/LEAN4/info-geometry-lean/lean/.lake/packages/Qq/.lake/build/lib/lean:/home/goutev/LEAN4/info-geometry-lean/lean/.lake/packages/aesop/.lake/build/lib/lean:/home/goutev/LEAN4/info-geometry-lean/lean/.lake/packages/proofwidgets/.lake/build/lib/lean:/home/goutev/LEAN4/info-geometry-lean/lean/.lake/packages/importGraph/.lake/build/lib/lean:/home/goutev/LEAN4/info-geometry-lean/lean/.lake/packages/LeanSearchClient/.lake/build/lib/lean:/home/goutev/LEAN4/info-geometry-lean/lean/.lake/packages/plausible/.lake/build/lib/lean:/home/goutev/LEAN4/info-geometry-lean/lean/.lake/packages/mathlib/.lake/build/lib/lean:/home/goutev/LEAN4/info-geometry-lean/lean/.lake/build/lib/lean /home/goutev/.elan/toolchains/leanprover--lean4---v4.28.0/bin/lean /home/goutev/LEAN4/info-geometry-lean/lean/.lake/packages/batteries/Batteries/Lean/TagAttribute.lean -o /home/goutev/LEAN4/info-geometry-lean/lean/.lake/packages/batteries/.lake/build/lib/lean/Batteries/Lean/TagAttribute.olean -i /home/goutev/LEAN4/info-geometry-lean/lean/.lake/packages/batteries/.lake/build/lib/lean/Batteries/Lean/TagAttribute.ilean -c /home/goutev/LEAN4/info-geometry-lean/lean/.lake/packages/batteries/.lake/build/ir/Batteries/Lean/TagAttribute.c --setup /home/goutev/LEAN4/info-geometry-lean/lean/.lake/packages/batteries/.lake/build/ir/Batteries/Lean/TagAttribute.setup.json --json
ℹ [76/534] Built Batteries.Util.ProofWanted (2.6s)
trace: .> LEAN_PATH=/home/goutev/LEAN4/info-geometry-lean/lean/.lake/packages/Cli/.lake/build/lib/lean:/home/goutev/LEAN4/info-geometry-lean/lean/.lake/packages/batteries/.lake/build/lib/lean:/home/goutev/LEAN4/info-geometry-lean/lean/.lake/packages/Qq/.lake/build/lib/lean:/home/goutev/LEAN4/info-geometry-lean/lean/.lake/packages/aesop/.lake/build/lib/lean:/home/goutev/LEAN4/info-geometry-lean/lean/.lake/packages/proofwidgets/.lake/build/lib/lean:/home/goutev/LEAN4/info-geometry-lean/lean/.lake/packages/importGraph/.lake/build/lib/lean:/home/goutev/LEAN4/info-geometry-lean/lean/.lake/packages/LeanSearchClient/.lake/build/lib/lean:/home/goutev/LEAN4/info-geometry-lean/lean/.lake/packages/plausible/.lake/build/lib/lean:/home/goutev/LEAN4/info-geometry-lean/lean/.lake/packages/mathlib/.lake/build/lib/lean:/home/goutev/LEAN4/info-geometry-lean/lean/.lake/build/lib/lean /home/goutev/.elan/toolchains/leanprover--lean4---v4.28.0/bin/lean /home/goutev/LEAN4/info-geometry-lean/lean/.lake/packages/batteries/Batteries/Util/ProofWanted.lean -o /home/goutev/LEAN4/info-geometry-lean/lean/.lake/packages/batteries/.lake/build/lib/lean/Batteries/Util/ProofWanted.olean -i /home/goutev/LEAN4/info-geometry-lean/lean/.lake/packages/batteries/.lake/build/lib/lean/Batteries/Util/ProofWanted.ilean -c /home/goutev/LEAN4/info-geometry-lean/lean/.lake/packages/batteries/.lake/build/ir/Batteries/Util/ProofWanted.c --setup /home/goutev/LEAN4/info-geometry-lean/lean/.lake/packages/batteries/.lake/build/ir/Batteries/Util/ProofWanted.setup.json --json
ℹ [77/534] Built Batteries.Tactic.SeqFocus (3.0s)
trace: .> LEAN_PATH=/home/goutev/LEAN4/info-geometry-lean/lean/.lake/packages/Cli/.lake/build/lib/lean:/home/goutev/LEAN4/info-geometry-lean/lean/.lake/packages/batteries/.lake/build/lib/lean:/home/goutev/LEAN4/info-geometry-lean/lean/.lake/packages/Qq/.lake/build/lib/lean:/home/goutev/LEAN4/info-geometry-lean/lean/.lake/packages/aesop/.lake/build/lib/lean:/home/goutev/LEAN4/info-geometry-lean/lean/.lake/packages/proofwidgets/.lake/build/lib/lean:/home/goutev/LEAN4/info-geometry-lean/lean/.lake/packages/importGraph/.lake/build/lib/lean:/home/goutev/LEAN4/info-geometry-lean/lean/.lake/packages/LeanSearchClient/.lake/build/lib/lean:/home/goutev/LEAN4/info-geometry-lean/lean/.lake/packages/plausible/.lake/build/lib/lean:/home/goutev/LEAN4/info-geometry-lean/lean/.lake/packages/mathlib/.lake/build/lib/lean:/home/goutev/LEAN4/info-geometry-lean/lean/.lake/build/lib/lean /home/goutev/.elan/toolchains/leanprover--lean4---v4.28.0/bin/lean /home/goutev/LEAN4/info-geometry-lean/lean/.lake/packages/batteries/Batteries/Tactic/SeqFocus.lean -o /home/goutev/LEAN4/info-geometry-lean/lean/.lake/packages/batteries/.lake/build/lib/lean/Batteries/Tactic/SeqFocus.olean -i /home/goutev/LEAN4/info-geometry-lean/lean/.lake/packages/batteries/.lake/build/lib/lean/Batteries/Tactic/SeqFocus.ilean -c /home/goutev/LEAN4/info-geometry-lean/lean/.lake/packages/batteries/.lake/build/ir/Batteries/Tactic/SeqFocus.c --setup /home/goutev/LEAN4/info-geometry-lean/lean/.lake/packages/batteries/.lake/build/ir/Batteries/Tactic/SeqFocus.setup.json --json
ℹ [78/534] Built Batteries.Tactic.Unreachable (2.1s)
trace: .> LEAN_PATH=/home/goutev/LEAN4/info-geometry-lean/lean/.lake/packages/Cli/.lake/build/lib/lean:/home/goutev/LEAN4/info-geometry-lean/lean/.lake/packages/batteries/.lake/build/lib/lean:/home/goutev/LEAN4/info-geometry-lean/lean/.lake/packages/Qq/.lake/build/lib/lean:/home/goutev/LEAN4/info-geometry-lean/lean/.lake/packages/aesop/.lake/build/lib/lean:/home/goutev/LEAN4/info-geometry-lean/lean/.lake/packages/proofwidgets/.lake/build/lib/lean:/home/goutev/LEAN4/info-geometry-lean/lean/.lake/packages/importGraph/.lake/build/lib/lean:/home/goutev/LEAN4/info-geometry-lean/lean/.lake/packages/LeanSearchClient/.lake/build/lib/lean:/home/goutev/LEAN4/info-geometry-lean/lean/.lake/packages/plausible/.lake/build/lib/lean:/home/goutev/LEAN4/info-geometry-lean/lean/.lake/packages/mathlib/.lake/build/lib/lean:/home/goutev/LEAN4/info-geometry-lean/lean/.lake/build/lib/lean /home/goutev/.elan/toolchains/leanprover--lean4---v4.28.0/bin/lean /home/goutev/LEAN4/info-geometry-lean/lean/.lake/packages/batteries/Batteries/Tactic/Unreachable.lean -o /home/goutev/LEAN4/info-geometry-lean/lean/.lake/packages/batteries/.lake/build/lib/lean/Batteries/Tactic/Unreachable.olean -i /home/goutev/LEAN4/info-geometry-lean/lean/.lake/packages/batteries/.lake/build/lib/lean/Batteries/Tactic/Unreachable.ilean -c /home/goutev/LEAN4/info-geometry-lean/lean/.lake/packages/batteries/.lake/build/ir/Batteries/Tactic/Unreachable.c --setup /home/goutev/LEAN4/info-geometry-lean/lean/.lake/packages/batteries/.lake/build/ir/Batteries/Tactic/Unreachable.setup.json --json
ℹ [79/534] Built Batteries.Tactic.OpenPrivate (4.9s)
trace: .> LEAN_PATH=/home/goutev/LEAN4/info-geometry-lean/lean/.lake/packages/Cli/.lake/build/lib/lean:/home/goutev/LEAN4/info-geometry-lean/lean/.lake/packages/batteries/.lake/build/lib/lean:/home/goutev/LEAN4/info-geometry-lean/lean/.lake/packages/Qq/.lake/build/lib/lean:/home/goutev/LEAN4/info-geometry-lean/lean/.lake/packages/aesop/.lake/build/lib/lean:/home/goutev/LEAN4/info-geometry-lean/lean/.lake/packages/proofwidgets/.lake/build/lib/lean:/home/goutev/LEAN4/info-geometry-lean/lean/.lake/packages/importGraph/.lake/build/lib/lean:/home/goutev/LEAN4/info-geometry-lean/lean/.lake/packages/LeanSearchClient/.lake/build/lib/lean:/home/goutev/LEAN4/info-geometry-lean/lean/.lake/packages/plausible/.lake/build/lib/lean:/home/goutev/LEAN4/info-geometry-lean/lean/.lake/packages/mathlib/.lake/build/lib/lean:/home/goutev/LEAN4/info-geometry-lean/lean/.lake/build/lib/lean /home/goutev/.elan/toolchains/leanprover--lean4---v4.28.0/bin/lean /home/goutev/LEAN4/info-geometry-lean/lean/.lake/packages/batteries/Batteries/Tactic/OpenPrivate.lean -o /home/goutev/LEAN4/info-geometry-lean/lean/.lake/packages/batteries/.lake/build/lib/lean/Batteries/Tactic/OpenPrivate.olean -i /home/goutev/LEAN4/info-geometry-lean/lean/.lake/packages/batteries/.lake/build/lib/lean/Batteries/Tactic/OpenPrivate.ilean -c /home/goutev/LEAN4/info-geometry-lean/lean/.lake/packages/batteries/.lake/build/ir/Batteries/Tactic/OpenPrivate.c --setup /home/goutev/LEAN4/info-geometry-lean/lean/.lake/packages/batteries/.lake/build/ir/Batteries/Tactic/OpenPrivate.setup.json --json
ℹ [80/534] Built Batteries.Data.String.Basic (1.5s)
trace: .> LEAN_PATH=/home/goutev/LEAN4/info-geometry-lean/lean/.lake/packages/Cli/.lake/build/lib/lean:/home/goutev/LEAN4/info-geometry-lean/lean/.lake/packages/batteries/.lake/build/lib/lean:/home/goutev/LEAN4/info-geometry-lean/lean/.lake/packages/Qq/.lake/build/lib/lean:/home/goutev/LEAN4/info-geometry-lean/lean/.lake/packages/aesop/.lake/build/lib/lean:/home/goutev/LEAN4/info-geometry-lean/lean/.lake/packages/proofwidgets/.lake/build/lib/lean:/home/goutev/LEAN4/info-geometry-lean/lean/.lake/packages/importGraph/.lake/build/lib/lean:/home/goutev/LEAN4/info-geometry-lean/lean/.lake/packages/LeanSearchClient/.lake/build/lib/lean:/home/goutev/LEAN4/info-geometry-lean/lean/.lake/packages/plausible/.lake/build/lib/lean:/home/goutev/LEAN4/info-geometry-lean/lean/.lake/packages/mathlib/.lake/build/lib/lean:/home/goutev/LEAN4/info-geometry-lean/lean/.lake/build/lib/lean /home/goutev/.elan/toolchains/leanprover--lean4---v4.28.0/bin/lean /home/goutev/LEAN4/info-geometry-lean/lean/.lake/packages/batteries/Batteries/Data/String/Basic.lean -o /home/goutev/LEAN4/info-geometry-lean/lean/.lake/packages/batteries/.lake/build/lib/lean/Batteries/Data/String/Basic.olean -i /home/goutev/LEAN4/info-geometry-lean/lean/.lake/packages/batteries/.lake/build/lib/lean/Batteries/Data/String/Basic.ilean -c /home/goutev/LEAN4/info-geometry-lean/lean/.lake/packages/batteries/.lake/build/ir/Batteries/Data/String/Basic.c --setup /home/goutev/LEAN4/info-geometry-lean/lean/.lake/packages/batteries/.lake/build/ir/Batteries/Data/String/Basic.setup.json --json
ℹ [81/534] Built Batteries.Control.LawfulMonadState (4.9s)
trace: .> LEAN_PATH=/home/goutev/LEAN4/info-geometry-lean/lean/.lake/packages/Cli/.lake/build/lib/lean:/home/goutev/LEAN4/info-geometry-lean/lean/.lake/packages/batteries/.lake/build/lib/lean:/home/goutev/LEAN4/info-geometry-lean/lean/.lake/packages/Qq/.lake/build/lib/lean:/home/goutev/LEAN4/info-geometry-lean/lean/.lake/packages/aesop/.lake/build/lib/lean:/home/goutev/LEAN4/info-geometry-lean/lean/.lake/packages/proofwidgets/.lake/build/lib/lean:/home/goutev/LEAN4/info-geometry-lean/lean/.lake/packages/importGraph/.lake/build/lib/lean:/home/goutev/LEAN4/info-geometry-lean/lean/.lake/packages/LeanSearchClient/.lake/build/lib/lean:/home/goutev/LEAN4/info-geometry-lean/lean/.lake/packages/plausible/.lake/build/lib/lean:/home/goutev/LEAN4/info-geometry-lean/lean/.lake/packages/mathlib/.lake/build/lib/lean:/home/goutev/LEAN4/info-geometry-lean/lean/.lake/build/lib/lean /home/goutev/.elan/toolchains/leanprover--lean4---v4.28.0/bin/lean /home/goutev/LEAN4/info-geometry-lean/lean/.lake/packages/batteries/Batteries/Control/LawfulMonadState.lean -o /home/goutev/LEAN4/info-geometry-lean/lean/.lake/packages/batteries/.lake/build/lib/lean/Batteries/Control/LawfulMonadState.olean -i /home/goutev/LEAN4/info-geometry-lean/lean/.lake/packages/batteries/.lake/build/lib/lean/Batteries/Control/LawfulMonadState.ilean -c /home/goutev/LEAN4/info-geometry-lean/lean/.lake/packages/batteries/.lake/build/ir/Batteries/Control/LawfulMonadState.c --setup /home/goutev/LEAN4/info-geometry-lean/lean/.lake/packages/batteries/.lake/build/ir/Batteries/Control/LawfulMonadState.setup.json --json
ℹ [82/534] Built ImportGraph.Graph.TransitiveClosure (1.2s)
trace: .> LEAN_PATH=/home/goutev/LEAN4/info-geometry-lean/lean/.lake/packages/Cli/.lake/build/lib/lean:/home/goutev/LEAN4/info-geometry-lean/lean/.lake/packages/batteries/.lake/build/lib/lean:/home/goutev/LEAN4/info-geometry-lean/lean/.lake/packages/Qq/.lake/build/lib/lean:/home/goutev/LEAN4/info-geometry-lean/lean/.lake/packages/aesop/.lake/build/lib/lean:/home/goutev/LEAN4/info-geometry-lean/lean/.lake/packages/proofwidgets/.lake/build/lib/lean:/home/goutev/LEAN4/info-geometry-lean/lean/.lake/packages/importGraph/.lake/build/lib/lean:/home/goutev/LEAN4/info-geometry-lean/lean/.lake/packages/LeanSearchClient/.lake/build/lib/lean:/home/goutev/LEAN4/info-geometry-lean/lean/.lake/packages/plausible/.lake/build/lib/lean:/home/goutev/LEAN4/info-geometry-lean/lean/.lake/packages/mathlib/.lake/build/lib/lean:/home/goutev/LEAN4/info-geometry-lean/lean/.lake/build/lib/lean /home/goutev/.elan/toolchains/leanprover--lean4---v4.28.0/bin/lean /home/goutev/LEAN4/info-geometry-lean/lean/.lake/packages/importGraph/ImportGraph/Graph/TransitiveClosure.lean -o /home/goutev/LEAN4/info-geometry-lean/lean/.lake/packages/importGraph/.lake/build/lib/lean/ImportGraph/Graph/TransitiveClosure.olean -i /home/goutev/LEAN4/info-geometry-lean/lean/.lake/packages/importGraph/.lake/build/lib/lean/ImportGraph/Graph/TransitiveClosure.ilean -c /home/goutev/LEAN4/info-geometry-lean/lean/.lake/packages/importGraph/.lake/build/ir/ImportGraph/Graph/TransitiveClosure.c --setup /home/goutev/LEAN4/info-geometry-lean/lean/.lake/packages/importGraph/.lake/build/ir/ImportGraph/Graph/TransitiveClosure.setup.json --json
ℹ [83/534] Ran LeanSearchClient:extraDep
trace: building from source; failed to fetch Reservoir build (see 'LeanSearchClient:optBarrel' for details)
ℹ [84/534] Replayed ProofWidgets.Compat
trace: .> LEAN_PATH=/home/runner/work/ProofWidgets4/ProofWidgets4/.lake/build/lib/lean /home/runner/.elan/toolchains/leanprover--lean4---v4.28.0/bin/lean /home/runner/work/ProofWidgets4/ProofWidgets4/ProofWidgets/Compat.lean -o /home/runner/work/ProofWidgets4/ProofWidgets4/.lake/build/lib/lean/ProofWidgets/Compat.olean -i /home/runner/work/ProofWidgets4/ProofWidgets4/.lake/build/lib/lean/ProofWidgets/Compat.ilean -c /home/runner/work/ProofWidgets4/ProofWidgets4/.lake/build/ir/ProofWidgets/Compat.c --setup /home/runner/work/ProofWidgets4/ProofWidgets4/.lake/build/ir/ProofWidgets/Compat.setup.json --json
ℹ [85/534] Built ImportGraph.Lean.Environment (1.4s)
trace: .> LEAN_PATH=/home/goutev/LEAN4/info-geometry-lean/lean/.lake/packages/Cli/.lake/build/lib/lean:/home/goutev/LEAN4/info-geometry-lean/lean/.lake/packages/batteries/.lake/build/lib/lean:/home/goutev/LEAN4/info-geometry-lean/lean/.lake/packages/Qq/.lake/build/lib/lean:/home/goutev/LEAN4/info-geometry-lean/lean/.lake/packages/aesop/.lake/build/lib/lean:/home/goutev/LEAN4/info-geometry-lean/lean/.lake/packages/proofwidgets/.lake/build/lib/lean:/home/goutev/LEAN4/info-geometry-lean/lean/.lake/packages/importGraph/.lake/build/lib/lean:/home/goutev/LEAN4/info-geometry-lean/lean/.lake/packages/LeanSearchClient/.lake/build/lib/lean:/home/goutev/LEAN4/info-geometry-lean/lean/.lake/packages/plausible/.lake/build/lib/lean:/home/goutev/LEAN4/info-geometry-lean/lean/.lake/packages/mathlib/.lake/build/lib/lean:/home/goutev/LEAN4/info-geometry-lean/lean/.lake/build/lib/lean /home/goutev/.elan/toolchains/leanprover--lean4---v4.28.0/bin/lean /home/goutev/LEAN4/info-geometry-lean/lean/.lake/packages/importGraph/ImportGraph/Lean/Environment.lean -o /home/goutev/LEAN4/info-geometry-lean/lean/.lake/packages/importGraph/.lake/build/lib/lean/ImportGraph/Lean/Environment.olean -i /home/goutev/LEAN4/info-geometry-lean/lean/.lake/packages/importGraph/.lake/build/lib/lean/ImportGraph/Lean/Environment.ilean -c /home/goutev/LEAN4/info-geometry-lean/lean/.lake/packages/importGraph/.lake/build/ir/ImportGraph/Lean/Environment.c --setup /home/goutev/LEAN4/info-geometry-lean/lean/.lake/packages/importGraph/.lake/build/ir/ImportGraph/Lean/Environment.setup.json --json
ℹ [86/534] Built Batteries.Lean.Expr (2.5s)
trace: .> LEAN_PATH=/home/goutev/LEAN4/info-geometry-lean/lean/.lake/packages/Cli/.lake/build/lib/lean:/home/goutev/LEAN4/info-geometry-lean/lean/.lake/packages/batteries/.lake/build/lib/lean:/home/goutev/LEAN4/info-geometry-lean/lean/.lake/packages/Qq/.lake/build/lib/lean:/home/goutev/LEAN4/info-geometry-lean/lean/.lake/packages/aesop/.lake/build/lib/lean:/home/goutev/LEAN4/info-geometry-lean/lean/.lake/packages/proofwidgets/.lake/build/lib/lean:/home/goutev/LEAN4/info-geometry-lean/lean/.lake/packages/importGraph/.lake/build/lib/lean:/home/goutev/LEAN4/info-geometry-lean/lean/.lake/packages/LeanSearchClient/.lake/build/lib/lean:/home/goutev/LEAN4/info-geometry-lean/lean/.lake/packages/plausible/.lake/build/lib/lean:/home/goutev/LEAN4/info-geometry-lean/lean/.lake/packages/mathlib/.lake/build/lib/lean:/home/goutev/LEAN4/info-geometry-lean/lean/.lake/build/lib/lean /home/goutev/.elan/toolchains/leanprover--lean4---v4.28.0/bin/lean /home/goutev/LEAN4/info-geometry-lean/lean/.lake/packages/batteries/Batteries/Lean/Expr.lean -o /home/goutev/LEAN4/info-geometry-lean/lean/.lake/packages/batteries/.lake/build/lib/lean/Batteries/Lean/Expr.olean -i /home/goutev/LEAN4/info-geometry-lean/lean/.lake/packages/batteries/.lake/build/lib/lean/Batteries/Lean/Expr.ilean -c /home/goutev/LEAN4/info-geometry-lean/lean/.lake/packages/batteries/.lake/build/ir/Batteries/Lean/Expr.c --setup /home/goutev/LEAN4/info-geometry-lean/lean/.lake/packages/batteries/.lake/build/ir/Batteries/Lean/Expr.setup.json --json
ℹ [87/534] Built Batteries.Tactic.Init (5.1s)
trace: .> LEAN_PATH=/home/goutev/LEAN4/info-geometry-lean/lean/.lake/packages/Cli/.lake/build/lib/lean:/home/goutev/LEAN4/info-geometry-lean/lean/.lake/packages/batteries/.lake/build/lib/lean:/home/goutev/LEAN4/info-geometry-lean/lean/.lake/packages/Qq/.lake/build/lib/lean:/home/goutev/LEAN4/info-geometry-lean/lean/.lake/packages/aesop/.lake/build/lib/lean:/home/goutev/LEAN4/info-geometry-lean/lean/.lake/packages/proofwidgets/.lake/build/lib/lean:/home/goutev/LEAN4/info-geometry-lean/lean/.lake/packages/importGraph/.lake/build/lib/lean:/home/goutev/LEAN4/info-geometry-lean/lean/.lake/packages/LeanSearchClient/.lake/build/lib/lean:/home/goutev/LEAN4/info-geometry-lean/lean/.lake/packages/plausible/.lake/build/lib/lean:/home/goutev/LEAN4/info-geometry-lean/lean/.lake/packages/mathlib/.lake/build/lib/lean:/home/goutev/LEAN4/info-geometry-lean/lean/.lake/build/lib/lean /home/goutev/.elan/toolchains/leanprover--lean4---v4.28.0/bin/lean /home/goutev/LEAN4/info-geometry-lean/lean/.lake/packages/batteries/Batteries/Tactic/Init.lean -o /home/goutev/LEAN4/info-geometry-lean/lean/.lake/packages/batteries/.lake/build/lib/lean/Batteries/Tactic/Init.olean -i /home/goutev/LEAN4/info-geometry-lean/lean/.lake/packages/batteries/.lake/build/lib/lean/Batteries/Tactic/Init.ilean -c /home/goutev/LEAN4/info-geometry-lean/lean/.lake/packages/batteries/.lake/build/ir/Batteries/Tactic/Init.c --setup /home/goutev/LEAN4/info-geometry-lean/lean/.lake/packages/batteries/.lake/build/ir/Batteries/Tactic/Init.setup.json --json
ℹ [88/534] Built ImportGraph.Imports.ImportGraph (1.5s)
trace: .> LEAN_PATH=/home/goutev/LEAN4/info-geometry-lean/lean/.lake/packages/Cli/.lake/build/lib/lean:/home/goutev/LEAN4/info-geometry-lean/lean/.lake/packages/batteries/.lake/build/lib/lean:/home/goutev/LEAN4/info-geometry-lean/lean/.lake/packages/Qq/.lake/build/lib/lean:/home/goutev/LEAN4/info-geometry-lean/lean/.lake/packages/aesop/.lake/build/lib/lean:/home/goutev/LEAN4/info-geometry-lean/lean/.lake/packages/proofwidgets/.lake/build/lib/lean:/home/goutev/LEAN4/info-geometry-lean/lean/.lake/packages/importGraph/.lake/build/lib/lean:/home/goutev/LEAN4/info-geometry-lean/lean/.lake/packages/LeanSearchClient/.lake/build/lib/lean:/home/goutev/LEAN4/info-geometry-lean/lean/.lake/packages/plausible/.lake/build/lib/lean:/home/goutev/LEAN4/info-geometry-lean/lean/.lake/packages/mathlib/.lake/build/lib/lean:/home/goutev/LEAN4/info-geometry-lean/lean/.lake/build/lib/lean /home/goutev/.elan/toolchains/leanprover--lean4---v4.28.0/bin/lean /home/goutev/LEAN4/info-geometry-lean/lean/.lake/packages/importGraph/ImportGraph/Imports/ImportGraph.lean -o /home/goutev/LEAN4/info-geometry-lean/lean/.lake/packages/importGraph/.lake/build/lib/lean/ImportGraph/Imports/ImportGraph.olean -i /home/goutev/LEAN4/info-geometry-lean/lean/.lake/packages/importGraph/.lake/build/lib/lean/ImportGraph/Imports/ImportGraph.ilean -c /home/goutev/LEAN4/info-geometry-lean/lean/.lake/packages/importGraph/.lake/build/ir/ImportGraph/Imports/ImportGraph.c --setup /home/goutev/LEAN4/info-geometry-lean/lean/.lake/packages/importGraph/.lake/build/ir/ImportGraph/Imports/ImportGraph.setup.json --json
ℹ [89/534] Built Batteries.Tactic.Trans (9.5s)
trace: .> LEAN_PATH=/home/goutev/LEAN4/info-geometry-lean/lean/.lake/packages/Cli/.lake/build/lib/lean:/home/goutev/LEAN4/info-geometry-lean/lean/.lake/packages/batteries/.lake/build/lib/lean:/home/goutev/LEAN4/info-geometry-lean/lean/.lake/packages/Qq/.lake/build/lib/lean:/home/goutev/LEAN4/info-geometry-lean/lean/.lake/packages/aesop/.lake/build/lib/lean:/home/goutev/LEAN4/info-geometry-lean/lean/.lake/packages/proofwidgets/.lake/build/lib/lean:/home/goutev/LEAN4/info-geometry-lean/lean/.lake/packages/importGraph/.lake/build/lib/lean:/home/goutev/LEAN4/info-geometry-lean/lean/.lake/packages/LeanSearchClient/.lake/build/lib/lean:/home/goutev/LEAN4/info-geometry-lean/lean/.lake/packages/plausible/.lake/build/lib/lean:/home/goutev/LEAN4/info-geometry-lean/lean/.lake/packages/mathlib/.lake/build/lib/lean:/home/goutev/LEAN4/info-geometry-lean/lean/.lake/build/lib/lean /home/goutev/.elan/toolchains/leanprover--lean4---v4.28.0/bin/lean /home/goutev/LEAN4/info-geometry-lean/lean/.lake/packages/batteries/Batteries/Tactic/Trans.lean -o /home/goutev/LEAN4/info-geometry-lean/lean/.lake/packages/batteries/.lake/build/lib/lean/Batteries/Tactic/Trans.olean -i /home/goutev/LEAN4/info-geometry-lean/lean/.lake/packages/batteries/.lake/build/lib/lean/Batteries/Tactic/Trans.ilean -c /home/goutev/LEAN4/info-geometry-lean/lean/.lake/packages/batteries/.lake/build/ir/Batteries/Tactic/Trans.c --setup /home/goutev/LEAN4/info-geometry-lean/lean/.lake/packages/batteries/.lake/build/ir/Batteries/Tactic/Trans.setup.json --json
ℹ [90/534] Built Batteries.CodeAction.Deprecated (3.9s)
trace: .> LEAN_PATH=/home/goutev/LEAN4/info-geometry-lean/lean/.lake/packages/Cli/.lake/build/lib/lean:/home/goutev/LEAN4/info-geometry-lean/lean/.lake/packages/batteries/.lake/build/lib/lean:/home/goutev/LEAN4/info-geometry-lean/lean/.lake/packages/Qq/.lake/build/lib/lean:/home/goutev/LEAN4/info-geometry-lean/lean/.lake/packages/aesop/.lake/build/lib/lean:/home/goutev/LEAN4/info-geometry-lean/lean/.lake/packages/proofwidgets/.lake/build/lib/lean:/home/goutev/LEAN4/info-geometry-lean/lean/.lake/packages/importGraph/.lake/build/lib/lean:/home/goutev/LEAN4/info-geometry-lean/lean/.lake/packages/LeanSearchClient/.lake/build/lib/lean:/home/goutev/LEAN4/info-geometry-lean/lean/.lake/packages/plausible/.lake/build/lib/lean:/home/goutev/LEAN4/info-geometry-lean/lean/.lake/packages/mathlib/.lake/build/lib/lean:/home/goutev/LEAN4/info-geometry-lean/lean/.lake/build/lib/lean /home/goutev/.elan/toolchains/leanprover--lean4---v4.28.0/bin/lean /home/goutev/LEAN4/info-geometry-lean/lean/.lake/packages/batteries/Batteries/CodeAction/Deprecated.lean -o /home/goutev/LEAN4/info-geometry-lean/lean/.lake/packages/batteries/.lake/build/lib/lean/Batteries/CodeAction/Deprecated.olean -i /home/goutev/LEAN4/info-geometry-lean/lean/.lake/packages/batteries/.lake/build/lib/lean/Batteries/CodeAction/Deprecated.ilean -c /home/goutev/LEAN4/info-geometry-lean/lean/.lake/packages/batteries/.lake/build/ir/Batteries/CodeAction/Deprecated.c --setup /home/goutev/LEAN4/info-geometry-lean/lean/.lake/packages/batteries/.lake/build/ir/Batteries/CodeAction/Deprecated.setup.json --json
ℹ [91/534] Built Aesop.Constants (949ms)
trace: .> LEAN_PATH=/home/goutev/LEAN4/info-geometry-lean/lean/.lake/packages/Cli/.lake/build/lib/lean:/home/goutev/LEAN4/info-geometry-lean/lean/.lake/packages/batteries/.lake/build/lib/lean:/home/goutev/LEAN4/info-geometry-lean/lean/.lake/packages/Qq/.lake/build/lib/lean:/home/goutev/LEAN4/info-geometry-lean/lean/.lake/packages/aesop/.lake/build/lib/lean:/home/goutev/LEAN4/info-geometry-lean/lean/.lake/packages/proofwidgets/.lake/build/lib/lean:/home/goutev/LEAN4/info-geometry-lean/lean/.lake/packages/importGraph/.lake/build/lib/lean:/home/goutev/LEAN4/info-geometry-lean/lean/.lake/packages/LeanSearchClient/.lake/build/lib/lean:/home/goutev/LEAN4/info-geometry-lean/lean/.lake/packages/plausible/.lake/build/lib/lean:/home/goutev/LEAN4/info-geometry-lean/lean/.lake/packages/mathlib/.lake/build/lib/lean:/home/goutev/LEAN4/info-geometry-lean/lean/.lake/build/lib/lean /home/goutev/.elan/toolchains/leanprover--lean4---v4.28.0/bin/lean /home/goutev/LEAN4/info-geometry-lean/lean/.lake/packages/aesop/Aesop/Constants.lean -o /home/goutev/LEAN4/info-geometry-lean/lean/.lake/packages/aesop/.lake/build/lib/lean/Aesop/Constants.olean -i /home/goutev/LEAN4/info-geometry-lean/lean/.lake/packages/aesop/.lake/build/lib/lean/Aesop/Constants.ilean -c /home/goutev/LEAN4/info-geometry-lean/lean/.lake/packages/aesop/.lake/build/ir/Aesop/Constants.c --setup /home/goutev/LEAN4/info-geometry-lean/lean/.lake/packages/aesop/.lake/build/ir/Aesop/Constants.setup.json --json
ℹ [92/534] Built Aesop.RuleTac.RuleTerm (1.4s)
trace: .> LEAN_PATH=/home/goutev/LEAN4/info-geometry-lean/lean/.lake/packages/Cli/.lake/build/lib/lean:/home/goutev/LEAN4/info-geometry-lean/lean/.lake/packages/batteries/.lake/build/lib/lean:/home/goutev/LEAN4/info-geometry-lean/lean/.lake/packages/Qq/.lake/build/lib/lean:/home/goutev/LEAN4/info-geometry-lean/lean/.lake/packages/aesop/.lake/build/lib/lean:/home/goutev/LEAN4/info-geometry-lean/lean/.lake/packages/proofwidgets/.lake/build/lib/lean:/home/goutev/LEAN4/info-geometry-lean/lean/.lake/packages/importGraph/.lake/build/lib/lean:/home/goutev/LEAN4/info-geometry-lean/lean/.lake/packages/LeanSearchClient/.lake/build/lib/lean:/home/goutev/LEAN4/info-geometry-lean/lean/.lake/packages/plausible/.lake/build/lib/lean:/home/goutev/LEAN4/info-geometry-lean/lean/.lake/packages/mathlib/.lake/build/lib/lean:/home/goutev/LEAN4/info-geometry-lean/lean/.lake/build/lib/lean /home/goutev/.elan/toolchains/leanprover--lean4---v4.28.0/bin/lean /home/goutev/LEAN4/info-geometry-lean/lean/.lake/packages/aesop/Aesop/RuleTac/RuleTerm.lean -o /home/goutev/LEAN4/info-geometry-lean/lean/.lake/packages/aesop/.lake/build/lib/lean/Aesop/RuleTac/RuleTerm.olean -i /home/goutev/LEAN4/info-geometry-lean/lean/.lake/packages/aesop/.lake/build/lib/lean/Aesop/RuleTac/RuleTerm.ilean -c /home/goutev/LEAN4/info-geometry-lean/lean/.lake/packages/aesop/.lake/build/ir/Aesop/RuleTac/RuleTerm.c --setup /home/goutev/LEAN4/info-geometry-lean/lean/.lake/packages/aesop/.lake/build/ir/Aesop/RuleTac/RuleTerm.setup.json --json
ℹ [93/534] Built Batteries.Data.Array.Merge (4.8s)
trace: .> LEAN_PATH=/home/goutev/LEAN4/info-geometry-lean/lean/.lake/packages/Cli/.lake/build/lib/lean:/home/goutev/LEAN4/info-geometry-lean/lean/.lake/packages/batteries/.lake/build/lib/lean:/home/goutev/LEAN4/info-geometry-lean/lean/.lake/packages/Qq/.lake/build/lib/lean:/home/goutev/LEAN4/info-geometry-lean/lean/.lake/packages/aesop/.lake/build/lib/lean:/home/goutev/LEAN4/info-geometry-lean/lean/.lake/packages/proofwidgets/.lake/build/lib/lean:/home/goutev/LEAN4/info-geometry-lean/lean/.lake/packages/importGraph/.lake/build/lib/lean:/home/goutev/LEAN4/info-geometry-lean/lean/.lake/packages/LeanSearchClient/.lake/build/lib/lean:/home/goutev/LEAN4/info-geometry-lean/lean/.lake/packages/plausible/.lake/build/lib/lean:/home/goutev/LEAN4/info-geometry-lean/lean/.lake/packages/mathlib/.lake/build/lib/lean:/home/goutev/LEAN4/info-geometry-lean/lean/.lake/build/lib/lean /home/goutev/.elan/toolchains/leanprover--lean4---v4.28.0/bin/lean /home/goutev/LEAN4/info-geometry-lean/lean/.lake/packages/batteries/Batteries/Data/Array/Merge.lean -o /home/goutev/LEAN4/info-geometry-lean/lean/.lake/packages/batteries/.lake/build/lib/lean/Batteries/Data/Array/Merge.olean -i /home/goutev/LEAN4/info-geometry-lean/lean/.lake/packages/batteries/.lake/build/lib/lean/Batteries/Data/Array/Merge.ilean -c /home/goutev/LEAN4/info-geometry-lean/lean/.lake/packages/batteries/.lake/build/ir/Batteries/Data/Array/Merge.c --setup /home/goutev/LEAN4/info-geometry-lean/lean/.lake/packages/batteries/.lake/build/ir/Batteries/Data/Array/Merge.setup.json --json
ℹ [94/534] Built Plausible.Gen (3.1s)
trace: .> LEAN_PATH=/home/goutev/LEAN4/info-geometry-lean/lean/.lake/packages/Cli/.lake/build/lib/lean:/home/goutev/LEAN4/info-geometry-lean/lean/.lake/packages/batteries/.lake/build/lib/lean:/home/goutev/LEAN4/info-geometry-lean/lean/.lake/packages/Qq/.lake/build/lib/lean:/home/goutev/LEAN4/info-geometry-lean/lean/.lake/packages/aesop/.lake/build/lib/lean:/home/goutev/LEAN4/info-geometry-lean/lean/.lake/packages/proofwidgets/.lake/build/lib/lean:/home/goutev/LEAN4/info-geometry-lean/lean/.lake/packages/importGraph/.lake/build/lib/lean:/home/goutev/LEAN4/info-geometry-lean/lean/.lake/packages/LeanSearchClient/.lake/build/lib/lean:/home/goutev/LEAN4/info-geometry-lean/lean/.lake/packages/plausible/.lake/build/lib/lean:/home/goutev/LEAN4/info-geometry-lean/lean/.lake/packages/mathlib/.lake/build/lib/lean:/home/goutev/LEAN4/info-geometry-lean/lean/.lake/build/lib/lean /home/goutev/.elan/toolchains/leanprover--lean4---v4.28.0/bin/lean /home/goutev/LEAN4/info-geometry-lean/lean/.lake/packages/plausible/Plausible/Gen.lean -o /home/goutev/LEAN4/info-geometry-lean/lean/.lake/packages/plausible/.lake/build/lib/lean/Plausible/Gen.olean -i /home/goutev/LEAN4/info-geometry-lean/lean/.lake/packages/plausible/.lake/build/lib/lean/Plausible/Gen.ilean -c /home/goutev/LEAN4/info-geometry-lean/lean/.lake/packages/plausible/.lake/build/ir/Plausible/Gen.c --setup /home/goutev/LEAN4/info-geometry-lean/lean/.lake/packages/plausible/.lake/build/ir/Plausible/Gen.setup.json --json
ℹ [95/534] Built Aesop.RuleTac.ElabRuleTerm (3.4s)
trace: .> LEAN_PATH=/home/goutev/LEAN4/info-geometry-lean/lean/.lake/packages/Cli/.lake/build/lib/lean:/home/goutev/LEAN4/info-geometry-lean/lean/.lake/packages/batteries/.lake/build/lib/lean:/home/goutev/LEAN4/info-geometry-lean/lean/.lake/packages/Qq/.lake/build/lib/lean:/home/goutev/LEAN4/info-geometry-lean/lean/.lake/packages/aesop/.lake/build/lib/lean:/home/goutev/LEAN4/info-geometry-lean/lean/.lake/packages/proofwidgets/.lake/build/lib/lean:/home/goutev/LEAN4/info-geometry-lean/lean/.lake/packages/importGraph/.lake/build/lib/lean:/home/goutev/LEAN4/info-geometry-lean/lean/.lake/packages/LeanSearchClient/.lake/build/lib/lean:/home/goutev/LEAN4/info-geometry-lean/lean/.lake/packages/plausible/.lake/build/lib/lean:/home/goutev/LEAN4/info-geometry-lean/lean/.lake/packages/mathlib/.lake/build/lib/lean:/home/goutev/LEAN4/info-geometry-lean/lean/.lake/build/lib/lean /home/goutev/.elan/toolchains/leanprover--lean4---v4.28.0/bin/lean /home/goutev/LEAN4/info-geometry-lean/lean/.lake/packages/aesop/Aesop/RuleTac/ElabRuleTerm.lean -o /home/goutev/LEAN4/info-geometry-lean/lean/.lake/packages/aesop/.lake/build/lib/lean/Aesop/RuleTac/ElabRuleTerm.olean -i /home/goutev/LEAN4/info-geometry-lean/lean/.lake/packages/aesop/.lake/build/lib/lean/Aesop/RuleTac/ElabRuleTerm.ilean -c /home/goutev/LEAN4/info-geometry-lean/lean/.lake/packages/aesop/.lake/build/ir/Aesop/RuleTac/ElabRuleTerm.c --setup /home/goutev/LEAN4/info-geometry-lean/lean/.lake/packages/aesop/.lake/build/ir/Aesop/RuleTac/ElabRuleTerm.setup.json --json
ℹ [96/534] Built Aesop.RuleSet.Filter (2.7s)
trace: .> LEAN_PATH=/home/goutev/LEAN4/info-geometry-lean/lean/.lake/packages/Cli/.lake/build/lib/lean:/home/goutev/LEAN4/info-geometry-lean/lean/.lake/packages/batteries/.lake/build/lib/lean:/home/goutev/LEAN4/info-geometry-lean/lean/.lake/packages/Qq/.lake/build/lib/lean:/home/goutev/LEAN4/info-geometry-lean/lean/.lake/packages/aesop/.lake/build/lib/lean:/home/goutev/LEAN4/info-geometry-lean/lean/.lake/packages/proofwidgets/.lake/build/lib/lean:/home/goutev/LEAN4/info-geometry-lean/lean/.lake/packages/importGraph/.lake/build/lib/lean:/home/goutev/LEAN4/info-geometry-lean/lean/.lake/packages/LeanSearchClient/.lake/build/lib/lean:/home/goutev/LEAN4/info-geometry-lean/lean/.lake/packages/plausible/.lake/build/lib/lean:/home/goutev/LEAN4/info-geometry-lean/lean/.lake/packages/mathlib/.lake/build/lib/lean:/home/goutev/LEAN4/info-geometry-lean/lean/.lake/build/lib/lean /home/goutev/.elan/toolchains/leanprover--lean4---v4.28.0/bin/lean /home/goutev/LEAN4/info-geometry-lean/lean/.lake/packages/aesop/Aesop/RuleSet/Filter.lean -o /home/goutev/LEAN4/info-geometry-lean/lean/.lake/packages/aesop/.lake/build/lib/lean/Aesop/RuleSet/Filter.olean -i /home/goutev/LEAN4/info-geometry-lean/lean/.lake/packages/aesop/.lake/build/lib/lean/Aesop/RuleSet/Filter.ilean -c /home/goutev/LEAN4/info-geometry-lean/lean/.lake/packages/aesop/.lake/build/ir/Aesop/RuleSet/Filter.c --setup /home/goutev/LEAN4/info-geometry-lean/lean/.lake/packages/aesop/.lake/build/ir/Aesop/RuleSet/Filter.setup.json --json
ℹ [97/534] Built Batteries.Data.List.Matcher (1.2s)
trace: .> LEAN_PATH=/home/goutev/LEAN4/info-geometry-lean/lean/.lake/packages/Cli/.lake/build/lib/lean:/home/goutev/LEAN4/info-geometry-lean/lean/.lake/packages/batteries/.lake/build/lib/lean:/home/goutev/LEAN4/info-geometry-lean/lean/.lake/packages/Qq/.lake/build/lib/lean:/home/goutev/LEAN4/info-geometry-lean/lean/.lake/packages/aesop/.lake/build/lib/lean:/home/goutev/LEAN4/info-geometry-lean/lean/.lake/packages/proofwidgets/.lake/build/lib/lean:/home/goutev/LEAN4/info-geometry-lean/lean/.lake/packages/importGraph/.lake/build/lib/lean:/home/goutev/LEAN4/info-geometry-lean/lean/.lake/packages/LeanSearchClient/.lake/build/lib/lean:/home/goutev/LEAN4/info-geometry-lean/lean/.lake/packages/plausible/.lake/build/lib/lean:/home/goutev/LEAN4/info-geometry-lean/lean/.lake/packages/mathlib/.lake/build/lib/lean:/home/goutev/LEAN4/info-geometry-lean/lean/.lake/build/lib/lean /home/goutev/.elan/toolchains/leanprover--lean4---v4.28.0/bin/lean /home/goutev/LEAN4/info-geometry-lean/lean/.lake/packages/batteries/Batteries/Data/List/Matcher.lean -o /home/goutev/LEAN4/info-geometry-lean/lean/.lake/packages/batteries/.lake/build/lib/lean/Batteries/Data/List/Matcher.olean -i /home/goutev/LEAN4/info-geometry-lean/lean/.lake/packages/batteries/.lake/build/lib/lean/Batteries/Data/List/Matcher.ilean -c /home/goutev/LEAN4/info-geometry-lean/lean/.lake/packages/batteries/.lake/build/ir/Batteries/Data/List/Matcher.c --setup /home/goutev/LEAN4/info-geometry-lean/lean/.lake/packages/batteries/.lake/build/ir/Batteries/Data/List/Matcher.setup.json --json
ℹ [98/534] Built Mathlib.Tactic.Linter.Header (5.1s)
trace: .> LEAN_PATH=/home/goutev/LEAN4/info-geometry-lean/lean/.lake/packages/Cli/.lake/build/lib/lean:/home/goutev/LEAN4/info-geometry-lean/lean/.lake/packages/batteries/.lake/build/lib/lean:/home/goutev/LEAN4/info-geometry-lean/lean/.lake/packages/Qq/.lake/build/lib/lean:/home/goutev/LEAN4/info-geometry-lean/lean/.lake/packages/aesop/.lake/build/lib/lean:/home/goutev/LEAN4/info-geometry-lean/lean/.lake/packages/proofwidgets/.lake/build/lib/lean:/home/goutev/LEAN4/info-geometry-lean/lean/.lake/packages/importGraph/.lake/build/lib/lean:/home/goutev/LEAN4/info-geometry-lean/lean/.lake/packages/LeanSearchClient/.lake/build/lib/lean:/home/goutev/LEAN4/info-geometry-lean/lean/.lake/packages/plausible/.lake/build/lib/lean:/home/goutev/LEAN4/info-geometry-lean/lean/.lake/packages/mathlib/.lake/build/lib/lean:/home/goutev/LEAN4/info-geometry-lean/lean/.lake/build/lib/lean /home/goutev/.elan/toolchains/leanprover--lean4---v4.28.0/bin/lean /home/goutev/LEAN4/info-geometry-lean/lean/.lake/packages/mathlib/Mathlib/Tactic/Linter/Header.lean -o /home/goutev/LEAN4/info-geometry-lean/lean/.lake/packages/mathlib/.lake/build/lib/lean/Mathlib/Tactic/Linter/Header.olean -i /home/goutev/LEAN4/info-geometry-lean/lean/.lake/packages/mathlib/.lake/build/lib/lean/Mathlib/Tactic/Linter/Header.ilean -c /home/goutev/LEAN4/info-geometry-lean/lean/.lake/packages/mathlib/.lake/build/ir/Mathlib/Tactic/Linter/Header.c --setup /home/goutev/LEAN4/info-geometry-lean/lean/.lake/packages/mathlib/.lake/build/ir/Mathlib/Tactic/Linter/Header.setup.json --json
ℹ [99/534] Replayed ProofWidgets.Util
trace: .> LEAN_PATH=/home/runner/work/ProofWidgets4/ProofWidgets4/.lake/build/lib/lean /home/runner/.elan/toolchains/leanprover--lean4---v4.28.0/bin/lean /home/runner/work/ProofWidgets4/ProofWidgets4/ProofWidgets/Util.lean -o /home/runner/work/ProofWidgets4/ProofWidgets4/.lake/build/lib/lean/ProofWidgets/Util.olean -i /home/runner/work/ProofWidgets4/ProofWidgets4/.lake/build/lib/lean/ProofWidgets/Util.ilean -c /home/runner/work/ProofWidgets4/ProofWidgets4/.lake/build/ir/ProofWidgets/Util.c --setup /home/runner/work/ProofWidgets4/ProofWidgets4/.lake/build/ir/ProofWidgets/Util.setup.json --json
ℹ [100/534] Built Aesop.Util.Tactic.Unfold (4.3s)
trace: .> LEAN_PATH=/home/goutev/LEAN4/info-geometry-lean/lean/.lake/packages/Cli/.lake/build/lib/lean:/home/goutev/LEAN4/info-geometry-lean/lean/.lake/packages/batteries/.lake/build/lib/lean:/home/goutev/LEAN4/info-geometry-lean/lean/.lake/packages/Qq/.lake/build/lib/lean:/home/goutev/LEAN4/info-geometry-lean/lean/.lake/packages/aesop/.lake/build/lib/lean:/home/goutev/LEAN4/info-geometry-lean/lean/.lake/packages/proofwidgets/.lake/build/lib/lean:/home/goutev/LEAN4/info-geometry-lean/lean/.lake/packages/importGraph/.lake/build/lib/lean:/home/goutev/LEAN4/info-geometry-lean/lean/.lake/packages/LeanSearchClient/.lake/build/lib/lean:/home/goutev/LEAN4/info-geometry-lean/lean/.lake/packages/plausible/.lake/build/lib/lean:/home/goutev/LEAN4/info-geometry-lean/lean/.lake/packages/mathlib/.lake/build/lib/lean:/home/goutev/LEAN4/info-geometry-lean/lean/.lake/build/lib/lean /home/goutev/.elan/toolchains/leanprover--lean4---v4.28.0/bin/lean /home/goutev/LEAN4/info-geometry-lean/lean/.lake/packages/aesop/Aesop/Util/Tactic/Unfold.lean -o /home/goutev/LEAN4/info-geometry-lean/lean/.lake/packages/aesop/.lake/build/lib/lean/Aesop/Util/Tactic/Unfold.olean -i /home/goutev/LEAN4/info-geometry-lean/lean/.lake/packages/aesop/.lake/build/lib/lean/Aesop/Util/Tactic/Unfold.ilean -c /home/goutev/LEAN4/info-geometry-lean/lean/.lake/packages/aesop/.lake/build/ir/Aesop/Util/Tactic/Unfold.c --setup /home/goutev/LEAN4/info-geometry-lean/lean/.lake/packages/aesop/.lake/build/ir/Aesop/Util/Tactic/Unfold.setup.json --json
ℹ [101/537] Built Batteries.Control.ForInStep.Lemmas (1.3s)
trace: .> LEAN_PATH=/home/goutev/LEAN4/info-geometry-lean/lean/.lake/packages/Cli/.lake/build/lib/lean:/home/goutev/LEAN4/info-geometry-lean/lean/.lake/packages/batteries/.lake/build/lib/lean:/home/goutev/LEAN4/info-geometry-lean/lean/.lake/packages/Qq/.lake/build/lib/lean:/home/goutev/LEAN4/info-geometry-lean/lean/.lake/packages/aesop/.lake/build/lib/lean:/home/goutev/LEAN4/info-geometry-lean/lean/.lake/packages/proofwidgets/.lake/build/lib/lean:/home/goutev/LEAN4/info-geometry-lean/lean/.lake/packages/importGraph/.lake/build/lib/lean:/home/goutev/LEAN4/info-geometry-lean/lean/.lake/packages/LeanSearchClient/.lake/build/lib/lean:/home/goutev/LEAN4/info-geometry-lean/lean/.lake/packages/plausible/.lake/build/lib/lean:/home/goutev/LEAN4/info-geometry-lean/lean/.lake/packages/mathlib/.lake/build/lib/lean:/home/goutev/LEAN4/info-geometry-lean/lean/.lake/build/lib/lean /home/goutev/.elan/toolchains/leanprover--lean4---v4.28.0/bin/lean /home/goutev/LEAN4/info-geometry-lean/lean/.lake/packages/batteries/Batteries/Control/ForInStep/Lemmas.lean -o /home/goutev/LEAN4/info-geometry-lean/lean/.lake/packages/batteries/.lake/build/lib/lean/Batteries/Control/ForInStep/Lemmas.olean -i /home/goutev/LEAN4/info-geometry-lean/lean/.lake/packages/batteries/.lake/build/lib/lean/Batteries/Control/ForInStep/Lemmas.ilean -c /home/goutev/LEAN4/info-geometry-lean/lean/.lake/packages/batteries/.lake/build/ir/Batteries/Control/ForInStep/Lemmas.c --setup /home/goutev/LEAN4/info-geometry-lean/lean/.lake/packages/batteries/.lake/build/ir/Batteries/Control/ForInStep/Lemmas.setup.json --json
ℹ [102/537] Built Aesop.Options.Internal (2.3s)
trace: .> LEAN_PATH=/home/goutev/LEAN4/info-geometry-lean/lean/.lake/packages/Cli/.lake/build/lib/lean:/home/goutev/LEAN4/info-geometry-lean/lean/.lake/packages/batteries/.lake/build/lib/lean:/home/goutev/LEAN4/info-geometry-lean/lean/.lake/packages/Qq/.lake/build/lib/lean:/home/goutev/LEAN4/info-geometry-lean/lean/.lake/packages/aesop/.lake/build/lib/lean:/home/goutev/LEAN4/info-geometry-lean/lean/.lake/packages/proofwidgets/.lake/build/lib/lean:/home/goutev/LEAN4/info-geometry-lean/lean/.lake/packages/importGraph/.lake/build/lib/lean:/home/goutev/LEAN4/info-geometry-lean/lean/.lake/packages/LeanSearchClient/.lake/build/lib/lean:/home/goutev/LEAN4/info-geometry-lean/lean/.lake/packages/plausible/.lake/build/lib/lean:/home/goutev/LEAN4/info-geometry-lean/lean/.lake/packages/mathlib/.lake/build/lib/lean:/home/goutev/LEAN4/info-geometry-lean/lean/.lake/build/lib/lean /home/goutev/.elan/toolchains/leanprover--lean4---v4.28.0/bin/lean /home/goutev/LEAN4/info-geometry-lean/lean/.lake/packages/aesop/Aesop/Options/Internal.lean -o /home/goutev/LEAN4/info-geometry-lean/lean/.lake/packages/aesop/.lake/build/lib/lean/Aesop/Options/Internal.olean -i /home/goutev/LEAN4/info-geometry-lean/lean/.lake/packages/aesop/.lake/build/lib/lean/Aesop/Options/Internal.ilean -c /home/goutev/LEAN4/info-geometry-lean/lean/.lake/packages/aesop/.lake/build/ir/Aesop/Options/Internal.c --setup /home/goutev/LEAN4/info-geometry-lean/lean/.lake/packages/aesop/.lake/build/ir/Aesop/Options/Internal.setup.json --json
ℹ [103/537] Built Batteries.Classes.SatisfiesM (3.2s)
trace: .> LEAN_PATH=/home/goutev/LEAN4/info-geometry-lean/lean/.lake/packages/Cli/.lake/build/lib/lean:/home/goutev/LEAN4/info-geometry-lean/lean/.lake/packages/batteries/.lake/build/lib/lean:/home/goutev/LEAN4/info-geometry-lean/lean/.lake/packages/Qq/.lake/build/lib/lean:/home/goutev/LEAN4/info-geometry-lean/lean/.lake/packages/aesop/.lake/build/lib/lean:/home/goutev/LEAN4/info-geometry-lean/lean/.lake/packages/proofwidgets/.lake/build/lib/lean:/home/goutev/LEAN4/info-geometry-lean/lean/.lake/packages/importGraph/.lake/build/lib/lean:/home/goutev/LEAN4/info-geometry-lean/lean/.lake/packages/LeanSearchClient/.lake/build/lib/lean:/home/goutev/LEAN4/info-geometry-lean/lean/.lake/packages/plausible/.lake/build/lib/lean:/home/goutev/LEAN4/info-geometry-lean/lean/.lake/packages/mathlib/.lake/build/lib/lean:/home/goutev/LEAN4/info-geometry-lean/lean/.lake/build/lib/lean /home/goutev/.elan/toolchains/leanprover--lean4---v4.28.0/bin/lean /home/goutev/LEAN4/info-geometry-lean/lean/.lake/packages/batteries/Batteries/Classes/SatisfiesM.lean -o /home/goutev/LEAN4/info-geometry-lean/lean/.lake/packages/batteries/.lake/build/lib/lean/Batteries/Classes/SatisfiesM.olean -i /home/goutev/LEAN4/info-geometry-lean/lean/.lake/packages/batteries/.lake/build/lib/lean/Batteries/Classes/SatisfiesM.ilean -c /home/goutev/LEAN4/info-geometry-lean/lean/.lake/packages/batteries/.lake/build/ir/Batteries/Classes/SatisfiesM.c --setup /home/goutev/LEAN4/info-geometry-lean/lean/.lake/packages/batteries/.lake/build/ir/Batteries/Classes/SatisfiesM.setup.json --json
ℹ [104/537] Built Batteries.CodeAction.Basic (2.0s)
trace: .> LEAN_PATH=/home/goutev/LEAN4/info-geometry-lean/lean/.lake/packages/Cli/.lake/build/lib/lean:/home/goutev/LEAN4/info-geometry-lean/lean/.lake/packages/batteries/.lake/build/lib/lean:/home/goutev/LEAN4/info-geometry-lean/lean/.lake/packages/Qq/.lake/build/lib/lean:/home/goutev/LEAN4/info-geometry-lean/lean/.lake/packages/aesop/.lake/build/lib/lean:/home/goutev/LEAN4/info-geometry-lean/lean/.lake/packages/proofwidgets/.lake/build/lib/lean:/home/goutev/LEAN4/info-geometry-lean/lean/.lake/packages/importGraph/.lake/build/lib/lean:/home/goutev/LEAN4/info-geometry-lean/lean/.lake/packages/LeanSearchClient/.lake/build/lib/lean:/home/goutev/LEAN4/info-geometry-lean/lean/.lake/packages/plausible/.lake/build/lib/lean:/home/goutev/LEAN4/info-geometry-lean/lean/.lake/packages/mathlib/.lake/build/lib/lean:/home/goutev/LEAN4/info-geometry-lean/lean/.lake/build/lib/lean /home/goutev/.elan/toolchains/leanprover--lean4---v4.28.0/bin/lean /home/goutev/LEAN4/info-geometry-lean/lean/.lake/packages/batteries/Batteries/CodeAction/Basic.lean -o /home/goutev/LEAN4/info-geometry-lean/lean/.lake/packages/batteries/.lake/build/lib/lean/Batteries/CodeAction/Basic.olean -i /home/goutev/LEAN4/info-geometry-lean/lean/.lake/packages/batteries/.lake/build/lib/lean/Batteries/CodeAction/Basic.ilean -c /home/goutev/LEAN4/info-geometry-lean/lean/.lake/packages/batteries/.lake/build/ir/Batteries/CodeAction/Basic.c --setup /home/goutev/LEAN4/info-geometry-lean/lean/.lake/packages/batteries/.lake/build/ir/Batteries/CodeAction/Basic.setup.json --json
ℹ [105/537] Built Batteries.Tactic.Lint.TypeClass (1.8s)
trace: .> LEAN_PATH=/home/goutev/LEAN4/info-geometry-lean/lean/.lake/packages/Cli/.lake/build/lib/lean:/home/goutev/LEAN4/info-geometry-lean/lean/.lake/packages/batteries/.lake/build/lib/lean:/home/goutev/LEAN4/info-geometry-lean/lean/.lake/packages/Qq/.lake/build/lib/lean:/home/goutev/LEAN4/info-geometry-lean/lean/.lake/packages/aesop/.lake/build/lib/lean:/home/goutev/LEAN4/info-geometry-lean/lean/.lake/packages/proofwidgets/.lake/build/lib/lean:/home/goutev/LEAN4/info-geometry-lean/lean/.lake/packages/importGraph/.lake/build/lib/lean:/home/goutev/LEAN4/info-geometry-lean/lean/.lake/packages/LeanSearchClient/.lake/build/lib/lean:/home/goutev/LEAN4/info-geometry-lean/lean/.lake/packages/plausible/.lake/build/lib/lean:/home/goutev/LEAN4/info-geometry-lean/lean/.lake/packages/mathlib/.lake/build/lib/lean:/home/goutev/LEAN4/info-geometry-lean/lean/.lake/build/lib/lean /home/goutev/.elan/toolchains/leanprover--lean4---v4.28.0/bin/lean /home/goutev/LEAN4/info-geometry-lean/lean/.lake/packages/batteries/Batteries/Tactic/Lint/TypeClass.lean -o /home/goutev/LEAN4/info-geometry-lean/lean/.lake/packages/batteries/.lake/build/lib/lean/Batteries/Tactic/Lint/TypeClass.olean -i /home/goutev/LEAN4/info-geometry-lean/lean/.lake/packages/batteries/.lake/build/lib/lean/Batteries/Tactic/Lint/TypeClass.ilean -c /home/goutev/LEAN4/info-geometry-lean/lean/.lake/packages/batteries/.lake/build/ir/Batteries/Tactic/Lint/TypeClass.c --setup /home/goutev/LEAN4/info-geometry-lean/lean/.lake/packages/batteries/.lake/build/ir/Batteries/Tactic/Lint/TypeClass.setup.json --json
ℹ [106/537] Built Batteries.Lean.AttributeExtra (1.4s)
trace: .> LEAN_PATH=/home/goutev/LEAN4/info-geometry-lean/lean/.lake/packages/Cli/.lake/build/lib/lean:/home/goutev/LEAN4/info-geometry-lean/lean/.lake/packages/batteries/.lake/build/lib/lean:/home/goutev/LEAN4/info-geometry-lean/lean/.lake/packages/Qq/.lake/build/lib/lean:/home/goutev/LEAN4/info-geometry-lean/lean/.lake/packages/aesop/.lake/build/lib/lean:/home/goutev/LEAN4/info-geometry-lean/lean/.lake/packages/proofwidgets/.lake/build/lib/lean:/home/goutev/LEAN4/info-geometry-lean/lean/.lake/packages/importGraph/.lake/build/lib/lean:/home/goutev/LEAN4/info-geometry-lean/lean/.lake/packages/LeanSearchClient/.lake/build/lib/lean:/home/goutev/LEAN4/info-geometry-lean/lean/.lake/packages/plausible/.lake/build/lib/lean:/home/goutev/LEAN4/info-geometry-lean/lean/.lake/packages/mathlib/.lake/build/lib/lean:/home/goutev/LEAN4/info-geometry-lean/lean/.lake/build/lib/lean /home/goutev/.elan/toolchains/leanprover--lean4---v4.28.0/bin/lean /home/goutev/LEAN4/info-geometry-lean/lean/.lake/packages/batteries/Batteries/Lean/AttributeExtra.lean -o /home/goutev/LEAN4/info-geometry-lean/lean/.lake/packages/batteries/.lake/build/lib/lean/Batteries/Lean/AttributeExtra.olean -i /home/goutev/LEAN4/info-geometry-lean/lean/.lake/packages/batteries/.lake/build/lib/lean/Batteries/Lean/AttributeExtra.ilean -c /home/goutev/LEAN4/info-geometry-lean/lean/.lake/packages/batteries/.lake/build/ir/Batteries/Lean/AttributeExtra.c --setup /home/goutev/LEAN4/info-geometry-lean/lean/.lake/packages/batteries/.lake/build/ir/Batteries/Lean/AttributeExtra.setup.json --json
ℹ [107/537] Built Batteries.Tactic.Lint.Misc (3.7s)
trace: .> LEAN_PATH=/home/goutev/LEAN4/info-geometry-lean/lean/.lake/packages/Cli/.lake/build/lib/lean:/home/goutev/LEAN4/info-geometry-lean/lean/.lake/packages/batteries/.lake/build/lib/lean:/home/goutev/LEAN4/info-geometry-lean/lean/.lake/packages/Qq/.lake/build/lib/lean:/home/goutev/LEAN4/info-geometry-lean/lean/.lake/packages/aesop/.lake/build/lib/lean:/home/goutev/LEAN4/info-geometry-lean/lean/.lake/packages/proofwidgets/.lake/build/lib/lean:/home/goutev/LEAN4/info-geometry-lean/lean/.lake/packages/importGraph/.lake/build/lib/lean:/home/goutev/LEAN4/info-geometry-lean/lean/.lake/packages/LeanSearchClient/.lake/build/lib/lean:/home/goutev/LEAN4/info-geometry-lean/lean/.lake/packages/plausible/.lake/build/lib/lean:/home/goutev/LEAN4/info-geometry-lean/lean/.lake/packages/mathlib/.lake/build/lib/lean:/home/goutev/LEAN4/info-geometry-lean/lean/.lake/build/lib/lean /home/goutev/.elan/toolchains/leanprover--lean4---v4.28.0/bin/lean /home/goutev/LEAN4/info-geometry-lean/lean/.lake/packages/batteries/Batteries/Tactic/Lint/Misc.lean -o /home/goutev/LEAN4/info-geometry-lean/lean/.lake/packages/batteries/.lake/build/lib/lean/Batteries/Tactic/Lint/Misc.olean -i /home/goutev/LEAN4/info-geometry-lean/lean/.lake/packages/batteries/.lake/build/lib/lean/Batteries/Tactic/Lint/Misc.ilean -c /home/goutev/LEAN4/info-geometry-lean/lean/.lake/packages/batteries/.lake/build/ir/Batteries/Tactic/Lint/Misc.c --setup /home/goutev/LEAN4/info-geometry-lean/lean/.lake/packages/batteries/.lake/build/ir/Batteries/Tactic/Lint/Misc.setup.json --json
ℹ [108/538] Built Batteries.Linter.UnreachableTactic (2.9s)
trace: .> LEAN_PATH=/home/goutev/LEAN4/info-geometry-lean/lean/.lake/packages/Cli/.lake/build/lib/lean:/home/goutev/LEAN4/info-geometry-lean/lean/.lake/packages/batteries/.lake/build/lib/lean:/home/goutev/LEAN4/info-geometry-lean/lean/.lake/packages/Qq/.lake/build/lib/lean:/home/goutev/LEAN4/info-geometry-lean/lean/.lake/packages/aesop/.lake/build/lib/lean:/home/goutev/LEAN4/info-geometry-lean/lean/.lake/packages/proofwidgets/.lake/build/lib/lean:/home/goutev/LEAN4/info-geometry-lean/lean/.lake/packages/importGraph/.lake/build/lib/lean:/home/goutev/LEAN4/info-geometry-lean/lean/.lake/packages/LeanSearchClient/.lake/build/lib/lean:/home/goutev/LEAN4/info-geometry-lean/lean/.lake/packages/plausible/.lake/build/lib/lean:/home/goutev/LEAN4/info-geometry-lean/lean/.lake/packages/mathlib/.lake/build/lib/lean:/home/goutev/LEAN4/info-geometry-lean/lean/.lake/build/lib/lean /home/goutev/.elan/toolchains/leanprover--lean4---v4.28.0/bin/lean /home/goutev/LEAN4/info-geometry-lean/lean/.lake/packages/batteries/Batteries/Linter/UnreachableTactic.lean -o /home/goutev/LEAN4/info-geometry-lean/lean/.lake/packages/batteries/.lake/build/lib/lean/Batteries/Linter/UnreachableTactic.olean -i /home/goutev/LEAN4/info-geometry-lean/lean/.lake/packages/batteries/.lake/build/lib/lean/Batteries/Linter/UnreachableTactic.ilean -c /home/goutev/LEAN4/info-geometry-lean/lean/.lake/packages/batteries/.lake/build/ir/Batteries/Linter/UnreachableTactic.c --setup /home/goutev/LEAN4/info-geometry-lean/lean/.lake/packages/batteries/.lake/build/ir/Batteries/Linter/UnreachableTactic.setup.json --json
ℹ [109/538] Replayed ProofWidgets.Component.Basic
trace: .> LEAN_PATH=/home/runner/work/ProofWidgets4/ProofWidgets4/.lake/build/lib/lean /home/runner/.elan/toolchains/leanprover--lean4---v4.28.0/bin/lean /home/runner/work/ProofWidgets4/ProofWidgets4/ProofWidgets/Component/Basic.lean -o /home/runner/work/ProofWidgets4/ProofWidgets4/.lake/build/lib/lean/ProofWidgets/Component/Basic.olean -i /home/runner/work/ProofWidgets4/ProofWidgets4/.lake/build/lib/lean/ProofWidgets/Component/Basic.ilean -c /home/runner/work/ProofWidgets4/ProofWidgets4/.lake/build/ir/ProofWidgets/Component/Basic.c --setup /home/runner/work/ProofWidgets4/ProofWidgets4/.lake/build/ir/ProofWidgets/Component/Basic.setup.json --json
ℹ [110/538] Built Aesop.Util.Tactic (2.8s)
trace: .> LEAN_PATH=/home/goutev/LEAN4/info-geometry-lean/lean/.lake/packages/Cli/.lake/build/lib/lean:/home/goutev/LEAN4/info-geometry-lean/lean/.lake/packages/batteries/.lake/build/lib/lean:/home/goutev/LEAN4/info-geometry-lean/lean/.lake/packages/Qq/.lake/build/lib/lean:/home/goutev/LEAN4/info-geometry-lean/lean/.lake/packages/aesop/.lake/build/lib/lean:/home/goutev/LEAN4/info-geometry-lean/lean/.lake/packages/proofwidgets/.lake/build/lib/lean:/home/goutev/LEAN4/info-geometry-lean/lean/.lake/packages/importGraph/.lake/build/lib/lean:/home/goutev/LEAN4/info-geometry-lean/lean/.lake/packages/LeanSearchClient/.lake/build/lib/lean:/home/goutev/LEAN4/info-geometry-lean/lean/.lake/packages/plausible/.lake/build/lib/lean:/home/goutev/LEAN4/info-geometry-lean/lean/.lake/packages/mathlib/.lake/build/lib/lean:/home/goutev/LEAN4/info-geometry-lean/lean/.lake/build/lib/lean /home/goutev/.elan/toolchains/leanprover--lean4---v4.28.0/bin/lean /home/goutev/LEAN4/info-geometry-lean/lean/.lake/packages/aesop/Aesop/Util/Tactic.lean -o /home/goutev/LEAN4/info-geometry-lean/lean/.lake/packages/aesop/.lake/build/lib/lean/Aesop/Util/Tactic.olean -i /home/goutev/LEAN4/info-geometry-lean/lean/.lake/packages/aesop/.lake/build/lib/lean/Aesop/Util/Tactic.ilean -c /home/goutev/LEAN4/info-geometry-lean/lean/.lake/packages/aesop/.lake/build/ir/Aesop/Util/Tactic.c --setup /home/goutev/LEAN4/info-geometry-lean/lean/.lake/packages/aesop/.lake/build/ir/Aesop/Util/Tactic.setup.json --json
ℹ [111/538] Built LeanSearchClient.Basic (916ms)
trace: .> LEAN_PATH=/home/goutev/LEAN4/info-geometry-lean/lean/.lake/packages/Cli/.lake/build/lib/lean:/home/goutev/LEAN4/info-geometry-lean/lean/.lake/packages/batteries/.lake/build/lib/lean:/home/goutev/LEAN4/info-geometry-lean/lean/.lake/packages/Qq/.lake/build/lib/lean:/home/goutev/LEAN4/info-geometry-lean/lean/.lake/packages/aesop/.lake/build/lib/lean:/home/goutev/LEAN4/info-geometry-lean/lean/.lake/packages/proofwidgets/.lake/build/lib/lean:/home/goutev/LEAN4/info-geometry-lean/lean/.lake/packages/importGraph/.lake/build/lib/lean:/home/goutev/LEAN4/info-geometry-lean/lean/.lake/packages/LeanSearchClient/.lake/build/lib/lean:/home/goutev/LEAN4/info-geometry-lean/lean/.lake/packages/plausible/.lake/build/lib/lean:/home/goutev/LEAN4/info-geometry-lean/lean/.lake/packages/mathlib/.lake/build/lib/lean:/home/goutev/LEAN4/info-geometry-lean/lean/.lake/build/lib/lean /home/goutev/.elan/toolchains/leanprover--lean4---v4.28.0/bin/lean /home/goutev/LEAN4/info-geometry-lean/lean/.lake/packages/LeanSearchClient/LeanSearchClient/Basic.lean -o /home/goutev/LEAN4/info-geometry-lean/lean/.lake/packages/LeanSearchClient/.lake/build/lib/lean/LeanSearchClient/Basic.olean -i /home/goutev/LEAN4/info-geometry-lean/lean/.lake/packages/LeanSearchClient/.lake/build/lib/lean/LeanSearchClient/Basic.ilean -c /home/goutev/LEAN4/info-geometry-lean/lean/.lake/packages/LeanSearchClient/.lake/build/ir/LeanSearchClient/Basic.c --setup /home/goutev/LEAN4/info-geometry-lean/lean/.lake/packages/LeanSearchClient/.lake/build/ir/LeanSearchClient/Basic.setup.json --json
ℹ [112/538] Built Batteries.Control.OptionT (1.5s)
trace: .> LEAN_PATH=/home/goutev/LEAN4/info-geometry-lean/lean/.lake/packages/Cli/.lake/build/lib/lean:/home/goutev/LEAN4/info-geometry-lean/lean/.lake/packages/batteries/.lake/build/lib/lean:/home/goutev/LEAN4/info-geometry-lean/lean/.lake/packages/Qq/.lake/build/lib/lean:/home/goutev/LEAN4/info-geometry-lean/lean/.lake/packages/aesop/.lake/build/lib/lean:/home/goutev/LEAN4/info-geometry-lean/lean/.lake/packages/proofwidgets/.lake/build/lib/lean:/home/goutev/LEAN4/info-geometry-lean/lean/.lake/packages/importGraph/.lake/build/lib/lean:/home/goutev/LEAN4/info-geometry-lean/lean/.lake/packages/LeanSearchClient/.lake/build/lib/lean:/home/goutev/LEAN4/info-geometry-lean/lean/.lake/packages/plausible/.lake/build/lib/lean:/home/goutev/LEAN4/info-geometry-lean/lean/.lake/packages/mathlib/.lake/build/lib/lean:/home/goutev/LEAN4/info-geometry-lean/lean/.lake/build/lib/lean /home/goutev/.elan/toolchains/leanprover--lean4---v4.28.0/bin/lean /home/goutev/LEAN4/info-geometry-lean/lean/.lake/packages/batteries/Batteries/Control/OptionT.lean -o /home/goutev/LEAN4/info-geometry-lean/lean/.lake/packages/batteries/.lake/build/lib/lean/Batteries/Control/OptionT.olean -i /home/goutev/LEAN4/info-geometry-lean/lean/.lake/packages/batteries/.lake/build/lib/lean/Batteries/Control/OptionT.ilean -c /home/goutev/LEAN4/info-geometry-lean/lean/.lake/packages/batteries/.lake/build/ir/Batteries/Control/OptionT.c --setup /home/goutev/LEAN4/info-geometry-lean/lean/.lake/packages/batteries/.lake/build/ir/Batteries/Control/OptionT.setup.json --json
ℹ [113/538] Built Batteries.Tactic.Lint.Frontend (5.9s)
trace: .> LEAN_PATH=/home/goutev/LEAN4/info-geometry-lean/lean/.lake/packages/Cli/.lake/build/lib/lean:/home/goutev/LEAN4/info-geometry-lean/lean/.lake/packages/batteries/.lake/build/lib/lean:/home/goutev/LEAN4/info-geometry-lean/lean/.lake/packages/Qq/.lake/build/lib/lean:/home/goutev/LEAN4/info-geometry-lean/lean/.lake/packages/aesop/.lake/build/lib/lean:/home/goutev/LEAN4/info-geometry-lean/lean/.lake/packages/proofwidgets/.lake/build/lib/lean:/home/goutev/LEAN4/info-geometry-lean/lean/.lake/packages/importGraph/.lake/build/lib/lean:/home/goutev/LEAN4/info-geometry-lean/lean/.lake/packages/LeanSearchClient/.lake/build/lib/lean:/home/goutev/LEAN4/info-geometry-lean/lean/.lake/packages/plausible/.lake/build/lib/lean:/home/goutev/LEAN4/info-geometry-lean/lean/.lake/packages/mathlib/.lake/build/lib/lean:/home/goutev/LEAN4/info-geometry-lean/lean/.lake/build/lib/lean /home/goutev/.elan/toolchains/leanprover--lean4---v4.28.0/bin/lean /home/goutev/LEAN4/info-geometry-lean/lean/.lake/packages/batteries/Batteries/Tactic/Lint/Frontend.lean -o /home/goutev/LEAN4/info-geometry-lean/lean/.lake/packages/batteries/.lake/build/lib/lean/Batteries/Tactic/Lint/Frontend.olean -i /home/goutev/LEAN4/info-geometry-lean/lean/.lake/packages/batteries/.lake/build/lib/lean/Batteries/Tactic/Lint/Frontend.ilean -c /home/goutev/LEAN4/info-geometry-lean/lean/.lake/packages/batteries/.lake/build/ir/Batteries/Tactic/Lint/Frontend.c --setup /home/goutev/LEAN4/info-geometry-lean/lean/.lake/packages/batteries/.lake/build/ir/Batteries/Tactic/Lint/Frontend.setup.json --json
ℹ [114/538] Built Batteries.Tactic.Lint.Simp (4.4s)
trace: .> LEAN_PATH=/home/goutev/LEAN4/info-geometry-lean/lean/.lake/packages/Cli/.lake/build/lib/lean:/home/goutev/LEAN4/info-geometry-lean/lean/.lake/packages/batteries/.lake/build/lib/lean:/home/goutev/LEAN4/info-geometry-lean/lean/.lake/packages/Qq/.lake/build/lib/lean:/home/goutev/LEAN4/info-geometry-lean/lean/.lake/packages/aesop/.lake/build/lib/lean:/home/goutev/LEAN4/info-geometry-lean/lean/.lake/packages/proofwidgets/.lake/build/lib/lean:/home/goutev/LEAN4/info-geometry-lean/lean/.lake/packages/importGraph/.lake/build/lib/lean:/home/goutev/LEAN4/info-geometry-lean/lean/.lake/packages/LeanSearchClient/.lake/build/lib/lean:/home/goutev/LEAN4/info-geometry-lean/lean/.lake/packages/plausible/.lake/build/lib/lean:/home/goutev/LEAN4/info-geometry-lean/lean/.lake/packages/mathlib/.lake/build/lib/lean:/home/goutev/LEAN4/info-geometry-lean/lean/.lake/build/lib/lean /home/goutev/.elan/toolchains/leanprover--lean4---v4.28.0/bin/lean /home/goutev/LEAN4/info-geometry-lean/lean/.lake/packages/batteries/Batteries/Tactic/Lint/Simp.lean -o /home/goutev/LEAN4/info-geometry-lean/lean/.lake/packages/batteries/.lake/build/lib/lean/Batteries/Tactic/Lint/Simp.olean -i /home/goutev/LEAN4/info-geometry-lean/lean/.lake/packages/batteries/.lake/build/lib/lean/Batteries/Tactic/Lint/Simp.ilean -c /home/goutev/LEAN4/info-geometry-lean/lean/.lake/packages/batteries/.lake/build/ir/Batteries/Tactic/Lint/Simp.c --setup /home/goutev/LEAN4/info-geometry-lean/lean/.lake/packages/batteries/.lake/build/ir/Batteries/Tactic/Lint/Simp.setup.json --json
ℹ [115/538] Built ImportGraph.Imports.Redundant (1.1s)
trace: .> LEAN_PATH=/home/goutev/LEAN4/info-geometry-lean/lean/.lake/packages/Cli/.lake/build/lib/lean:/home/goutev/LEAN4/info-geometry-lean/lean/.lake/packages/batteries/.lake/build/lib/lean:/home/goutev/LEAN4/info-geometry-lean/lean/.lake/packages/Qq/.lake/build/lib/lean:/home/goutev/LEAN4/info-geometry-lean/lean/.lake/packages/aesop/.lake/build/lib/lean:/home/goutev/LEAN4/info-geometry-lean/lean/.lake/packages/proofwidgets/.lake/build/lib/lean:/home/goutev/LEAN4/info-geometry-lean/lean/.lake/packages/importGraph/.lake/build/lib/lean:/home/goutev/LEAN4/info-geometry-lean/lean/.lake/packages/LeanSearchClient/.lake/build/lib/lean:/home/goutev/LEAN4/info-geometry-lean/lean/.lake/packages/plausible/.lake/build/lib/lean:/home/goutev/LEAN4/info-geometry-lean/lean/.lake/packages/mathlib/.lake/build/lib/lean:/home/goutev/LEAN4/info-geometry-lean/lean/.lake/build/lib/lean /home/goutev/.elan/toolchains/leanprover--lean4---v4.28.0/bin/lean /home/goutev/LEAN4/info-geometry-lean/lean/.lake/packages/importGraph/ImportGraph/Imports/Redundant.lean -o /home/goutev/LEAN4/info-geometry-lean/lean/.lake/packages/importGraph/.lake/build/lib/lean/ImportGraph/Imports/Redundant.olean -i /home/goutev/LEAN4/info-geometry-lean/lean/.lake/packages/importGraph/.lake/build/lib/lean/ImportGraph/Imports/Redundant.ilean -c /home/goutev/LEAN4/info-geometry-lean/lean/.lake/packages/importGraph/.lake/build/ir/ImportGraph/Imports/Redundant.c --setup /home/goutev/LEAN4/info-geometry-lean/lean/.lake/packages/importGraph/.lake/build/ir/ImportGraph/Imports/Redundant.setup.json --json
ℹ [116/538] Built Batteries.CodeAction.Misc (8.4s)
trace: .> LEAN_PATH=/home/goutev/LEAN4/info-geometry-lean/lean/.lake/packages/Cli/.lake/build/lib/lean:/home/goutev/LEAN4/info-geometry-lean/lean/.lake/packages/batteries/.lake/build/lib/lean:/home/goutev/LEAN4/info-geometry-lean/lean/.lake/packages/Qq/.lake/build/lib/lean:/home/goutev/LEAN4/info-geometry-lean/lean/.lake/packages/aesop/.lake/build/lib/lean:/home/goutev/LEAN4/info-geometry-lean/lean/.lake/packages/proofwidgets/.lake/build/lib/lean:/home/goutev/LEAN4/info-geometry-lean/lean/.lake/packages/importGraph/.lake/build/lib/lean:/home/goutev/LEAN4/info-geometry-lean/lean/.lake/packages/LeanSearchClient/.lake/build/lib/lean:/home/goutev/LEAN4/info-geometry-lean/lean/.lake/packages/plausible/.lake/build/lib/lean:/home/goutev/LEAN4/info-geometry-lean/lean/.lake/packages/mathlib/.lake/build/lib/lean:/home/goutev/LEAN4/info-geometry-lean/lean/.lake/build/lib/lean /home/goutev/.elan/toolchains/leanprover--lean4---v4.28.0/bin/lean /home/goutev/LEAN4/info-geometry-lean/lean/.lake/packages/batteries/Batteries/CodeAction/Misc.lean -o /home/goutev/LEAN4/info-geometry-lean/lean/.lake/packages/batteries/.lake/build/lib/lean/Batteries/CodeAction/Misc.olean -i /home/goutev/LEAN4/info-geometry-lean/lean/.lake/packages/batteries/.lake/build/lib/lean/Batteries/CodeAction/Misc.ilean -c /home/goutev/LEAN4/info-geometry-lean/lean/.lake/packages/batteries/.lake/build/ir/Batteries/CodeAction/Misc.c --setup /home/goutev/LEAN4/info-geometry-lean/lean/.lake/packages/batteries/.lake/build/ir/Batteries/CodeAction/Misc.setup.json --json
ℹ [117/538] Built Batteries.Tactic.HelpCmd (7.8s)
trace: .> LEAN_PATH=/home/goutev/LEAN4/info-geometry-lean/lean/.lake/packages/Cli/.lake/build/lib/lean:/home/goutev/LEAN4/info-geometry-lean/lean/.lake/packages/batteries/.lake/build/lib/lean:/home/goutev/LEAN4/info-geometry-lean/lean/.lake/packages/Qq/.lake/build/lib/lean:/home/goutev/LEAN4/info-geometry-lean/lean/.lake/packages/aesop/.lake/build/lib/lean:/home/goutev/LEAN4/info-geometry-lean/lean/.lake/packages/proofwidgets/.lake/build/lib/lean:/home/goutev/LEAN4/info-geometry-lean/lean/.lake/packages/importGraph/.lake/build/lib/lean:/home/goutev/LEAN4/info-geometry-lean/lean/.lake/packages/LeanSearchClient/.lake/build/lib/lean:/home/goutev/LEAN4/info-geometry-lean/lean/.lake/packages/plausible/.lake/build/lib/lean:/home/goutev/LEAN4/info-geometry-lean/lean/.lake/packages/mathlib/.lake/build/lib/lean:/home/goutev/LEAN4/info-geometry-lean/lean/.lake/build/lib/lean /home/goutev/.elan/toolchains/leanprover--lean4---v4.28.0/bin/lean /home/goutev/LEAN4/info-geometry-lean/lean/.lake/packages/batteries/Batteries/Tactic/HelpCmd.lean -o /home/goutev/LEAN4/info-geometry-lean/lean/.lake/packages/batteries/.lake/build/lib/lean/Batteries/Tactic/HelpCmd.olean -i /home/goutev/LEAN4/info-geometry-lean/lean/.lake/packages/batteries/.lake/build/lib/lean/Batteries/Tactic/HelpCmd.ilean -c /home/goutev/LEAN4/info-geometry-lean/lean/.lake/packages/batteries/.lake/build/ir/Batteries/Tactic/HelpCmd.c --setup /home/goutev/LEAN4/info-geometry-lean/lean/.lake/packages/batteries/.lake/build/ir/Batteries/Tactic/HelpCmd.setup.json --json
ℹ [118/538] Built ImportGraph.Imports.RequiredModules (2.3s)
trace: .> LEAN_PATH=/home/goutev/LEAN4/info-geometry-lean/lean/.lake/packages/Cli/.lake/build/lib/lean:/home/goutev/LEAN4/info-geometry-lean/lean/.lake/packages/batteries/.lake/build/lib/lean:/home/goutev/LEAN4/info-geometry-lean/lean/.lake/packages/Qq/.lake/build/lib/lean:/home/goutev/LEAN4/info-geometry-lean/lean/.lake/packages/aesop/.lake/build/lib/lean:/home/goutev/LEAN4/info-geometry-lean/lean/.lake/packages/proofwidgets/.lake/build/lib/lean:/home/goutev/LEAN4/info-geometry-lean/lean/.lake/packages/importGraph/.lake/build/lib/lean:/home/goutev/LEAN4/info-geometry-lean/lean/.lake/packages/LeanSearchClient/.lake/build/lib/lean:/home/goutev/LEAN4/info-geometry-lean/lean/.lake/packages/plausible/.lake/build/lib/lean:/home/goutev/LEAN4/info-geometry-lean/lean/.lake/packages/mathlib/.lake/build/lib/lean:/home/goutev/LEAN4/info-geometry-lean/lean/.lake/build/lib/lean /home/goutev/.elan/toolchains/leanprover--lean4---v4.28.0/bin/lean /home/goutev/LEAN4/info-geometry-lean/lean/.lake/packages/importGraph/ImportGraph/Imports/RequiredModules.lean -o /home/goutev/LEAN4/info-geometry-lean/lean/.lake/packages/importGraph/.lake/build/lib/lean/ImportGraph/Imports/RequiredModules.olean -i /home/goutev/LEAN4/info-geometry-lean/lean/.lake/packages/importGraph/.lake/build/lib/lean/ImportGraph/Imports/RequiredModules.ilean -c /home/goutev/LEAN4/info-geometry-lean/lean/.lake/packages/importGraph/.lake/build/ir/ImportGraph/Imports/RequiredModules.c --setup /home/goutev/LEAN4/info-geometry-lean/lean/.lake/packages/importGraph/.lake/build/ir/ImportGraph/Imports/RequiredModules.setup.json --json
ℹ [119/538] Built ImportGraph.Tools.ImportDiff (1.9s)
trace: .> LEAN_PATH=/home/goutev/LEAN4/info-geometry-lean/lean/.lake/packages/Cli/.lake/build/lib/lean:/home/goutev/LEAN4/info-geometry-lean/lean/.lake/packages/batteries/.lake/build/lib/lean:/home/goutev/LEAN4/info-geometry-lean/lean/.lake/packages/Qq/.lake/build/lib/lean:/home/goutev/LEAN4/info-geometry-lean/lean/.lake/packages/aesop/.lake/build/lib/lean:/home/goutev/LEAN4/info-geometry-lean/lean/.lake/packages/proofwidgets/.lake/build/lib/lean:/home/goutev/LEAN4/info-geometry-lean/lean/.lake/packages/importGraph/.lake/build/lib/lean:/home/goutev/LEAN4/info-geometry-lean/lean/.lake/packages/LeanSearchClient/.lake/build/lib/lean:/home/goutev/LEAN4/info-geometry-lean/lean/.lake/packages/plausible/.lake/build/lib/lean:/home/goutev/LEAN4/info-geometry-lean/lean/.lake/packages/mathlib/.lake/build/lib/lean:/home/goutev/LEAN4/info-geometry-lean/lean/.lake/build/lib/lean /home/goutev/.elan/toolchains/leanprover--lean4---v4.28.0/bin/lean /home/goutev/LEAN4/info-geometry-lean/lean/.lake/packages/importGraph/ImportGraph/Tools/ImportDiff.lean -o /home/goutev/LEAN4/info-geometry-lean/lean/.lake/packages/importGraph/.lake/build/lib/lean/ImportGraph/Tools/ImportDiff.olean -i /home/goutev/LEAN4/info-geometry-lean/lean/.lake/packages/importGraph/.lake/build/lib/lean/ImportGraph/Tools/ImportDiff.ilean -c /home/goutev/LEAN4/info-geometry-lean/lean/.lake/packages/importGraph/.lake/build/ir/ImportGraph/Tools/ImportDiff.c --setup /home/goutev/LEAN4/info-geometry-lean/lean/.lake/packages/importGraph/.lake/build/ir/ImportGraph/Tools/ImportDiff.setup.json --json
ℹ [120/538] Built Batteries.Lean.Meta.DiscrTree (1.1s)
trace: .> LEAN_PATH=/home/goutev/LEAN4/info-geometry-lean/lean/.lake/packages/Cli/.lake/build/lib/lean:/home/goutev/LEAN4/info-geometry-lean/lean/.lake/packages/batteries/.lake/build/lib/lean:/home/goutev/LEAN4/info-geometry-lean/lean/.lake/packages/Qq/.lake/build/lib/lean:/home/goutev/LEAN4/info-geometry-lean/lean/.lake/packages/aesop/.lake/build/lib/lean:/home/goutev/LEAN4/info-geometry-lean/lean/.lake/packages/proofwidgets/.lake/build/lib/lean:/home/goutev/LEAN4/info-geometry-lean/lean/.lake/packages/importGraph/.lake/build/lib/lean:/home/goutev/LEAN4/info-geometry-lean/lean/.lake/packages/LeanSearchClient/.lake/build/lib/lean:/home/goutev/LEAN4/info-geometry-lean/lean/.lake/packages/plausible/.lake/build/lib/lean:/home/goutev/LEAN4/info-geometry-lean/lean/.lake/packages/mathlib/.lake/build/lib/lean:/home/goutev/LEAN4/info-geometry-lean/lean/.lake/build/lib/lean /home/goutev/.elan/toolchains/leanprover--lean4---v4.28.0/bin/lean /home/goutev/LEAN4/info-geometry-lean/lean/.lake/packages/batteries/Batteries/Lean/Meta/DiscrTree.lean -o /home/goutev/LEAN4/info-geometry-lean/lean/.lake/packages/batteries/.lake/build/lib/lean/Batteries/Lean/Meta/DiscrTree.olean -i /home/goutev/LEAN4/info-geometry-lean/lean/.lake/packages/batteries/.lake/build/lib/lean/Batteries/Lean/Meta/DiscrTree.ilean -c /home/goutev/LEAN4/info-geometry-lean/lean/.lake/packages/batteries/.lake/build/ir/Batteries/Lean/Meta/DiscrTree.c --setup /home/goutev/LEAN4/info-geometry-lean/lean/.lake/packages/batteries/.lake/build/ir/Batteries/Lean/Meta/DiscrTree.setup.json --json
ℹ [121/538] Built Aesop.Util.UnorderedArraySet (1.5s)
trace: .> LEAN_PATH=/home/goutev/LEAN4/info-geometry-lean/lean/.lake/packages/Cli/.lake/build/lib/lean:/home/goutev/LEAN4/info-geometry-lean/lean/.lake/packages/batteries/.lake/build/lib/lean:/home/goutev/LEAN4/info-geometry-lean/lean/.lake/packages/Qq/.lake/build/lib/lean:/home/goutev/LEAN4/info-geometry-lean/lean/.lake/packages/aesop/.lake/build/lib/lean:/home/goutev/LEAN4/info-geometry-lean/lean/.lake/packages/proofwidgets/.lake/build/lib/lean:/home/goutev/LEAN4/info-geometry-lean/lean/.lake/packages/importGraph/.lake/build/lib/lean:/home/goutev/LEAN4/info-geometry-lean/lean/.lake/packages/LeanSearchClient/.lake/build/lib/lean:/home/goutev/LEAN4/info-geometry-lean/lean/.lake/packages/plausible/.lake/build/lib/lean:/home/goutev/LEAN4/info-geometry-lean/lean/.lake/packages/mathlib/.lake/build/lib/lean:/home/goutev/LEAN4/info-geometry-lean/lean/.lake/build/lib/lean /home/goutev/.elan/toolchains/leanprover--lean4---v4.28.0/bin/lean /home/goutev/LEAN4/info-geometry-lean/lean/.lake/packages/aesop/Aesop/Util/UnorderedArraySet.lean -o /home/goutev/LEAN4/info-geometry-lean/lean/.lake/packages/aesop/.lake/build/lib/lean/Aesop/Util/UnorderedArraySet.olean -i /home/goutev/LEAN4/info-geometry-lean/lean/.lake/packages/aesop/.lake/build/lib/lean/Aesop/Util/UnorderedArraySet.ilean -c /home/goutev/LEAN4/info-geometry-lean/lean/.lake/packages/aesop/.lake/build/ir/Aesop/Util/UnorderedArraySet.c --setup /home/goutev/LEAN4/info-geometry-lean/lean/.lake/packages/aesop/.lake/build/ir/Aesop/Util/UnorderedArraySet.setup.json --json
ℹ [122/538] Built Mathlib.Lean.Elab.Tactic.Meta (1.7s)
trace: .> LEAN_PATH=/home/goutev/LEAN4/info-geometry-lean/lean/.lake/packages/Cli/.lake/build/lib/lean:/home/goutev/LEAN4/info-geometry-lean/lean/.lake/packages/batteries/.lake/build/lib/lean:/home/goutev/LEAN4/info-geometry-lean/lean/.lake/packages/Qq/.lake/build/lib/lean:/home/goutev/LEAN4/info-geometry-lean/lean/.lake/packages/aesop/.lake/build/lib/lean:/home/goutev/LEAN4/info-geometry-lean/lean/.lake/packages/proofwidgets/.lake/build/lib/lean:/home/goutev/LEAN4/info-geometry-lean/lean/.lake/packages/importGraph/.lake/build/lib/lean:/home/goutev/LEAN4/info-geometry-lean/lean/.lake/packages/LeanSearchClient/.lake/build/lib/lean:/home/goutev/LEAN4/info-geometry-lean/lean/.lake/packages/plausible/.lake/build/lib/lean:/home/goutev/LEAN4/info-geometry-lean/lean/.lake/packages/mathlib/.lake/build/lib/lean:/home/goutev/LEAN4/info-geometry-lean/lean/.lake/build/lib/lean /home/goutev/.elan/toolchains/leanprover--lean4---v4.28.0/bin/lean /home/goutev/LEAN4/info-geometry-lean/lean/.lake/packages/mathlib/Mathlib/Lean/Elab/Tactic/Meta.lean -o /home/goutev/LEAN4/info-geometry-lean/lean/.lake/packages/mathlib/.lake/build/lib/lean/Mathlib/Lean/Elab/Tactic/Meta.olean -i /home/goutev/LEAN4/info-geometry-lean/lean/.lake/packages/mathlib/.lake/build/lib/lean/Mathlib/Lean/Elab/Tactic/Meta.ilean -c /home/goutev/LEAN4/info-geometry-lean/lean/.lake/packages/mathlib/.lake/build/ir/Mathlib/Lean/Elab/Tactic/Meta.c --setup /home/goutev/LEAN4/info-geometry-lean/lean/.lake/packages/mathlib/.lake/build/ir/Mathlib/Lean/Elab/Tactic/Meta.setup.json --json
ℹ [123/538] Built Mathlib.Util.ParseCommand (1.7s)
trace: .> LEAN_PATH=/home/goutev/LEAN4/info-geometry-lean/lean/.lake/packages/Cli/.lake/build/lib/lean:/home/goutev/LEAN4/info-geometry-lean/lean/.lake/packages/batteries/.lake/build/lib/lean:/home/goutev/LEAN4/info-geometry-lean/lean/.lake/packages/Qq/.lake/build/lib/lean:/home/goutev/LEAN4/info-geometry-lean/lean/.lake/packages/aesop/.lake/build/lib/lean:/home/goutev/LEAN4/info-geometry-lean/lean/.lake/packages/proofwidgets/.lake/build/lib/lean:/home/goutev/LEAN4/info-geometry-lean/lean/.lake/packages/importGraph/.lake/build/lib/lean:/home/goutev/LEAN4/info-geometry-lean/lean/.lake/packages/LeanSearchClient/.lake/build/lib/lean:/home/goutev/LEAN4/info-geometry-lean/lean/.lake/packages/plausible/.lake/build/lib/lean:/home/goutev/LEAN4/info-geometry-lean/lean/.lake/packages/mathlib/.lake/build/lib/lean:/home/goutev/LEAN4/info-geometry-lean/lean/.lake/build/lib/lean /home/goutev/.elan/toolchains/leanprover--lean4---v4.28.0/bin/lean /home/goutev/LEAN4/info-geometry-lean/lean/.lake/packages/mathlib/Mathlib/Util/ParseCommand.lean -o /home/goutev/LEAN4/info-geometry-lean/lean/.lake/packages/mathlib/.lake/build/lib/lean/Mathlib/Util/ParseCommand.olean -i /home/goutev/LEAN4/info-geometry-lean/lean/.lake/packages/mathlib/.lake/build/lib/lean/Mathlib/Util/ParseCommand.ilean -c /home/goutev/LEAN4/info-geometry-lean/lean/.lake/packages/mathlib/.lake/build/ir/Mathlib/Util/ParseCommand.c --setup /home/goutev/LEAN4/info-geometry-lean/lean/.lake/packages/mathlib/.lake/build/ir/Mathlib/Util/ParseCommand.setup.json --json
ℹ [124/538] Built Plausible.Arbitrary (2.1s)
trace: .> LEAN_PATH=/home/goutev/LEAN4/info-geometry-lean/lean/.lake/packages/Cli/.lake/build/lib/lean:/home/goutev/LEAN4/info-geometry-lean/lean/.lake/packages/batteries/.lake/build/lib/lean:/home/goutev/LEAN4/info-geometry-lean/lean/.lake/packages/Qq/.lake/build/lib/lean:/home/goutev/LEAN4/info-geometry-lean/lean/.lake/packages/aesop/.lake/build/lib/lean:/home/goutev/LEAN4/info-geometry-lean/lean/.lake/packages/proofwidgets/.lake/build/lib/lean:/home/goutev/LEAN4/info-geometry-lean/lean/.lake/packages/importGraph/.lake/build/lib/lean:/home/goutev/LEAN4/info-geometry-lean/lean/.lake/packages/LeanSearchClient/.lake/build/lib/lean:/home/goutev/LEAN4/info-geometry-lean/lean/.lake/packages/plausible/.lake/build/lib/lean:/home/goutev/LEAN4/info-geometry-lean/lean/.lake/packages/mathlib/.lake/build/lib/lean:/home/goutev/LEAN4/info-geometry-lean/lean/.lake/build/lib/lean /home/goutev/.elan/toolchains/leanprover--lean4---v4.28.0/bin/lean /home/goutev/LEAN4/info-geometry-lean/lean/.lake/packages/plausible/Plausible/Arbitrary.lean -o /home/goutev/LEAN4/info-geometry-lean/lean/.lake/packages/plausible/.lake/build/lib/lean/Plausible/Arbitrary.olean -i /home/goutev/LEAN4/info-geometry-lean/lean/.lake/packages/plausible/.lake/build/lib/lean/Plausible/Arbitrary.ilean -c /home/goutev/LEAN4/info-geometry-lean/lean/.lake/packages/plausible/.lake/build/ir/Plausible/Arbitrary.c --setup /home/goutev/LEAN4/info-geometry-lean/lean/.lake/packages/plausible/.lake/build/ir/Plausible/Arbitrary.setup.json --json
ℹ [125/538] Built Mathlib.Lean.Environment (1.4s)
trace: .> LEAN_PATH=/home/goutev/LEAN4/info-geometry-lean/lean/.lake/packages/Cli/.lake/build/lib/lean:/home/goutev/LEAN4/info-geometry-lean/lean/.lake/packages/batteries/.lake/build/lib/lean:/home/goutev/LEAN4/info-geometry-lean/lean/.lake/packages/Qq/.lake/build/lib/lean:/home/goutev/LEAN4/info-geometry-lean/lean/.lake/packages/aesop/.lake/build/lib/lean:/home/goutev/LEAN4/info-geometry-lean/lean/.lake/packages/proofwidgets/.lake/build/lib/lean:/home/goutev/LEAN4/info-geometry-lean/lean/.lake/packages/importGraph/.lake/build/lib/lean:/home/goutev/LEAN4/info-geometry-lean/lean/.lake/packages/LeanSearchClient/.lake/build/lib/lean:/home/goutev/LEAN4/info-geometry-lean/lean/.lake/packages/plausible/.lake/build/lib/lean:/home/goutev/LEAN4/info-geometry-lean/lean/.lake/packages/mathlib/.lake/build/lib/lean:/home/goutev/LEAN4/info-geometry-lean/lean/.lake/build/lib/lean /home/goutev/.elan/toolchains/leanprover--lean4---v4.28.0/bin/lean /home/goutev/LEAN4/info-geometry-lean/lean/.lake/packages/mathlib/Mathlib/Lean/Environment.lean -o /home/goutev/LEAN4/info-geometry-lean/lean/.lake/packages/mathlib/.lake/build/lib/lean/Mathlib/Lean/Environment.olean -i /home/goutev/LEAN4/info-geometry-lean/lean/.lake/packages/mathlib/.lake/build/lib/lean/Mathlib/Lean/Environment.ilean -c /home/goutev/LEAN4/info-geometry-lean/lean/.lake/packages/mathlib/.lake/build/ir/Mathlib/Lean/Environment.c --setup /home/goutev/LEAN4/info-geometry-lean/lean/.lake/packages/mathlib/.lake/build/ir/Mathlib/Lean/Environment.setup.json --json
ℹ [126/538] Built Mathlib.Tactic.Linter.TacticDocumentation (1.8s)
trace: .> LEAN_PATH=/home/goutev/LEAN4/info-geometry-lean/lean/.lake/packages/Cli/.lake/build/lib/lean:/home/goutev/LEAN4/info-geometry-lean/lean/.lake/packages/batteries/.lake/build/lib/lean:/home/goutev/LEAN4/info-geometry-lean/lean/.lake/packages/Qq/.lake/build/lib/lean:/home/goutev/LEAN4/info-geometry-lean/lean/.lake/packages/aesop/.lake/build/lib/lean:/home/goutev/LEAN4/info-geometry-lean/lean/.lake/packages/proofwidgets/.lake/build/lib/lean:/home/goutev/LEAN4/info-geometry-lean/lean/.lake/packages/importGraph/.lake/build/lib/lean:/home/goutev/LEAN4/info-geometry-lean/lean/.lake/packages/LeanSearchClient/.lake/build/lib/lean:/home/goutev/LEAN4/info-geometry-lean/lean/.lake/packages/plausible/.lake/build/lib/lean:/home/goutev/LEAN4/info-geometry-lean/lean/.lake/packages/mathlib/.lake/build/lib/lean:/home/goutev/LEAN4/info-geometry-lean/lean/.lake/build/lib/lean /home/goutev/.elan/toolchains/leanprover--lean4---v4.28.0/bin/lean /home/goutev/LEAN4/info-geometry-lean/lean/.lake/packages/mathlib/Mathlib/Tactic/Linter/TacticDocumentation.lean -o /home/goutev/LEAN4/info-geometry-lean/lean/.lake/packages/mathlib/.lake/build/lib/lean/Mathlib/Tactic/Linter/TacticDocumentation.olean -i /home/goutev/LEAN4/info-geometry-lean/lean/.lake/packages/mathlib/.lake/build/lib/lean/Mathlib/Tactic/Linter/TacticDocumentation.ilean -c /home/goutev/LEAN4/info-geometry-lean/lean/.lake/packages/mathlib/.lake/build/ir/Mathlib/Tactic/Linter/TacticDocumentation.c --setup /home/goutev/LEAN4/info-geometry-lean/lean/.lake/packages/mathlib/.lake/build/ir/Mathlib/Tactic/Linter/TacticDocumentation.setup.json --json
ℹ [127/538] Built Mathlib.Tactic.Linter.UnusedTacticExtension (2.2s)
trace: .> LEAN_PATH=/home/goutev/LEAN4/info-geometry-lean/lean/.lake/packages/Cli/.lake/build/lib/lean:/home/goutev/LEAN4/info-geometry-lean/lean/.lake/packages/batteries/.lake/build/lib/lean:/home/goutev/LEAN4/info-geometry-lean/lean/.lake/packages/Qq/.lake/build/lib/lean:/home/goutev/LEAN4/info-geometry-lean/lean/.lake/packages/aesop/.lake/build/lib/lean:/home/goutev/LEAN4/info-geometry-lean/lean/.lake/packages/proofwidgets/.lake/build/lib/lean:/home/goutev/LEAN4/info-geometry-lean/lean/.lake/packages/importGraph/.lake/build/lib/lean:/home/goutev/LEAN4/info-geometry-lean/lean/.lake/packages/LeanSearchClient/.lake/build/lib/lean:/home/goutev/LEAN4/info-geometry-lean/lean/.lake/packages/plausible/.lake/build/lib/lean:/home/goutev/LEAN4/info-geometry-lean/lean/.lake/packages/mathlib/.lake/build/lib/lean:/home/goutev/LEAN4/info-geometry-lean/lean/.lake/build/lib/lean /home/goutev/.elan/toolchains/leanprover--lean4---v4.28.0/bin/lean /home/goutev/LEAN4/info-geometry-lean/lean/.lake/packages/mathlib/Mathlib/Tactic/Linter/UnusedTacticExtension.lean -o /home/goutev/LEAN4/info-geometry-lean/lean/.lake/packages/mathlib/.lake/build/lib/lean/Mathlib/Tactic/Linter/UnusedTacticExtension.olean -i /home/goutev/LEAN4/info-geometry-lean/lean/.lake/packages/mathlib/.lake/build/lib/lean/Mathlib/Tactic/Linter/UnusedTacticExtension.ilean -c /home/goutev/LEAN4/info-geometry-lean/lean/.lake/packages/mathlib/.lake/build/ir/Mathlib/Tactic/Linter/UnusedTacticExtension.c --setup /home/goutev/LEAN4/info-geometry-lean/lean/.lake/packages/mathlib/.lake/build/ir/Mathlib/Tactic/Linter/UnusedTacticExtension.setup.json --json
ℹ [128/538] Built Mathlib.Tactic.Linter.PrivateModule (2.3s)
trace: .> LEAN_PATH=/home/goutev/LEAN4/info-geometry-lean/lean/.lake/packages/Cli/.lake/build/lib/lean:/home/goutev/LEAN4/info-geometry-lean/lean/.lake/packages/batteries/.lake/build/lib/lean:/home/goutev/LEAN4/info-geometry-lean/lean/.lake/packages/Qq/.lake/build/lib/lean:/home/goutev/LEAN4/info-geometry-lean/lean/.lake/packages/aesop/.lake/build/lib/lean:/home/goutev/LEAN4/info-geometry-lean/lean/.lake/packages/proofwidgets/.lake/build/lib/lean:/home/goutev/LEAN4/info-geometry-lean/lean/.lake/packages/importGraph/.lake/build/lib/lean:/home/goutev/LEAN4/info-geometry-lean/lean/.lake/packages/LeanSearchClient/.lake/build/lib/lean:/home/goutev/LEAN4/info-geometry-lean/lean/.lake/packages/plausible/.lake/build/lib/lean:/home/goutev/LEAN4/info-geometry-lean/lean/.lake/packages/mathlib/.lake/build/lib/lean:/home/goutev/LEAN4/info-geometry-lean/lean/.lake/build/lib/lean /home/goutev/.elan/toolchains/leanprover--lean4---v4.28.0/bin/lean /home/goutev/LEAN4/info-geometry-lean/lean/.lake/packages/mathlib/Mathlib/Tactic/Linter/PrivateModule.lean -o /home/goutev/LEAN4/info-geometry-lean/lean/.lake/packages/mathlib/.lake/build/lib/lean/Mathlib/Tactic/Linter/PrivateModule.olean -i /home/goutev/LEAN4/info-geometry-lean/lean/.lake/packages/mathlib/.lake/build/lib/lean/Mathlib/Tactic/Linter/PrivateModule.ilean -c /home/goutev/LEAN4/info-geometry-lean/lean/.lake/packages/mathlib/.lake/build/ir/Mathlib/Tactic/Linter/PrivateModule.c --setup /home/goutev/LEAN4/info-geometry-lean/lean/.lake/packages/mathlib/.lake/build/ir/Mathlib/Tactic/Linter/PrivateModule.setup.json --json
ℹ [129/538] Built Batteries.Tactic.Alias (6.3s)
trace: .> LEAN_PATH=/home/goutev/LEAN4/info-geometry-lean/lean/.lake/packages/Cli/.lake/build/lib/lean:/home/goutev/LEAN4/info-geometry-lean/lean/.lake/packages/batteries/.lake/build/lib/lean:/home/goutev/LEAN4/info-geometry-lean/lean/.lake/packages/Qq/.lake/build/lib/lean:/home/goutev/LEAN4/info-geometry-lean/lean/.lake/packages/aesop/.lake/build/lib/lean:/home/goutev/LEAN4/info-geometry-lean/lean/.lake/packages/proofwidgets/.lake/build/lib/lean:/home/goutev/LEAN4/info-geometry-lean/lean/.lake/packages/importGraph/.lake/build/lib/lean:/home/goutev/LEAN4/info-geometry-lean/lean/.lake/packages/LeanSearchClient/.lake/build/lib/lean:/home/goutev/LEAN4/info-geometry-lean/lean/.lake/packages/plausible/.lake/build/lib/lean:/home/goutev/LEAN4/info-geometry-lean/lean/.lake/packages/mathlib/.lake/build/lib/lean:/home/goutev/LEAN4/info-geometry-lean/lean/.lake/build/lib/lean /home/goutev/.elan/toolchains/leanprover--lean4---v4.28.0/bin/lean /home/goutev/LEAN4/info-geometry-lean/lean/.lake/packages/batteries/Batteries/Tactic/Alias.lean -o /home/goutev/LEAN4/info-geometry-lean/lean/.lake/packages/batteries/.lake/build/lib/lean/Batteries/Tactic/Alias.olean -i /home/goutev/LEAN4/info-geometry-lean/lean/.lake/packages/batteries/.lake/build/lib/lean/Batteries/Tactic/Alias.ilean -c /home/goutev/LEAN4/info-geometry-lean/lean/.lake/packages/batteries/.lake/build/ir/Batteries/Tactic/Alias.c --setup /home/goutev/LEAN4/info-geometry-lean/lean/.lake/packages/batteries/.lake/build/ir/Batteries/Tactic/Alias.setup.json --json
ℹ [130/538] Built Mathlib.Tactic.Linter.Whitespace (4.0s)
trace: .> LEAN_PATH=/home/goutev/LEAN4/info-geometry-lean/lean/.lake/packages/Cli/.lake/build/lib/lean:/home/goutev/LEAN4/info-geometry-lean/lean/.lake/packages/batteries/.lake/build/lib/lean:/home/goutev/LEAN4/info-geometry-lean/lean/.lake/packages/Qq/.lake/build/lib/lean:/home/goutev/LEAN4/info-geometry-lean/lean/.lake/packages/aesop/.lake/build/lib/lean:/home/goutev/LEAN4/info-geometry-lean/lean/.lake/packages/proofwidgets/.lake/build/lib/lean:/home/goutev/LEAN4/info-geometry-lean/lean/.lake/packages/importGraph/.lake/build/lib/lean:/home/goutev/LEAN4/info-geometry-lean/lean/.lake/packages/LeanSearchClient/.lake/build/lib/lean:/home/goutev/LEAN4/info-geometry-lean/lean/.lake/packages/plausible/.lake/build/lib/lean:/home/goutev/LEAN4/info-geometry-lean/lean/.lake/packages/mathlib/.lake/build/lib/lean:/home/goutev/LEAN4/info-geometry-lean/lean/.lake/build/lib/lean /home/goutev/.elan/toolchains/leanprover--lean4---v4.28.0/bin/lean /home/goutev/LEAN4/info-geometry-lean/lean/.lake/packages/mathlib/Mathlib/Tactic/Linter/Whitespace.lean -o /home/goutev/LEAN4/info-geometry-lean/lean/.lake/packages/mathlib/.lake/build/lib/lean/Mathlib/Tactic/Linter/Whitespace.olean -i /home/goutev/LEAN4/info-geometry-lean/lean/.lake/packages/mathlib/.lake/build/lib/lean/Mathlib/Tactic/Linter/Whitespace.ilean -c /home/goutev/LEAN4/info-geometry-lean/lean/.lake/packages/mathlib/.lake/build/ir/Mathlib/Tactic/Linter/Whitespace.c --setup /home/goutev/LEAN4/info-geometry-lean/lean/.lake/packages/mathlib/.lake/build/ir/Mathlib/Tactic/Linter/Whitespace.setup.json --json
ℹ [131/538] Built Mathlib.Tactic.Linter.OldObtain (1.9s)
trace: .> LEAN_PATH=/home/goutev/LEAN4/info-geometry-lean/lean/.lake/packages/Cli/.lake/build/lib/lean:/home/goutev/LEAN4/info-geometry-lean/lean/.lake/packages/batteries/.lake/build/lib/lean:/home/goutev/LEAN4/info-geometry-lean/lean/.lake/packages/Qq/.lake/build/lib/lean:/home/goutev/LEAN4/info-geometry-lean/lean/.lake/packages/aesop/.lake/build/lib/lean:/home/goutev/LEAN4/info-geometry-lean/lean/.lake/packages/proofwidgets/.lake/build/lib/lean:/home/goutev/LEAN4/info-geometry-lean/lean/.lake/packages/importGraph/.lake/build/lib/lean:/home/goutev/LEAN4/info-geometry-lean/lean/.lake/packages/LeanSearchClient/.lake/build/lib/lean:/home/goutev/LEAN4/info-geometry-lean/lean/.lake/packages/plausible/.lake/build/lib/lean:/home/goutev/LEAN4/info-geometry-lean/lean/.lake/packages/mathlib/.lake/build/lib/lean:/home/goutev/LEAN4/info-geometry-lean/lean/.lake/build/lib/lean /home/goutev/.elan/toolchains/leanprover--lean4---v4.28.0/bin/lean /home/goutev/LEAN4/info-geometry-lean/lean/.lake/packages/mathlib/Mathlib/Tactic/Linter/OldObtain.lean -o /home/goutev/LEAN4/info-geometry-lean/lean/.lake/packages/mathlib/.lake/build/lib/lean/Mathlib/Tactic/Linter/OldObtain.olean -i /home/goutev/LEAN4/info-geometry-lean/lean/.lake/packages/mathlib/.lake/build/lib/lean/Mathlib/Tactic/Linter/OldObtain.ilean -c /home/goutev/LEAN4/info-geometry-lean/lean/.lake/packages/mathlib/.lake/build/ir/Mathlib/Tactic/Linter/OldObtain.c --setup /home/goutev/LEAN4/info-geometry-lean/lean/.lake/packages/mathlib/.lake/build/ir/Mathlib/Tactic/Linter/OldObtain.setup.json --json
