label	slug	kind	name	file	line	propish	description
L2_Operator	operator	def	AscentStabilized	lean/InfoGeometry/Algebraic/Fitting.lean	20	true	operator-algebraic bridge substrate
L2_Operator	operator	def	DescentStabilized	lean/InfoGeometry/Algebraic/Fitting.lean	25	true	operator-algebraic bridge substrate
L2_Operator	operator	theorem	isCompl_ker_pow_range_pow	lean/InfoGeometry/Algebraic/Fitting.lean	91	true	operator-algebraic bridge substrate
L2_Operator	operator	def	jordanProduct	lean/InfoGeometry/Algebraic/JordanCliffordLieSplit.lean	23	false	operator-algebraic bridge substrate
L2_Operator	operator	def	lieBracket	lean/InfoGeometry/Algebraic/JordanCliffordLieSplit.lean	31	false	operator-algebraic bridge substrate
L2_Operator	operator	theorem	jordan_lie_split	lean/InfoGeometry/Algebraic/JordanCliffordLieSplit.lean	39	true	operator-algebraic bridge substrate
L5_ThermodynamicClosure	thermo	def	finiteMobiusDirichletPolynomial	lean/InfoGeometry/Arithmetic/MobiusDirichletInverseBridge.lean	34	false	thermodynamic/free-energy/closure substrate
L5_ThermodynamicClosure	thermo	def	finiteFermionicEulerProduct	lean/InfoGeometry/Arithmetic/MobiusDirichletInverseBridge.lean	45	false	thermodynamic/free-energy/closure substrate
L5_ThermodynamicClosure	thermo	theorem	finiteMobiusDirichletPolynomial_eq_finiteFermionicEulerProduct	lean/InfoGeometry/Arithmetic/MobiusDirichletInverseBridge.lean	56	true	thermodynamic/free-energy/closure substrate
L5_ThermodynamicClosure	thermo	theorem	finiteMobiusDirichletPolynomial_empty	lean/InfoGeometry/Arithmetic/MobiusDirichletInverseBridge.lean	86	true	thermodynamic/free-energy/closure substrate
L5_ThermodynamicClosure	thermo	theorem	finiteFermionicEulerProduct_empty	lean/InfoGeometry/Arithmetic/MobiusDirichletInverseBridge.lean	94	true	thermodynamic/free-energy/closure substrate
L5_ThermodynamicClosure	thermo	structure	PrimeRegister	lean/InfoGeometry/Arithmetic/PrimeBitWittenIndex.lean	28	false	thermodynamic/free-energy/closure substrate
L5_ThermodynamicClosure	thermo	abbrev	PrimeBitState	lean/InfoGeometry/Arithmetic/PrimeBitWittenIndex.lean	42	false	thermodynamic/free-energy/closure substrate
L5_ThermodynamicClosure	thermo	def	occupiedPrimeSet	lean/InfoGeometry/Arithmetic/PrimeBitWittenIndex.lean	47	false	thermodynamic/free-energy/closure substrate
L5_ThermodynamicClosure	thermo	theorem	occupiedPrimeSet_subset	lean/InfoGeometry/Arithmetic/PrimeBitWittenIndex.lean	55	true	thermodynamic/free-energy/closure substrate
L5_ThermodynamicClosure	thermo	def	representedNat	lean/InfoGeometry/Arithmetic/PrimeBitWittenIndex.lean	65	false	thermodynamic/free-energy/closure substrate
L5_ThermodynamicClosure	thermo	def	representedNatOfState	lean/InfoGeometry/Arithmetic/PrimeBitWittenIndex.lean	70	false	thermodynamic/free-energy/closure substrate
L5_ThermodynamicClosure	thermo	def	fermionNumber	lean/InfoGeometry/Arithmetic/PrimeBitWittenIndex.lean	75	false	thermodynamic/free-energy/closure substrate
L5_ThermodynamicClosure	thermo	def	fermionNumberOfState	lean/InfoGeometry/Arithmetic/PrimeBitWittenIndex.lean	80	false	thermodynamic/free-energy/closure substrate
L5_ThermodynamicClosure	thermo	def	fermionParity	lean/InfoGeometry/Arithmetic/PrimeBitWittenIndex.lean	85	false	thermodynamic/free-energy/closure substrate
L5_ThermodynamicClosure	thermo	def	fermionParityOfState	lean/InfoGeometry/Arithmetic/PrimeBitWittenIndex.lean	90	false	thermodynamic/free-energy/closure substrate
L5_ThermodynamicClosure	thermo	def	subregister	lean/InfoGeometry/Arithmetic/PrimeBitWittenIndex.lean	95	false	thermodynamic/free-energy/closure substrate
L5_ThermodynamicClosure	thermo	theorem	mobius_prime_product_eq_parity	lean/InfoGeometry/Arithmetic/PrimeBitWittenIndex.lean	107	true	thermodynamic/free-energy/closure substrate
L5_ThermodynamicClosure	thermo	theorem	mobius_representedNat_eq_fermionParity	lean/InfoGeometry/Arithmetic/PrimeBitWittenIndex.lean	131	true	thermodynamic/free-energy/closure substrate
L5_ThermodynamicClosure	thermo	theorem	mobius_representedNatOfState_eq_fermionParity	lean/InfoGeometry/Arithmetic/PrimeBitWittenIndex.lean	144	true	thermodynamic/free-energy/closure substrate
L5_ThermodynamicClosure	thermo	theorem	mobius_eq_zero_of_not_squarefree	lean/InfoGeometry/Arithmetic/PrimeBitWittenIndex.lean	159	true	thermodynamic/free-energy/closure substrate
L5_ThermodynamicClosure	thermo	theorem	finite_witten_index_cancel	lean/InfoGeometry/Arithmetic/PrimeBitWittenIndex.lean	171	true	thermodynamic/free-energy/closure substrate
L5_ThermodynamicClosure	thermo	theorem	finite_witten_supertrace_cancel	lean/InfoGeometry/Arithmetic/PrimeBitWittenIndex.lean	185	true	thermodynamic/free-energy/closure substrate
L5_ThermodynamicClosure	thermo	theorem	finite_divisor_mobius_sum_cancel	lean/InfoGeometry/Arithmetic/PrimeBitWittenIndex.lean	195	true	thermodynamic/free-energy/closure substrate
L2_Operator	operator	structure	PositiveNormalizedFunctional	lean/InfoGeometry/Canonical/AlgebraicStateFunctionalBridge.lean	43	false	operator-algebraic bridge substrate
L2_Operator	operator	theorem	probe_id	lean/InfoGeometry/Canonical/AlgebraicStateFunctionalBridge.lean	54	true	operator-algebraic bridge substrate
L3_Krein	krein	def	ofNormalizedVectorState	lean/InfoGeometry/Canonical/AlgebraicStateFunctionalBridge.lean	63	false	Krein/doubled-geometry substrate
L3_Krein	krein	theorem	ofNormalizedVectorState_probe_apply	lean/InfoGeometry/Canonical/AlgebraicStateFunctionalBridge.lean	79	true	Krein/doubled-geometry substrate
L3_Krein	krein	structure	RepresentationFrame	lean/InfoGeometry/Canonical/AlgebraicStateFunctionalBridge.lean	95	false	Krein/doubled-geometry substrate
L2_Operator	operator	structure	StateRepresentationBridge	lean/InfoGeometry/Canonical/AlgebraicStateFunctionalBridge.lean	109	false	operator-algebraic bridge substrate
L3_Krein	krein	theorem	probe_eq_referenceExpectation'	lean/InfoGeometry/Canonical/AlgebraicStateFunctionalBridge.lean	123	true	Krein/doubled-geometry substrate
L3_Krein	krein	theorem	probe_apply_eq_referenceExpectation	lean/InfoGeometry/Canonical/AlgebraicStateFunctionalBridge.lean	129	true	Krein/doubled-geometry substrate
L2_Operator	operator	def	withFrame	lean/InfoGeometry/Canonical/AlgebraicStateFunctionalBridge.lean	139	false	operator-algebraic bridge substrate
L2_Operator	operator	theorem	withFrame_probe_eq	lean/InfoGeometry/Canonical/AlgebraicStateFunctionalBridge.lean	149	true	operator-algebraic bridge substrate
L3_Krein	krein	theorem	withFrame_probe_apply_eq_referenceExpectation	lean/InfoGeometry/Canonical/AlgebraicStateFunctionalBridge.lean	155	true	Krein/doubled-geometry substrate
L4_ModularTransport	transport	def	IsStationaryAlong	lean/InfoGeometry/Canonical/AlgebraicStationarity.lean	48	true	modular/transport/flow substrate
L4_ModularTransport	transport	def	IsAlgebraicallyStationary	lean/InfoGeometry/Canonical/AlgebraicStationarity.lean	57	true	modular/transport/flow substrate
L4_ModularTransport	transport	def	IsStateAlgebraicallyStationary	lean/InfoGeometry/Canonical/AlgebraicStationarity.lean	66	true	modular/transport/flow substrate
L4_ModularTransport	transport	def	AlgebraicEinsteinBalance	lean/InfoGeometry/Canonical/AlgebraicStationarity.lean	78	true	modular/transport/flow substrate
L4_ModularTransport	transport	def	modularCurvatureOperator	lean/InfoGeometry/Canonical/AlgebraicStationarity.lean	87	false	modular/transport/flow substrate
L4_ModularTransport	transport	theorem	isStateAlgebraicallyStationary_iff_generatorStationarity	lean/InfoGeometry/Canonical/AlgebraicStationarity.lean	110	true	modular/transport/flow substrate
L4_ModularTransport	transport	theorem	isStateAlgebraicallyStationary_iff_algebraicEinsteinBalance	lean/InfoGeometry/Canonical/AlgebraicStationarity.lean	123	true	modular/transport/flow substrate
L4_ModularTransport	transport	theorem	starCertifiedEinsteinAnomalyStationary_iff_projectorObstructionStationary_of_projectorAgreement	lean/InfoGeometry/Canonical/AlgebraicStationarity.lean	145	true	modular/transport/flow substrate
L4_ModularTransport	transport	theorem	operatorInformationFirstVariation_neg_left	lean/InfoGeometry/Canonical/AlgebraicStationarity.lean	181	true	modular/transport/flow substrate
L4_ModularTransport	transport	theorem	operatorInformationFirstVariation_neg_right	lean/InfoGeometry/Canonical/AlgebraicStationarity.lean	192	true	modular/transport/flow substrate
L4_ModularTransport	transport	theorem	isAlgebraicallyStationary_zero	lean/InfoGeometry/Canonical/AlgebraicStationarity.lean	203	true	modular/transport/flow substrate
L4_ModularTransport	transport	theorem	isStationaryAlong_of_commute	lean/InfoGeometry/Canonical/AlgebraicStationarity.lean	212	true	modular/transport/flow substrate
L4_ModularTransport	transport	theorem	isAlgebraicallyStationary_of_central	lean/InfoGeometry/Canonical/AlgebraicStationarity.lean	225	true	modular/transport/flow substrate
L4_ModularTransport	transport	theorem	phaseAxisResponse_eq_neg_KVariation	lean/InfoGeometry/Canonical/AlgebraicStationarity.lean	234	true	modular/transport/flow substrate
L4_ModularTransport	transport	theorem	KVariation_phaseAxisResponse_eq_neg_modularCurvature	lean/InfoGeometry/Canonical/AlgebraicStationarity.lean	249	true	modular/transport/flow substrate
L4_ModularTransport	transport	theorem	modularCurvatureExpectation_eq_zero_of_phaseResponseStationary	lean/InfoGeometry/Canonical/AlgebraicStationarity.lean	266	true	modular/transport/flow substrate
L5_ThermodynamicClosure	thermo	structure	FinitePrimeCutoffDirichletData	lean/InfoGeometry/Canonical/AnalyticLimit.lean	19	false	thermodynamic/free-energy/closure substrate
L5_ThermodynamicClosure	thermo	def	finiteInverseZeta	lean/InfoGeometry/Canonical/AnalyticLimit.lean	29	false	thermodynamic/free-energy/closure substrate
L5_ThermodynamicClosure	thermo	theorem	finiteInverseZeta_eq_finiteEulerProduct	lean/InfoGeometry/Canonical/AnalyticLimit.lean	36	true	thermodynamic/free-energy/closure substrate
L5_ThermodynamicClosure	thermo	structure	AnalyticLimitWitness	lean/InfoGeometry/Canonical/AnalyticLimit.lean	48	true	thermodynamic/free-energy/closure substrate
L5_ThermodynamicClosure	thermo	theorem	inverseZeta_eq_tendsto_finiteInverseZeta	lean/InfoGeometry/Canonical/AnalyticLimit.lean	61	true	thermodynamic/free-energy/closure substrate
L2_Operator	operator	def	SinkhornRicciIndexInvariant	lean/InfoGeometry/Canonical/AnalyticalIndexCoupled.lean	36	true	operator-algebraic bridge substrate
L5_ThermodynamicClosure	thermo	theorem	SinkhornRicciIndexInvariant.mk_components	lean/InfoGeometry/Canonical/AnalyticalIndexCoupled.lean	51	true	thermodynamic/free-energy/closure substrate
L5_ThermodynamicClosure	thermo	theorem	SinkhornRicciIndexInvariant.of_modularCliffordTransport	lean/InfoGeometry/Canonical/AnalyticalIndexCoupled.lean	68	true	thermodynamic/free-energy/closure substrate
L5_ThermodynamicClosure	thermo	theorem	SinkhornRicciIndexInvariant.of_modularCliffordTransport_components	lean/InfoGeometry/Canonical/AnalyticalIndexCoupled.lean	96	true	thermodynamic/free-energy/closure substrate
L5_ThermodynamicClosure	thermo	theorem	SinkhornRicciIndexInvariant.of_cl11BottConjugacy	lean/InfoGeometry/Canonical/AnalyticalIndexCoupled.lean	134	true	thermodynamic/free-energy/closure substrate
L2_Operator	operator	structure	ArnoldShapeScaleCost	lean/InfoGeometry/Canonical/ArnoldApproximationCore.lean	30	false	operator-algebraic bridge substrate
L2_Operator	operator	def	totalCost	lean/InfoGeometry/Canonical/ArnoldApproximationCore.lean	40	false	operator-algebraic bridge substrate
L2_Operator	operator	theorem	totalCost_nonneg	lean/InfoGeometry/Canonical/ArnoldApproximationCore.lean	47	true	operator-algebraic bridge substrate
L2_Operator	operator	structure	ArnoldGeneratorApproximationContract	lean/InfoGeometry/Canonical/ArnoldApproximationCore.lean	63	false	operator-algebraic bridge substrate
L2_Operator	operator	theorem	costBound_nonneg	lean/InfoGeometry/Canonical/ArnoldApproximationCore.lean	78	true	operator-algebraic bridge substrate
L2_Operator	operator	theorem	arnoldGeneratorCost_le	lean/InfoGeometry/Canonical/ArnoldApproximationCore.lean	86	true	operator-algebraic bridge substrate
L2_Operator	operator	theorem	arnoldGeneratorShapeCost_nonneg	lean/InfoGeometry/Canonical/ArnoldApproximationCore.lean	97	true	operator-algebraic bridge substrate
L2_Operator	operator	theorem	arnoldGeneratorScaleCost_nonneg	lean/InfoGeometry/Canonical/ArnoldApproximationCore.lean	106	true	operator-algebraic bridge substrate
L2_Operator	operator	theorem	metricReadout_error_le_of_contract	lean/InfoGeometry/Canonical/ArnoldApproximationCore.lean	118	true	operator-algebraic bridge substrate
L2_Operator	operator	def	HasArnoldApproximationAt	lean/InfoGeometry/Canonical/ArnoldApproximationCore.lean	133	true	operator-algebraic bridge substrate
L3_Krein	krein	def	arnoldToDoubledKreinIntertwiner_of_expertsFix	lean/InfoGeometry/Canonical/ArnoldNetworkIntertwiner.lean	33	false	Krein/doubled-geometry substrate
L3_Krein	krein	theorem	arnoldToDoubledKrein_readoutPreservation_of_pointwise_eq	lean/InfoGeometry/Canonical/ArnoldNetworkIntertwiner.lean	64	true	Krein/doubled-geometry substrate
L2_Operator	operator	def	arnoldGenerator	lean/InfoGeometry/Canonical/ArnoldNetworkPresentation.lean	28	false	operator-algebraic bridge substrate
L2_Operator	operator	def	arnoldMetricReadout	lean/InfoGeometry/Canonical/ArnoldNetworkPresentation.lean	35	false	operator-algebraic bridge substrate
L2_Operator	operator	def	arnoldPhaseReadout	lean/InfoGeometry/Canonical/ArnoldNetworkPresentation.lean	40	false	operator-algebraic bridge substrate
L2_Operator	operator	def	toQuantumPresentation	lean/InfoGeometry/Canonical/ArnoldNetworkPresentation.lean	55	false	operator-algebraic bridge substrate
L2_Operator	operator	theorem	toQuantumPresentation_generator_eq_arnold	lean/InfoGeometry/Canonical/ArnoldNetworkPresentation.lean	68	true	operator-algebraic bridge substrate
L2_Operator	operator	theorem	arnoldGenerator_totalCost_le_of_contract	lean/InfoGeometry/Canonical/ArnoldNetworkPresentation.lean	80	true	operator-algebraic bridge substrate
L2_Operator	operator	theorem	arnoldMetricReadout_error_le_of_shapeScaleContract	lean/InfoGeometry/Canonical/ArnoldNetworkPresentation.lean	95	true	operator-algebraic bridge substrate
L2_Operator	operator	theorem	toQuantumPresentation_generator_totalCost_le_of_contract	lean/InfoGeometry/Canonical/ArnoldNetworkPresentation.lean	115	true	operator-algebraic bridge substrate
L3_Krein	krein	theorem	arnoldGenerator_mem_submodule	lean/InfoGeometry/Canonical/ArnoldNetworkPresentation.lean	130	true	Krein/doubled-geometry substrate
L3_Krein	krein	theorem	arnoldGenerator_eq_of_experts_fix	lean/InfoGeometry/Canonical/ArnoldNetworkPresentation.lean	149	true	Krein/doubled-geometry substrate
L2_Operator	operator	def	taggedPresentation	lean/InfoGeometry/Canonical/ArnoldNetworkPresentation.lean	165	false	operator-algebraic bridge substrate
L3_Krein	krein	def	superBracket	lean/InfoGeometry/Canonical/AssociativeSuperBracket.lean	22	false	Krein/doubled-geometry substrate
L3_Krein	krein	abbrev	commutator	lean/InfoGeometry/Canonical/AssociativeSuperBracket.lean	27	false	Krein/doubled-geometry substrate
L3_Krein	krein	abbrev	anticommutator	lean/InfoGeometry/Canonical/AssociativeSuperBracket.lean	32	false	Krein/doubled-geometry substrate
L5_ThermodynamicClosure	thermo	theorem	gibbsWeight_polarizedPlusParams_eq_polarizedPlusAttentionWeights	lean/InfoGeometry/Canonical/AttentionPolarizedGibbsBridge.lean	78	true	thermodynamic/free-energy/closure substrate
L5_ThermodynamicClosure	thermo	def	polarizedPlusAttentionWeights	lean/InfoGeometry/Canonical/AttentionPolarizedSplit.lean	54	false	thermodynamic/free-energy/closure substrate
L2_Operator	operator	def	alignmentObstruction	lean/InfoGeometry/Canonical/BogoliubovOptimalTransport.lean	41	false	operator-algebraic bridge substrate
L2_Operator	operator	theorem	alignmentObstruction_eq_zero	lean/InfoGeometry/Canonical/BogoliubovOptimalTransport.lean	49	true	operator-algebraic bridge substrate
L2_Operator	operator	def	chiObstruction	lean/InfoGeometry/Canonical/BogoliubovOptimalTransport.lean	64	false	operator-algebraic bridge substrate
L2_Operator	operator	theorem	chiObstruction_eq_zero_iff_alignment	lean/InfoGeometry/Canonical/BogoliubovOptimalTransport.lean	72	true	operator-algebraic bridge substrate
L2_Operator	operator	theorem	chiObstruction_ne_zero_iff_non_alignment	lean/InfoGeometry/Canonical/BogoliubovOptimalTransport.lean	81	true	operator-algebraic bridge substrate
L2_Operator	operator	def	IsOptimalBogoliubovFlow	lean/InfoGeometry/Canonical/BogoliubovOptimalTransport.lean	91	true	operator-algebraic bridge substrate
L4_ModularTransport	transport	theorem	optimal_transport_of_alignment_zero	lean/InfoGeometry/Canonical/BogoliubovOptimalTransport.lean	101	true	modular/transport/flow substrate
L2_Operator	operator	def	canonicalBogoliubovFlow	lean/InfoGeometry/Canonical/BogoliubovOptimalTransport.lean	115	false	operator-algebraic bridge substrate
L4_ModularTransport	transport	theorem	canonicalBogoliubovFlow_isOptimal	lean/InfoGeometry/Canonical/BogoliubovOptimalTransport.lean	124	true	modular/transport/flow substrate
L4_ModularTransport	transport	theorem	no_defect_leakage_of_optimal_flow	lean/InfoGeometry/Canonical/BogoliubovOptimalTransport.lean	143	true	modular/transport/flow substrate
L4_ModularTransport	transport	theorem	bogoliubovPolarizationBridge_of_strictSymmetry	lean/InfoGeometry/Canonical/BogoliubovPolarizationBridge.lean	76	true	modular/transport/flow substrate
L3_Krein	krein	theorem	polarizedDoubledAmplitude_phaseOrbit_eq_dilationOrbit	lean/InfoGeometry/Canonical/BohmMadelungOperatorialBridge.lean	45	true	Krein/doubled-geometry substrate
L3_Krein	krein	theorem	polarizedDoubledAmplitude_modularConjugationJ_phaseOrbit_eq_reverse	lean/InfoGeometry/Canonical/BohmMadelungOperatorialBridge.lean	51	true	Krein/doubled-geometry substrate
L4_ModularTransport	transport	theorem	stateGeneratorField_phaseReadout_eq_metric_comp_complex_i	lean/InfoGeometry/Canonical/BohmMadelungOperatorialBridge.lean	59	true	modular/transport/flow substrate
L4_ModularTransport	transport	theorem	stateGeneratorField_phaseReadout_eq_metric_comp_K	lean/InfoGeometry/Canonical/BohmMadelungOperatorialBridge.lean	69	true	modular/transport/flow substrate
L4_ModularTransport	transport	theorem	stateGeneratorField_inducedDerivation_eq_gauge_add_source	lean/InfoGeometry/Canonical/BohmMadelungOperatorialBridge.lean	79	true	modular/transport/flow substrate
L4_ModularTransport	transport	theorem	constantStateGeneratorField_relativeModularGenerator_eq_modularTransportGenerator	lean/InfoGeometry/Canonical/BohmMadelungOperatorialBridge.lean	98	true	modular/transport/flow substrate
L4_ModularTransport	transport	theorem	constantStateGeneratorField_stateInducedDerivation_eq_relativeModularDeriv	lean/InfoGeometry/Canonical/BohmMadelungOperatorialBridge.lean	109	true	modular/transport/flow substrate
L4_ModularTransport	transport	theorem	constantStateGeneratorField_stateGaugeGenerator_eq_phaseLinearPart	lean/InfoGeometry/Canonical/BohmMadelungOperatorialBridge.lean	118	true	modular/transport/flow substrate
L4_ModularTransport	transport	theorem	constantStateGeneratorField_stateSourceGenerator_eq_phaseAntilinearPart	lean/InfoGeometry/Canonical/BohmMadelungOperatorialBridge.lean	129	true	modular/transport/flow substrate
L4_ModularTransport	transport	theorem	constantStateGeneratorField_stateGaugeDerivation_eq_transportCommutator_phaseLinearPart	lean/InfoGeometry/Canonical/BohmMadelungOperatorialBridge.lean	140	true	modular/transport/flow substrate
L4_ModularTransport	transport	theorem	constantStateGeneratorField_stateSourceDerivation_eq_transportCommutator_phaseAntilinearPart	lean/InfoGeometry/Canonical/BohmMadelungOperatorialBridge.lean	150	true	modular/transport/flow substrate
L4_ModularTransport	transport	theorem	constantStateGeneratorField_stateInducedDerivation_eq_phaseLinear_add_phaseAntilinear_transport	lean/InfoGeometry/Canonical/BohmMadelungOperatorialBridge.lean	160	true	modular/transport/flow substrate
L4_ModularTransport	transport	theorem	constantStateGeneratorField_stateQGTReadout_apply_eq_metricPhase_relativeModularDeriv	lean/InfoGeometry/Canonical/BohmMadelungOperatorialBridge.lean	175	true	modular/transport/flow substrate
L4_ModularTransport	transport	theorem	constantStateGeneratorField_stateQGTReadout_pair_eq_phaseLinearAntilinear_transport_pair	lean/InfoGeometry/Canonical/BohmMadelungOperatorialBridge.lean	189	true	modular/transport/flow substrate
L4_ModularTransport	transport	theorem	potentialDatum_constantStateGeneratorField_stateQGTReadout_pair_eq_comparisonReadout_pair	lean/InfoGeometry/Canonical/BohmMadelungOperatorialBridge.lean	259	true	modular/transport/flow substrate
L4_ModularTransport	transport	theorem	potentialDatum_constantStateGeneratorField_stateQGTReadout_stationary_iff_isPotentialKillingOperator	lean/InfoGeometry/Canonical/BohmMadelungOperatorialBridge.lean	273	true	modular/transport/flow substrate
L4_ModularTransport	transport	theorem	potentialDatum_constantStateGeneratorField_stateQGTReadout_stationary_of_equilibriumSeed	lean/InfoGeometry/Canonical/BohmMadelungOperatorialBridge.lean	291	true	modular/transport/flow substrate
L4_ModularTransport	transport	theorem	potentialDatum_constantStateGeneratorField_stateQGTReadout_stationary_of_firstVariation_eq_zero_of_probeFaithful	lean/InfoGeometry/Canonical/BohmMadelungOperatorialBridge.lean	310	true	modular/transport/flow substrate
L4_ModularTransport	transport	theorem	potentialDatum_constantStateGeneratorField_kSplitReadout_stationary_iff_isPotentialKillingOperator	lean/InfoGeometry/Canonical/BohmMadelungOperatorialBridge.lean	327	true	modular/transport/flow substrate
L4_ModularTransport	transport	theorem	potentialDatum_constantStateGeneratorField_kSplitReadout_stationary_of_equilibriumSeed	lean/InfoGeometry/Canonical/BohmMadelungOperatorialBridge.lean	362	true	modular/transport/flow substrate
L4_ModularTransport	transport	theorem	potentialDatum_constantStateGeneratorField_kSplitReadout_stationary_of_firstVariation_eq_zero_of_probeFaithful	lean/InfoGeometry/Canonical/BohmMadelungOperatorialBridge.lean	396	true	modular/transport/flow substrate
L4_ModularTransport	transport	theorem	constantStateGeneratorField_stateGaugeGenerator_isPhaseLinear	lean/InfoGeometry/Canonical/BohmMadelungOperatorialBridge.lean	431	true	modular/transport/flow substrate
L4_ModularTransport	transport	theorem	constantStateGeneratorField_stateSourceGenerator_isPhaseAntilinear	lean/InfoGeometry/Canonical/BohmMadelungOperatorialBridge.lean	442	true	modular/transport/flow substrate
L4_ModularTransport	transport	theorem	constantStateGeneratorField_phaseAxisResponse_stateGaugeGenerator_eq_zero	lean/InfoGeometry/Canonical/BohmMadelungOperatorialBridge.lean	453	true	modular/transport/flow substrate
L4_ModularTransport	transport	theorem	constantStateGeneratorField_phaseAxisResponse_stateSourceGenerator_eq_two_smul_comp_K	lean/InfoGeometry/Canonical/BohmMadelungOperatorialBridge.lean	465	true	modular/transport/flow substrate
L4_ModularTransport	transport	theorem	constantStateGeneratorField_phaseAxisForce_eq_from_stateSourceGenerator	lean/InfoGeometry/Canonical/BohmMadelungOperatorialBridge.lean	482	true	modular/transport/flow substrate
L4_ModularTransport	transport	theorem	dim_mismatch_of_operatorialCentralCharge_ne_zero_of_identifiedTransportedPolarization	lean/InfoGeometry/Canonical/BoundaryChiralIndexBridge.lean	54	true	modular/transport/flow substrate
L4_ModularTransport	transport	theorem	transportedHasZeroMode_of_operatorialCentralCharge_ne_zero_of_identifiedTransportedPolarization	lean/InfoGeometry/Canonical/BoundaryChiralIndexBridge.lean	113	true	modular/transport/flow substrate
L4_ModularTransport	transport	theorem	transportedZeroModeWitness_of_operatorialCentralCharge_ne_zero_of_identifiedTransportedPolarization	lean/InfoGeometry/Canonical/BoundaryChiralIndexBridge.lean	141	true	modular/transport/flow substrate
L4_ModularTransport	transport	theorem	boundaryScale_ne_zero_iff_boundaryGenerator_ne_zero	lean/InfoGeometry/Canonical/BoundaryLocalizationIndexEquiv.lean	45	true	modular/transport/flow substrate
L4_ModularTransport	transport	theorem	boundaryScale_ne_zero_iff_coriolisVorticity_ne_zero	lean/InfoGeometry/Canonical/BoundaryLocalizationIndexEquiv.lean	57	true	modular/transport/flow substrate
L4_ModularTransport	transport	theorem	quasilatticeAnalyticalIndex_ne_zero_boundaryGenerator_ne_zero_of_identifiedTransportedPolarization	lean/InfoGeometry/Canonical/BoundaryLocalizationIndexEquiv.lean	94	true	modular/transport/flow substrate
L4_ModularTransport	transport	theorem	quasilatticeAnalyticalIndex_ne_zero_coriolisVorticity_ne_zero_of_identifiedTransportedPolarization	lean/InfoGeometry/Canonical/BoundaryLocalizationIndexEquiv.lean	127	true	modular/transport/flow substrate
L4_ModularTransport	transport	theorem	quasilatticeAnalyticalIndex_ne_zero_boundaryGenerator_ne_zero_of_kernelSeparation_of_identifiedTransportedPolarization	lean/InfoGeometry/Canonical/BoundaryLocalizationIndexEquiv.lean	159	true	modular/transport/flow substrate
L4_ModularTransport	transport	theorem	quasilatticeAnalyticalIndex_ne_zero_coriolisVorticity_ne_zero_of_kernelSeparation_of_identifiedTransportedPolarization	lean/InfoGeometry/Canonical/BoundaryLocalizationIndexEquiv.lean	191	true	modular/transport/flow substrate
L4_ModularTransport	transport	theorem	operatorialCentralChargeParity_ne_zero_boundaryGenerator_ne_zero_of_identifiedTransportedPolarization	lean/InfoGeometry/Canonical/BoundaryLocalizationIndexEquiv.lean	225	true	modular/transport/flow substrate
L4_ModularTransport	transport	theorem	operatorialCentralChargeParity_ne_zero_coriolisVorticity_ne_zero_of_identifiedTransportedPolarization	lean/InfoGeometry/Canonical/BoundaryLocalizationIndexEquiv.lean	255	true	modular/transport/flow substrate
L4_ModularTransport	transport	theorem	operatorialCentralChargeParity_ne_zero_boundaryGenerator_ne_zero_of_kernelSeparation_of_identifiedTransportedPolarization	lean/InfoGeometry/Canonical/BoundaryLocalizationIndexEquiv.lean	286	true	modular/transport/flow substrate
L4_ModularTransport	transport	theorem	operatorialCentralChargeParity_ne_zero_coriolisVorticity_ne_zero_of_kernelSeparation_of_identifiedTransportedPolarization	lean/InfoGeometry/Canonical/BoundaryLocalizationIndexEquiv.lean	317	true	modular/transport/flow substrate
L5_ThermodynamicClosure	thermo	def	finiteThermodynamicMoment	lean/InfoGeometry/Canonical/BulgarianThermodynamicGeometryBridge.lean	35	false	thermodynamic/free-energy/closure substrate
L5_ThermodynamicClosure	thermo	def	finiteFisherCovarianceEntry	lean/InfoGeometry/Canonical/BulgarianThermodynamicGeometryBridge.lean	42	false	thermodynamic/free-energy/closure substrate
L5_ThermodynamicClosure	thermo	def	familyAInterfaceOfSouriau	lean/InfoGeometry/Canonical/BulgarianThermodynamicGeometryBridge.lean	53	false	thermodynamic/free-energy/closure substrate
L5_ThermodynamicClosure	thermo	def	familyDInterfaceOfSouriau	lean/InfoGeometry/Canonical/BulgarianThermodynamicGeometryBridge.lean	94	false	thermodynamic/free-energy/closure substrate
L5_ThermodynamicClosure	thermo	theorem	familyA_bridge_packet	lean/InfoGeometry/Canonical/BulgarianThermodynamicGeometryBridge.lean	119	true	thermodynamic/free-energy/closure substrate
L5_ThermodynamicClosure	thermo	theorem	familyD_bridge_packet	lean/InfoGeometry/Canonical/BulgarianThermodynamicGeometryBridge.lean	132	true	thermodynamic/free-energy/closure substrate
L2_Operator	operator	structure	NontrivialRegularizationPackage	lean/InfoGeometry/Canonical/BulkBoundaryRegularizationBridge.lean	45	false	operator-algebraic bridge substrate
L2_Operator	operator	structure	ZeroModeRegularizationPackage	lean/InfoGeometry/Canonical/BulkBoundaryRegularizationBridge.lean	64	false	operator-algebraic bridge substrate
L2_Operator	operator	theorem	exists_nontrivial_regularization_pair_of_dim_mismatch	lean/InfoGeometry/Canonical/BulkBoundaryRegularizationBridge.lean	134	true	operator-algebraic bridge substrate
L2_Operator	operator	def	nontrivialRegularizationPackage_of_dim_mismatch	lean/InfoGeometry/Canonical/BulkBoundaryRegularizationBridge.lean	163	false	operator-algebraic bridge substrate
L2_Operator	operator	def	zeroModeRegularizationPackage_of_dim_mismatch	lean/InfoGeometry/Canonical/BulkBoundaryRegularizationBridge.lean	197	false	operator-algebraic bridge substrate
L2_Operator	operator	theorem	exists_zeroMode_and_nontrivial_regularization_pair_of_dim_mismatch	lean/InfoGeometry/Canonical/BulkBoundaryRegularizationBridge.lean	223	true	operator-algebraic bridge substrate
L3_Krein	krein	theorem	dim_mismatch_of_nonzero_analyticalIndex_of_identifiedPolarization	lean/InfoGeometry/Canonical/BulkBoundaryRegularizationBridge.lean	263	true	Krein/doubled-geometry substrate
L3_Krein	krein	def	zeroModeRegularizationPackage_of_nonzero_analyticalIndex_of_identifiedPolarization	lean/InfoGeometry/Canonical/BulkBoundaryRegularizationBridge.lean	286	false	Krein/doubled-geometry substrate
L2_Operator	operator	theorem	exists_nontrivial_regularization_pair_of_topologicalIndexZ2_eq_one_of_simplifiedBoundaryModel	lean/InfoGeometry/Canonical/BulkBoundaryRegularizationBridge.lean	310	true	operator-algebraic bridge substrate
L2_Operator	operator	def	nontrivialRegularizationPackage_of_topologicalIndexZ2_eq_one_of_simplifiedBoundaryModel	lean/InfoGeometry/Canonical/BulkBoundaryRegularizationBridge.lean	360	false	operator-algebraic bridge substrate
L2_Operator	operator	def	zeroModeRegularizationPackage_of_topologicalIndexZ2_eq_one_of_simplifiedBoundaryModel	lean/InfoGeometry/Canonical/BulkBoundaryRegularizationBridge.lean	398	false	operator-algebraic bridge substrate
L2_Operator	operator	structure	ModularBulkBoundaryBridge	lean/InfoGeometry/Canonical/BulkBoundaryTomitaTransportBridge.lean	54	false	operator-algebraic bridge substrate
L2_Operator	operator	theorem	carrier_modularFlow_eq_logData_generator	lean/InfoGeometry/Canonical/BulkBoundaryTomitaTransportBridge.lean	76	true	operator-algebraic bridge substrate
L2_Operator	operator	def	ownedOperator	lean/InfoGeometry/Canonical/BulkBoundaryTomitaTransportBridge.lean	84	false	operator-algebraic bridge substrate
L2_Operator	operator	def	transportedOperator	lean/InfoGeometry/Canonical/BulkBoundaryTomitaTransportBridge.lean	89	false	operator-algebraic bridge substrate
L3_Krein	krein	theorem	owner_boundaryPair	lean/InfoGeometry/Canonical/BulkBoundaryTomitaTransportBridge.lean	94	true	Krein/doubled-geometry substrate
L2_Operator	operator	theorem	owner_hasZeroMode	lean/InfoGeometry/Canonical/BulkBoundaryTomitaTransportBridge.lean	107	true	operator-algebraic bridge substrate
L2_Operator	operator	theorem	owner_exists_zeroMode	lean/InfoGeometry/Canonical/BulkBoundaryTomitaTransportBridge.lean	114	true	operator-algebraic bridge substrate
L2_Operator	operator	theorem	transported_hasZeroMode	lean/InfoGeometry/Canonical/BulkBoundaryTomitaTransportBridge.lean	121	true	operator-algebraic bridge substrate
L2_Operator	operator	theorem	transported_exists_zeroMode	lean/InfoGeometry/Canonical/BulkBoundaryTomitaTransportBridge.lean	131	true	operator-algebraic bridge substrate
L2_Operator	operator	theorem	transportedOperator_eq_flow_conjugate	lean/InfoGeometry/Canonical/BulkBoundaryTomitaTransportBridge.lean	141	true	operator-algebraic bridge substrate
L4_ModularTransport	transport	theorem	transport_commutes_modularSign_of_commute_generator	lean/InfoGeometry/Canonical/BulkBoundaryTomitaTransportBridge.lean	152	true	modular/transport/flow substrate
L4_ModularTransport	transport	theorem	transport_preserves_kreinInner_of_isSelfAdjoint_of_IsPhaseLinear_of_commute_modularSign	lean/InfoGeometry/Canonical/BulkBoundaryTomitaTransportBridge.lean	175	true	modular/transport/flow substrate
L4_ModularTransport	transport	theorem	transportedOperator_eq_wedgeBoost_conjugate	lean/InfoGeometry/Canonical/BulkBoundaryTomitaTransportBridge.lean	200	true	modular/transport/flow substrate
L4_ModularTransport	transport	theorem	transportedOperator_wedge_roundtrip	lean/InfoGeometry/Canonical/BulkBoundaryTomitaTransportBridge.lean	211	true	modular/transport/flow substrate
L4_ModularTransport	transport	theorem	transportedOperator_eq_wedge_roundtrip_conjugate	lean/InfoGeometry/Canonical/BulkBoundaryTomitaTransportBridge.lean	221	true	modular/transport/flow substrate
L3_Krein	krein	theorem	transported_weylZeroModePair	lean/InfoGeometry/Canonical/BulkBoundaryTomitaTransportBridge.lean	233	true	Krein/doubled-geometry substrate
L2_Operator	operator	structure	DimensionAgnosticBoundaryZeroModeOwner	lean/InfoGeometry/Canonical/BulkBoundaryZeroModeOwner.lean	41	false	operator-algebraic bridge substrate
L2_Operator	operator	def	owner_of_negativePhase_of_simplifiedBoundaryModel	lean/InfoGeometry/Canonical/BulkBoundaryZeroModeOwner.lean	90	false	operator-algebraic bridge substrate
L2_Operator	operator	def	owner_of_topologicalIndexZ2_eq_one_of_simplifiedBoundaryModel	lean/InfoGeometry/Canonical/BulkBoundaryZeroModeOwner.lean	107	false	operator-algebraic bridge substrate
L4_ModularTransport	transport	theorem	spectralProjector_eq_one_of_apex_zero	lean/InfoGeometry/Canonical/CapstoneSemanticAudit.lean	50	true	modular/transport/flow substrate
L4_ModularTransport	transport	theorem	global_active_apex_decomposition_reduces_to_active_of_apex_zero	lean/InfoGeometry/Canonical/CapstoneSemanticAudit.lean	66	true	modular/transport/flow substrate
L4_ModularTransport	transport	theorem	similarity_preserves_idempotent_and_commute	lean/InfoGeometry/Canonical/CapstoneSemanticAudit.lean	92	true	modular/transport/flow substrate
L4_ModularTransport	transport	theorem	block_diagonal_of_commute_idempotent_similarity	lean/InfoGeometry/Canonical/CapstoneSemanticAudit.lean	129	true	modular/transport/flow substrate
L4_ModularTransport	transport	structure	CasimirWeylDrazinData	lean/InfoGeometry/Canonical/CasimirWeylDrazinContext.lean	51	false	modular/transport/flow substrate
L2_Operator	operator	abbrev	drazinCoreProjector	lean/InfoGeometry/Canonical/CasimirWeylDrazinContext.lean	63	false	operator-algebraic bridge substrate
L2_Operator	operator	abbrev	penroseMetricProjector	lean/InfoGeometry/Canonical/CasimirWeylDrazinContext.lean	68	false	operator-algebraic bridge substrate
L2_Operator	operator	abbrev	drazinComplementProjector	lean/InfoGeometry/Canonical/CasimirWeylDrazinContext.lean	73	false	operator-algebraic bridge substrate
L4_ModularTransport	transport	def	sourcedGenerator	lean/InfoGeometry/Canonical/CasimirWeylDrazinContext.lean	78	false	modular/transport/flow substrate
L2_Operator	operator	def	regularCoreHamiltonian	lean/InfoGeometry/Canonical/CasimirWeylDrazinContext.lean	85	false	operator-algebraic bridge substrate
L4_ModularTransport	transport	theorem	lambdaInfo_eq_residual	lean/InfoGeometry/Canonical/CasimirWeylDrazinContext.lean	91	true	modular/transport/flow substrate
L4_ModularTransport	transport	def	criticalStiffness	lean/InfoGeometry/Canonical/CasimirWeylDrazinContext.lean	99	false	modular/transport/flow substrate
L4_ModularTransport	transport	theorem	criticalStiffness_eq_zero	lean/InfoGeometry/Canonical/CasimirWeylDrazinContext.lean	109	true	modular/transport/flow substrate
L4_ModularTransport	transport	theorem	sourcedGenerator_respects_drazin_cut	lean/InfoGeometry/Canonical/CasimirWeylDrazinContext.lean	122	true	modular/transport/flow substrate
L4_ModularTransport	transport	theorem	sourcedGenerator_bulk_invariant	lean/InfoGeometry/Canonical/CasimirWeylDrazinContext.lean	134	true	modular/transport/flow substrate
L4_ModularTransport	transport	theorem	sourcedGenerator_boundary_excitation	lean/InfoGeometry/Canonical/CasimirWeylDrazinContext.lean	147	true	modular/transport/flow substrate
L2_Operator	operator	theorem	regularCoreHamiltonian_support_flow_package	lean/InfoGeometry/Canonical/CasimirWeylDrazinContext.lean	161	true	operator-algebraic bridge substrate
L4_ModularTransport	transport	theorem	relativeModular_scaleShapeSplit_of_commute	lean/InfoGeometry/Canonical/CasimirWeylDrazinContext.lean	202	true	modular/transport/flow substrate
L4_ModularTransport	transport	theorem	transportSlice_ne_zero_of_centralCharge_ne_zero	lean/InfoGeometry/Canonical/CasimirWeylDrazinContext.lean	260	true	modular/transport/flow substrate
L4_ModularTransport	transport	theorem	true_bekenstein_bound	lean/InfoGeometry/Canonical/CasiniBekensteinBound.lean	76	true	modular/transport/flow substrate
L3_Krein	krein	def	centralCharge	lean/InfoGeometry/Canonical/CentralChargeAnomaly.lean	43	false	Krein/doubled-geometry substrate
L4_ModularTransport	transport	theorem	centralCharge_eq_transport_slice	lean/InfoGeometry/Canonical/CentralChargeAnomaly.lean	52	true	modular/transport/flow substrate
L4_ModularTransport	transport	def	IsAnomalyFree	lean/InfoGeometry/Canonical/CentralChargeAnomaly.lean	71	true	modular/transport/flow substrate
L4_ModularTransport	transport	theorem	isAnomalyFree_iff_transportSlice_eq_wittenIndexResidue	lean/InfoGeometry/Canonical/CentralChargeAnomaly.lean	83	true	modular/transport/flow substrate
L4_ModularTransport	transport	theorem	isAnomalyFree_iff_transportSlice_eq_zero_of_canonicalMultiplet	lean/InfoGeometry/Canonical/CentralChargeAnomaly.lean	120	true	modular/transport/flow substrate
L4_ModularTransport	transport	theorem	isAnomalyFree_iff_centralCharge_eq_zero_of_canonicalMultiplet	lean/InfoGeometry/Canonical/CentralChargeAnomaly.lean	150	true	modular/transport/flow substrate
L4_ModularTransport	transport	theorem	transportSlice_ne_zero_of_centralCharge_ne_zero	lean/InfoGeometry/Canonical/CentralChargeAnomaly.lean	173	true	modular/transport/flow substrate
L4_ModularTransport	transport	def	operatorialCentralChargeParity	lean/InfoGeometry/Canonical/CentralChargeKKTParityBridge.lean	44	false	modular/transport/flow substrate
L4_ModularTransport	transport	theorem	operatorialCentralChargeParity_eq_transport_slice	lean/InfoGeometry/Canonical/CentralChargeKKTParityBridge.lean	55	true	modular/transport/flow substrate
L4_ModularTransport	transport	theorem	quasilatticeAnalyticalIndexParity_transport_invariant	lean/InfoGeometry/Canonical/CentralChargeKKTParityBridge.lean	86	true	modular/transport/flow substrate
L4_ModularTransport	transport	theorem	operatorialCentralCharge_ne_zero_of_operatorialCentralChargeParity_ne_zero	lean/InfoGeometry/Canonical/CentralChargeKKTParityBridge.lean	108	true	modular/transport/flow substrate
L4_ModularTransport	transport	theorem	transportedChiralKernelDimMismatch_of_operatorialCentralChargeParity_ne_zero	lean/InfoGeometry/Canonical/CentralChargeKKTParityBridge.lean	125	true	modular/transport/flow substrate
L4_ModularTransport	transport	theorem	dirac_kkt_odd_split_and_commutator_isGZero_of_gradeCLM_eq_eps	lean/InfoGeometry/Canonical/CentralChargeKKTParityBridge.lean	152	true	modular/transport/flow substrate
L4_ModularTransport	transport	theorem	centralCharge_nonzero_forces_dimMismatch_and_kkt_odd_split	lean/InfoGeometry/Canonical/CentralChargeKKTParityBridge.lean	168	true	modular/transport/flow substrate
L3_Krein	krein	structure	InverseKernel	lean/InfoGeometry/Canonical/CertifiedInverseKernel.lean	37	false	Krein/doubled-geometry substrate
L3_Krein	krein	structure	CertifiedInverseKernel	lean/InfoGeometry/Canonical/CertifiedInverseKernel.lean	48	false	Krein/doubled-geometry substrate
L3_Krein	krein	structure	SelfAdjointIdempotentWitness	lean/InfoGeometry/Canonical/CertifiedInverseKernel.lean	165	false	Krein/doubled-geometry substrate
L3_Krein	krein	def	ofSelfAdjointIdempotent	lean/InfoGeometry/Canonical/CertifiedInverseKernel.lean	177	false	Krein/doubled-geometry substrate
L3_Krein	krein	def	ofSelfAdjointIdempotentWitness	lean/InfoGeometry/Canonical/CertifiedInverseKernel.lean	203	false	Krein/doubled-geometry substrate
L3_Krein	krein	theorem	ofSelfAdjointIdempotentWitness_eq	lean/InfoGeometry/Canonical/CertifiedInverseKernel.lean	210	true	Krein/doubled-geometry substrate
L3_Krein	krein	theorem	ofSelfAdjointIdempotent_chiralScale_eq_zero	lean/InfoGeometry/Canonical/CertifiedInverseKernel.lean	223	true	Krein/doubled-geometry substrate
L3_Krein	krein	theorem	ofSelfAdjointIdempotent_spectralProjector_commutator_dilationGap_eq_zero	lean/InfoGeometry/Canonical/CertifiedInverseKernel.lean	239	true	Krein/doubled-geometry substrate
L3_Krein	krein	theorem	ofSelfAdjointIdempotentWitness_chiralScale_eq_zero	lean/InfoGeometry/Canonical/CertifiedInverseKernel.lean	251	true	Krein/doubled-geometry substrate
L3_Krein	krein	theorem	ofSelfAdjointIdempotentWitness_spectralProjector_commutator_dilationGap_eq_zero	lean/InfoGeometry/Canonical/CertifiedInverseKernel.lean	259	true	Krein/doubled-geometry substrate
L3_Krein	krein	theorem	exists_certifiedInverseKernel_global	lean/InfoGeometry/Canonical/CertifiedInverseKernel.lean	273	true	Krein/doubled-geometry substrate
L3_Krein	krein	def	adjointKernel	lean/InfoGeometry/Canonical/CertifiedInverseKernel.lean	297	false	Krein/doubled-geometry substrate
L3_Krein	krein	theorem	mpRangeProjector_eq_range_starProjection	lean/InfoGeometry/Canonical/CertifiedInverseKernel.lean	536	true	Krein/doubled-geometry substrate
L2_Operator	operator	def	compress	lean/InfoGeometry/Canonical/CertifiedModularReduction.lean	28	false	operator-algebraic bridge substrate
L2_Operator	operator	inductive	MetricSide	lean/InfoGeometry/Canonical/CertifiedModularReduction.lean	33	false	operator-algebraic bridge substrate
L2_Operator	operator	def	metricProjectorOf	lean/InfoGeometry/Canonical/CertifiedModularReduction.lean	40	false	operator-algebraic bridge substrate
L2_Operator	operator	theorem	metricProjectorOf_idempotent	lean/InfoGeometry/Canonical/CertifiedModularReduction.lean	46	true	operator-algebraic bridge substrate
L2_Operator	operator	structure	CertifiedModularReduction	lean/InfoGeometry/Canonical/CertifiedModularReduction.lean	61	false	operator-algebraic bridge substrate
L2_Operator	operator	def	Preg	lean/InfoGeometry/Canonical/CertifiedModularReduction.lean	119	false	operator-algebraic bridge substrate
L2_Operator	operator	def	Pzero	lean/InfoGeometry/Canonical/CertifiedModularReduction.lean	123	false	operator-algebraic bridge substrate
L2_Operator	operator	def	Pmetric	lean/InfoGeometry/Canonical/CertifiedModularReduction.lean	127	false	operator-algebraic bridge substrate
L2_Operator	operator	def	Kreg	lean/InfoGeometry/Canonical/CertifiedModularReduction.lean	135	false	operator-algebraic bridge substrate
L2_Operator	operator	def	Kambient	lean/InfoGeometry/Canonical/CertifiedModularReduction.lean	139	false	operator-algebraic bridge substrate
L2_Operator	operator	def	Kphys	lean/InfoGeometry/Canonical/CertifiedModularReduction.lean	143	false	operator-algebraic bridge substrate
L2_Operator	operator	def	anomaly	lean/InfoGeometry/Canonical/CertifiedModularReduction.lean	147	true	operator-algebraic bridge substrate
L2_Operator	operator	def	SpectralMetricAlignment	lean/InfoGeometry/Canonical/CertifiedModularReduction.lean	153	true	operator-algebraic bridge substrate
L2_Operator	operator	theorem	Preg_commutes	lean/InfoGeometry/Canonical/CertifiedModularReduction.lean	158	true	operator-algebraic bridge substrate
L2_Operator	operator	theorem	log_defined_on_	lean/InfoGeometry/Canonical/CertifiedModularReduction.lean	167	true	operator-algebraic bridge substrate
L2_Operator	operator	def	RegularSpectrumPositive	lean/InfoGeometry/Canonical/CertifiedModularReduction.lean	176	true	operator-algebraic bridge substrate
L2_Operator	operator	theorem	log_defined_on_	lean/InfoGeometry/Canonical/CertifiedModularReduction.lean	185	true	operator-algebraic bridge substrate
L2_Operator	operator	theorem	Kambient_supported_on_Preg	lean/InfoGeometry/Canonical/CertifiedModularReduction.lean	192	true	operator-algebraic bridge substrate
L2_Operator	operator	theorem	Kambient_kills_Pzero	lean/InfoGeometry/Canonical/CertifiedModularReduction.lean	198	true	operator-algebraic bridge substrate
L2_Operator	operator	theorem	no_log_on_zero_sector	lean/InfoGeometry/Canonical/CertifiedModularReduction.lean	204	true	operator-algebraic bridge substrate
L2_Operator	operator	theorem	Kphys_supported_on_metric	lean/InfoGeometry/Canonical/CertifiedModularReduction.lean	210	true	operator-algebraic bridge substrate
L2_Operator	operator	theorem	anomaly_zero_iff_alignment	lean/InfoGeometry/Canonical/CertifiedModularReduction.lean	218	true	operator-algebraic bridge substrate
L2_Operator	operator	theorem	anomaly_vanishes_iff_alignment	lean/InfoGeometry/Canonical/CertifiedModularReduction.lean	228	true	operator-algebraic bridge substrate
L2_Operator	operator	theorem	Pzero_commutes_Pmetric_of_alignment	lean/InfoGeometry/Canonical/CertifiedModularReduction.lean	237	true	operator-algebraic bridge substrate
L2_Operator	operator	theorem	Kphys_kills_Pzero_of_alignment	lean/InfoGeometry/Canonical/CertifiedModularReduction.lean	259	true	operator-algebraic bridge substrate
L2_Operator	operator	def	InertialRegularLane	lean/InfoGeometry/Canonical/CertifiedModularReduction.lean	290	true	operator-algebraic bridge substrate
L2_Operator	operator	def	CurvedRegularLane	lean/InfoGeometry/Canonical/CertifiedModularReduction.lean	294	true	operator-algebraic bridge substrate
L2_Operator	operator	theorem	inertial_regular_lane_iff_alignment	lean/InfoGeometry/Canonical/CertifiedModularReduction.lean	298	true	operator-algebraic bridge substrate
L2_Operator	operator	theorem	curved_regular_lane_iff_non_alignment	lean/InfoGeometry/Canonical/CertifiedModularReduction.lean	304	true	operator-algebraic bridge substrate
L2_Operator	operator	theorem	Kphys_kills_Pzero_of_inertial_regular_lane	lean/InfoGeometry/Canonical/CertifiedModularReduction.lean	314	true	operator-algebraic bridge substrate
L2_Operator	operator	def	modularLieDerivation	lean/InfoGeometry/Canonical/CertifiedModularReduction.lean	324	false	operator-algebraic bridge substrate
L2_Operator	operator	theorem	modularLieDerivation_apply	lean/InfoGeometry/Canonical/CertifiedModularReduction.lean	335	true	operator-algebraic bridge substrate
L2_Operator	operator	def	modularLieHessian	lean/InfoGeometry/Canonical/CertifiedModularReduction.lean	341	false	operator-algebraic bridge substrate
L2_Operator	operator	theorem	modularLieHessian_eq_nested_commutator	lean/InfoGeometry/Canonical/CertifiedModularReduction.lean	345	true	operator-algebraic bridge substrate
L2_Operator	operator	def	modularTransportedObservable	lean/InfoGeometry/Canonical/CertifiedModularReduction.lean	352	false	operator-algebraic bridge substrate
L2_Operator	operator	theorem	deriv_modularTransportedObservable_at_zero	lean/InfoGeometry/Canonical/CertifiedModularReduction.lean	361	true	operator-algebraic bridge substrate
L2_Operator	operator	theorem	deriv2_modularTransportedObservable_at_zero	lean/InfoGeometry/Canonical/CertifiedModularReduction.lean	373	true	operator-algebraic bridge substrate
L2_Operator	operator	theorem	modularLieDerivation_gaugeShift	lean/InfoGeometry/Canonical/CertifiedModularReduction.lean	396	true	operator-algebraic bridge substrate
L2_Operator	operator	theorem	modularLieHessian_gaugeShift	lean/InfoGeometry/Canonical/CertifiedModularReduction.lean	407	true	operator-algebraic bridge substrate
L4_ModularTransport	transport	theorem	krein_signed_polarization_readout	lean/InfoGeometry/Canonical/ChiralChargeFockNumberBridge.lean	52	true	modular/transport/flow substrate
L3_Krein	krein	theorem	drazin_signed_chiral_polarization	lean/InfoGeometry/Canonical/ChiralChargeFockNumberBridge.lean	60	true	Krein/doubled-geometry substrate
L3_Krein	krein	theorem	drazin_supercharge_eq_chiral_polarization_defect	lean/InfoGeometry/Canonical/ChiralChargeFockNumberBridge.lean	67	true	Krein/doubled-geometry substrate
L3_Krein	krein	theorem	drazin_supercharge_mem_chiral_operator_cone	lean/InfoGeometry/Canonical/ChiralChargeFockNumberBridge.lean	75	true	Krein/doubled-geometry substrate
L3_Krein	krein	theorem	drazin_chiral_defect_eq_right_minus_left	lean/InfoGeometry/Canonical/ChiralChargeFockNumberBridge.lean	83	true	Krein/doubled-geometry substrate
L3_Krein	krein	theorem	primitive_supercharge_commutator_eq_two_cpt	lean/InfoGeometry/Canonical/ChiralChargeFockNumberBridge.lean	91	true	Krein/doubled-geometry substrate
L3_Krein	krein	theorem	primitive_supercharge_anticommutator_zero	lean/InfoGeometry/Canonical/ChiralChargeFockNumberBridge.lean	100	true	Krein/doubled-geometry substrate
L4_ModularTransport	transport	theorem	fock_occupation_eq_creation_after_annihilation	lean/InfoGeometry/Canonical/ChiralChargeFockNumberBridge.lean	109	true	modular/transport/flow substrate
L5_ThermodynamicClosure	thermo	theorem	chemical_potential_couples_to_fock_occupation	lean/InfoGeometry/Canonical/ChiralChargeFockNumberBridge.lean	117	true	thermodynamic/free-energy/closure substrate
L4_ModularTransport	transport	structure	ChiralChargeFockNumberReconciliation	lean/InfoGeometry/Canonical/ChiralChargeFockNumberBridge.lean	129	false	modular/transport/flow substrate
L4_ModularTransport	transport	structure	ChiralLightconeKKTClosure	lean/InfoGeometry/Canonical/ChiralChargeFockNumberBridge.lean	157	false	modular/transport/flow substrate
L4_ModularTransport	transport	def	ChiralChargeFockNumberReconciliation.ofOwners	lean/InfoGeometry/Canonical/ChiralChargeFockNumberBridge.lean	188	false	modular/transport/flow substrate
L4_ModularTransport	transport	def	ChiralLightconeKKTClosure.ofOwners	lean/InfoGeometry/Canonical/ChiralChargeFockNumberBridge.lean	204	false	modular/transport/flow substrate
L4_ModularTransport	transport	abbrev	transportedDefectBlockPlus	lean/InfoGeometry/Canonical/ChiralDefectIndexBridge.lean	48	false	modular/transport/flow substrate
L4_ModularTransport	transport	abbrev	transportedDefectBlockMinus	lean/InfoGeometry/Canonical/ChiralDefectIndexBridge.lean	58	false	modular/transport/flow substrate
L4_ModularTransport	transport	theorem	transportedDefectBlockPlus_eq_dirac_comp_gradeProjPlus	lean/InfoGeometry/Canonical/ChiralDefectIndexBridge.lean	68	true	modular/transport/flow substrate
L4_ModularTransport	transport	theorem	transportedDefectBlockMinus_eq_dirac_comp_gradeProjMinus	lean/InfoGeometry/Canonical/ChiralDefectIndexBridge.lean	84	true	modular/transport/flow substrate
L4_ModularTransport	transport	def	TransportedChiralKernelDimMismatch	lean/InfoGeometry/Canonical/ChiralDefectIndexBridge.lean	106	true	modular/transport/flow substrate
L4_ModularTransport	transport	theorem	transportedChiralKernelDimMismatch_of_quasilatticeAnalyticalIndex_ne_zero	lean/InfoGeometry/Canonical/ChiralDefectIndexBridge.lean	119	true	modular/transport/flow substrate
L4_ModularTransport	transport	theorem	transportedChiralKernelDimMismatch_of_operatorialCentralCharge_ne_zero	lean/InfoGeometry/Canonical/ChiralDefectIndexBridge.lean	140	true	modular/transport/flow substrate
L3_Krein	krein	abbrev	spectralChiralPlusProjector	lean/InfoGeometry/Canonical/ChiralHodgeDecomposition.lean	39	false	Krein/doubled-geometry substrate
L3_Krein	krein	abbrev	spectralChiralMinusProjector	lean/InfoGeometry/Canonical/ChiralHodgeDecomposition.lean	43	false	Krein/doubled-geometry substrate
L3_Krein	krein	abbrev	rootDiracOddLane	lean/InfoGeometry/Canonical/ChiralHodgeDecomposition.lean	47	false	Krein/doubled-geometry substrate
L3_Krein	krein	abbrev	rootDiracPlus	lean/InfoGeometry/Canonical/ChiralHodgeDecomposition.lean	51	false	Krein/doubled-geometry substrate
L3_Krein	krein	abbrev	rootDiracMinus	lean/InfoGeometry/Canonical/ChiralHodgeDecomposition.lean	57	false	Krein/doubled-geometry substrate
L3_Krein	krein	abbrev	rootChiralLaplacianPlus	lean/InfoGeometry/Canonical/ChiralHodgeDecomposition.lean	63	false	Krein/doubled-geometry substrate
L3_Krein	krein	abbrev	rootChiralLaplacianMinus	lean/InfoGeometry/Canonical/ChiralHodgeDecomposition.lean	68	false	Krein/doubled-geometry substrate
L3_Krein	krein	theorem	rootDiracOddLane_is_spectral_odd	lean/InfoGeometry/Canonical/ChiralHodgeDecomposition.lean	72	true	Krein/doubled-geometry substrate
L3_Krein	krein	theorem	rootDirac_plus_plus_block_eq_zero	lean/InfoGeometry/Canonical/ChiralHodgeDecomposition.lean	118	true	Krein/doubled-geometry substrate
L3_Krein	krein	theorem	rootDirac_minus_minus_block_eq_zero	lean/InfoGeometry/Canonical/ChiralHodgeDecomposition.lean	133	true	Krein/doubled-geometry substrate
L3_Krein	krein	theorem	rootDiracOddLane_eq_chiral_sum	lean/InfoGeometry/Canonical/ChiralHodgeDecomposition.lean	148	true	Krein/doubled-geometry substrate
L3_Krein	krein	theorem	rootChiralLaplacianPlus_eq_spectralChiralPlusProjector	lean/InfoGeometry/Canonical/ChiralHodgeDecomposition.lean	159	true	Krein/doubled-geometry substrate
L3_Krein	krein	theorem	rootChiralLaplacianMinus_eq_spectralChiralMinusProjector	lean/InfoGeometry/Canonical/ChiralHodgeDecomposition.lean	170	true	Krein/doubled-geometry substrate
L3_Krein	krein	theorem	rootDiracOddLane_sq_eq_chiralLaplacian_sum	lean/InfoGeometry/Canonical/ChiralHodgeDecomposition.lean	180	true	Krein/doubled-geometry substrate
L3_Krein	krein	theorem	root_chiralProjectorPlus_eq_spectralChiralPlusProjector	lean/InfoGeometry/Canonical/ChiralHodgeIndexBridge.lean	31	true	Krein/doubled-geometry substrate
L3_Krein	krein	theorem	root_chiralProjectorMinus_eq_spectralChiralMinusProjector	lean/InfoGeometry/Canonical/ChiralHodgeIndexBridge.lean	41	true	Krein/doubled-geometry substrate
L3_Krein	krein	theorem	rootDiracOddLane_kernel_eq_bot	lean/InfoGeometry/Canonical/ChiralHodgeIndexBridge.lean	50	true	Krein/doubled-geometry substrate
L3_Krein	krein	theorem	rootDiracOddLane_chiralKernelSlicePlus_eq_bot	lean/InfoGeometry/Canonical/ChiralHodgeIndexBridge.lean	57	true	Krein/doubled-geometry substrate
L3_Krein	krein	theorem	rootDiracOddLane_chiralKernelSliceMinus_eq_bot	lean/InfoGeometry/Canonical/ChiralHodgeIndexBridge.lean	68	true	Krein/doubled-geometry substrate
L3_Krein	krein	theorem	rootDiracOddLane_analyticalIndex_eq_zero	lean/InfoGeometry/Canonical/ChiralHodgeIndexBridge.lean	79	true	Krein/doubled-geometry substrate
L4_ModularTransport	transport	theorem	root_supercharge_lichnerowicz_plus_sector	lean/InfoGeometry/Canonical/ChiralHodgeLichnerowiczBridge.lean	32	true	modular/transport/flow substrate
L4_ModularTransport	transport	theorem	root_supercharge_lichnerowicz_minus_sector	lean/InfoGeometry/Canonical/ChiralHodgeLichnerowiczBridge.lean	76	true	modular/transport/flow substrate
L5_ThermodynamicClosure	thermo	structure	ChiralGrading	lean/InfoGeometry/Canonical/ChiralKMSOwner.lean	18	true	thermodynamic/free-energy/closure substrate
L5_ThermodynamicClosure	thermo	structure	ChiralKMSFlowWitness	lean/InfoGeometry/Canonical/ChiralKMSOwner.lean	42	false	thermodynamic/free-energy/closure substrate
L3_Krein	krein	def	IsInChiralOperatorCone	lean/InfoGeometry/Canonical/ChiralOperatorConeClosure.lean	33	true	Krein/doubled-geometry substrate
L3_Krein	krein	def	ChiralOperatorCone	lean/InfoGeometry/Canonical/ChiralOperatorConeClosure.lean	38	false	Krein/doubled-geometry substrate
L3_Krein	krein	theorem	mem_chiralOperatorCone_iff	lean/InfoGeometry/Canonical/ChiralOperatorConeClosure.lean	42	true	Krein/doubled-geometry substrate
L3_Krein	krein	theorem	isInChiralOperatorCone_iff_anticommute_GammaS	lean/InfoGeometry/Canonical/ChiralOperatorConeClosure.lean	49	true	Krein/doubled-geometry substrate
L3_Krein	krein	theorem	zero_mem_chiralOperatorCone	lean/InfoGeometry/Canonical/ChiralOperatorConeClosure.lean	57	true	Krein/doubled-geometry substrate
L3_Krein	krein	theorem	add_mem_chiralOperatorCone	lean/InfoGeometry/Canonical/ChiralOperatorConeClosure.lean	65	true	Krein/doubled-geometry substrate
L3_Krein	krein	theorem	smul_mem_chiralOperatorCone	lean/InfoGeometry/Canonical/ChiralOperatorConeClosure.lean	83	true	Krein/doubled-geometry substrate
L3_Krein	krein	theorem	nonneg_smul_mem_chiralOperatorCone	lean/InfoGeometry/Canonical/ChiralOperatorConeClosure.lean	100	true	Krein/doubled-geometry substrate
L3_Krein	krein	theorem	spectralAdjointFlow_mem_chiralOperatorCone	lean/InfoGeometry/Canonical/ChiralOperatorConeClosure.lean	111	true	Krein/doubled-geometry substrate
L3_Krein	krein	theorem	spectralCommutator_compact_mem_chiralOperatorCone	lean/InfoGeometry/Canonical/ChiralOperatorConeClosure.lean	139	true	Krein/doubled-geometry substrate
L3_Krein	krein	theorem	mul_mem_spectralCompact_of_chiralOperatorCone	lean/InfoGeometry/Canonical/ChiralOperatorConeClosure.lean	173	true	Krein/doubled-geometry substrate
L3_Krein	krein	theorem	anticommutator_mem_spectralCompact_of_chiralOperatorCone	lean/InfoGeometry/Canonical/ChiralOperatorConeClosure.lean	195	true	Krein/doubled-geometry substrate
L3_Krein	krein	theorem	spectralCommutator_chiral_chiral_mem_spectralCompact	lean/InfoGeometry/Canonical/ChiralOperatorConeClosure.lean	221	true	Krein/doubled-geometry substrate
L3_Krein	krein	theorem	plusProjector_mem_spectralCompact_of_eps_eq_GammaS	lean/InfoGeometry/Canonical/ChiralOperatorConeClosure.lean	253	true	Krein/doubled-geometry substrate
L3_Krein	krein	theorem	minusProjector_mem_spectralCompact_of_eps_eq_GammaS	lean/InfoGeometry/Canonical/ChiralOperatorConeClosure.lean	267	true	Krein/doubled-geometry substrate
L3_Krein	krein	theorem	uPlus_mem_chiralOperatorCone_of_eps_eq_GammaS	lean/InfoGeometry/Canonical/ChiralOperatorConeClosure.lean	281	true	Krein/doubled-geometry substrate
L3_Krein	krein	theorem	uMinus_mem_chiralOperatorCone_of_eps_eq_GammaS	lean/InfoGeometry/Canonical/ChiralOperatorConeClosure.lean	300	true	Krein/doubled-geometry substrate
L3_Krein	krein	theorem	spectralCommutator_uPlus_uMinus_mem_spectralCompact_of_eps_eq_GammaS	lean/InfoGeometry/Canonical/ChiralOperatorConeClosure.lean	319	true	Krein/doubled-geometry substrate
L3_Krein	krein	theorem	supercharge_mem_chiralOperatorCone	lean/InfoGeometry/Canonical/ChiralOperatorConeClosure.lean	336	true	Krein/doubled-geometry substrate
L3_Krein	krein	theorem	anticommutator_GammaS_chiralAnomaly_eq_zero	lean/InfoGeometry/Canonical/ChiralOperatorConeClosure.lean	351	true	Krein/doubled-geometry substrate
L3_Krein	krein	theorem	anticommutator_GammaS_rightChiralAnomaly_eq_zero	lean/InfoGeometry/Canonical/ChiralOperatorConeClosure.lean	372	true	Krein/doubled-geometry substrate
L3_Krein	krein	structure	SpectralChiralConeAlgebra	lean/InfoGeometry/Canonical/ChiralOperatorConeClosure.lean	395	false	Krein/doubled-geometry substrate
L3_Krein	krein	def	SpectralChiralConeAlgebra.ofCertifiedInverseKernel	lean/InfoGeometry/Canonical/ChiralOperatorConeClosure.lean	426	false	Krein/doubled-geometry substrate
L4_ModularTransport	transport	def	cartanGenerator	lean/InfoGeometry/Canonical/Cl11LorentzAction.lean	33	false	modular/transport/flow substrate
L4_ModularTransport	transport	def	RespectsGradingDecomposition	lean/InfoGeometry/Canonical/Cl11LorentzAction.lean	43	true	modular/transport/flow substrate
L4_ModularTransport	transport	def	modularFlow	lean/InfoGeometry/Canonical/Cl11LorentzAction.lean	55	false	modular/transport/flow substrate
L4_ModularTransport	transport	theorem	cartan_commutator_uPlus	lean/InfoGeometry/Canonical/Cl11LorentzAction.lean	60	true	modular/transport/flow substrate
L4_ModularTransport	transport	theorem	cartan_commutator_uMinus	lean/InfoGeometry/Canonical/Cl11LorentzAction.lean	74	true	modular/transport/flow substrate
L4_ModularTransport	transport	theorem	cartan_commutator_gZeroPart_eq_zero	lean/InfoGeometry/Canonical/Cl11LorentzAction.lean	89	true	modular/transport/flow substrate
L4_ModularTransport	transport	theorem	K_is_Cartan	lean/InfoGeometry/Canonical/Cl11LorentzAction.lean	101	true	modular/transport/flow substrate
L4_ModularTransport	transport	theorem	cartan_flow_scales_uPlus_exp	lean/InfoGeometry/Canonical/Cl11LorentzAction.lean	112	true	modular/transport/flow substrate
L4_ModularTransport	transport	theorem	cartan_flow_scales_uMinus_exp	lean/InfoGeometry/Canonical/Cl11LorentzAction.lean	119	true	modular/transport/flow substrate
L4_ModularTransport	transport	theorem	modular_flow_scales_uPlus	lean/InfoGeometry/Canonical/Cl11LorentzAction.lean	130	true	modular/transport/flow substrate
L4_ModularTransport	transport	theorem	modular_flow_scales_uMinus	lean/InfoGeometry/Canonical/Cl11LorentzAction.lean	149	true	modular/transport/flow substrate
L4_ModularTransport	transport	theorem	modularFlow_mul_modularFlow_neg	lean/InfoGeometry/Canonical/Cl11LorentzAction.lean	166	true	modular/transport/flow substrate
L4_ModularTransport	transport	theorem	modularFlow_neg_mul_modularFlow	lean/InfoGeometry/Canonical/Cl11LorentzAction.lean	191	true	modular/transport/flow substrate
L4_ModularTransport	transport	theorem	modularFlow_add	lean/InfoGeometry/Canonical/Cl11LorentzAction.lean	216	true	modular/transport/flow substrate
L4_ModularTransport	transport	theorem	modularFlow_lieExponential_transport_packet	lean/InfoGeometry/Canonical/Cl11LorentzAction.lean	234	true	modular/transport/flow substrate
L4_ModularTransport	transport	theorem	uPlus_mul_modularFlow_neg	lean/InfoGeometry/Canonical/Cl11LorentzAction.lean	256	true	modular/transport/flow substrate
L4_ModularTransport	transport	theorem	uMinus_mul_modularFlow_neg	lean/InfoGeometry/Canonical/Cl11LorentzAction.lean	283	true	modular/transport/flow substrate
L4_ModularTransport	transport	def	modularAdjointFlow	lean/InfoGeometry/Canonical/Cl11LorentzAction.lean	308	false	modular/transport/flow substrate
L4_ModularTransport	transport	theorem	modularAdjointFlow_add	lean/InfoGeometry/Canonical/Cl11LorentzAction.lean	317	true	modular/transport/flow substrate
L4_ModularTransport	transport	theorem	modularAdjointFlow_scales_uPlus	lean/InfoGeometry/Canonical/Cl11LorentzAction.lean	337	true	modular/transport/flow substrate
L4_ModularTransport	transport	theorem	modularAdjointFlow_scales_uMinus	lean/InfoGeometry/Canonical/Cl11LorentzAction.lean	360	true	modular/transport/flow substrate
L4_ModularTransport	transport	theorem	modularAdjointFlow_fixes_gZeroPart	lean/InfoGeometry/Canonical/Cl11LorentzAction.lean	383	true	modular/transport/flow substrate
L3_Krein	krein	def	uPlus	lean/InfoGeometry/Canonical/Cl11PolarizedBasis.lean	42	false	Krein/doubled-geometry substrate
L3_Krein	krein	def	uMinus	lean/InfoGeometry/Canonical/Cl11PolarizedBasis.lean	47	false	Krein/doubled-geometry substrate
L3_Krein	krein	structure	ChiralLightConeAlgebraWitness	lean/InfoGeometry/Canonical/Cl11PolarizedBasis.lean	163	false	Krein/doubled-geometry substrate
L3_Krein	krein	def	chiralLightConeAlgebraWitness	lean/InfoGeometry/Canonical/Cl11PolarizedBasis.lean	179	false	Krein/doubled-geometry substrate
L3_Krein	krein	def	doubledUPlus	lean/InfoGeometry/Canonical/Cl11PolarizedBasis.lean	209	false	Krein/doubled-geometry substrate
L3_Krein	krein	def	doubledUMinus	lean/InfoGeometry/Canonical/Cl11PolarizedBasis.lean	214	false	Krein/doubled-geometry substrate
L3_Krein	krein	def	doubledChiralLightConeAlgebraWitness	lean/InfoGeometry/Canonical/Cl11PolarizedBasis.lean	243	false	Krein/doubled-geometry substrate
L4_ModularTransport	transport	structure	Cl44BridgeCandidate	lean/InfoGeometry/Canonical/Cl44BridgeCandidate.lean	22	true	modular/transport/flow substrate
L4_ModularTransport	transport	structure	Cl44BridgeTearPoint	lean/InfoGeometry/Canonical/Cl44BridgeCandidate.lean	42	true	modular/transport/flow substrate
L3_Krein	krein	structure	ConstructiveClosureDrazinData	lean/InfoGeometry/Canonical/ClosureDrazinBridge.lean	29	false	Krein/doubled-geometry substrate
L3_Krein	krein	def	toDPDKKT	lean/InfoGeometry/Canonical/ClosureDrazinBridge.lean	39	false	Krein/doubled-geometry substrate
L3_Krein	krein	theorem	commutator_P_D_GammaG_eq_sub_anomalies	lean/InfoGeometry/Canonical/ClosureDrazinBridge.lean	44	true	Krein/doubled-geometry substrate
L3_Krein	krein	theorem	commutator_P_D_dilationGap_eq_half_sub_anomalies	lean/InfoGeometry/Canonical/ClosureDrazinBridge.lean	51	true	Krein/doubled-geometry substrate
L3_Krein	krein	theorem	anticommutator_GammaS_chiL_eq_zero	lean/InfoGeometry/Canonical/ClosureDrazinBridge.lean	58	true	Krein/doubled-geometry substrate
L3_Krein	krein	theorem	anticommutator_GammaS_chiR_eq_zero	lean/InfoGeometry/Canonical/ClosureDrazinBridge.lean	64	true	Krein/doubled-geometry substrate
L3_Krein	krein	theorem	chiL_mem_chiralCone	lean/InfoGeometry/Canonical/ClosureDrazinBridge.lean	70	true	Krein/doubled-geometry substrate
L3_Krein	krein	theorem	chiR_mem_chiralCone	lean/InfoGeometry/Canonical/ClosureDrazinBridge.lean	76	true	Krein/doubled-geometry substrate
L3_Krein	krein	theorem	supercharge_eq_commutator_P_D_GammaG	lean/InfoGeometry/Canonical/ClosureDrazinBridge.lean	82	true	Krein/doubled-geometry substrate
L3_Krein	krein	theorem	supercharge_mem_chiralCone	lean/InfoGeometry/Canonical/ClosureDrazinBridge.lean	89	true	Krein/doubled-geometry substrate
L3_Krein	krein	theorem	chiralSupertrace_supercharge_eq_zero	lean/InfoGeometry/Canonical/ClosureDrazinBridge.lean	101	true	Krein/doubled-geometry substrate
L3_Krein	krein	theorem	spectralCommutator_compact_mem_chiralCone	lean/InfoGeometry/Canonical/ClosureDrazinBridge.lean	111	true	Krein/doubled-geometry substrate
L3_Krein	krein	def	toConstructiveRieszDecompositionAtZero	lean/InfoGeometry/Canonical/ClosureDrazinBridge.lean	123	false	Krein/doubled-geometry substrate
L3_Krein	krein	theorem	exists_drazinInverse_of_constructiveClosure	lean/InfoGeometry/Canonical/ClosureDrazinBridge.lean	182	true	Krein/doubled-geometry substrate
L3_Krein	krein	def	ofSpectralChiralConeAlgebra	lean/InfoGeometry/Canonical/ClosureDrazinBridge.lean	191	false	Krein/doubled-geometry substrate
L3_Krein	krein	def	ConstructiveClosureDrazinData.ofCertifiedInverseKernel	lean/InfoGeometry/Canonical/ClosureDrazinBridge.lean	202	false	Krein/doubled-geometry substrate
L3_Krein	krein	theorem	exists_constructiveClosureDrazinData	lean/InfoGeometry/Canonical/ClosureDrazinBridge.lean	211	true	Krein/doubled-geometry substrate
L4_ModularTransport	transport	def	lorentzBivectorGenerator	lean/InfoGeometry/Canonical/ComplexMaskTransmutationBridge.lean	44	false	modular/transport/flow substrate
L4_ModularTransport	transport	theorem	lorentzBivectorGenerator_eq_modular_j_comp_spectral_epsilon	lean/InfoGeometry/Canonical/ComplexMaskTransmutationBridge.lean	49	true	modular/transport/flow substrate
L4_ModularTransport	transport	theorem	lorentzBivectorGenerator_eq_hestenesI	lean/InfoGeometry/Canonical/ComplexMaskTransmutationBridge.lean	57	true	modular/transport/flow substrate
L4_ModularTransport	transport	theorem	canonicalModularSeed_eq_neg_superHamiltonian_comp_lorentzBivectorGenerator	lean/InfoGeometry/Canonical/ComplexMaskTransmutationBridge.lean	67	true	modular/transport/flow substrate
L4_ModularTransport	transport	theorem	superHamiltonian_eq_modularTransportGenerator_lorentzBivectorSeed_transmuted	lean/InfoGeometry/Canonical/ComplexMaskTransmutationBridge.lean	80	true	modular/transport/flow substrate
L4_ModularTransport	transport	theorem	lorentzBivectorGenerator_maps_plusSheet_to_minusSheet	lean/InfoGeometry/Canonical/ComplexMaskTransmutationBridge.lean	95	true	modular/transport/flow substrate
L4_ModularTransport	transport	theorem	lorentzBivectorGenerator_maps_minusSheet_to_plusSheet	lean/InfoGeometry/Canonical/ComplexMaskTransmutationBridge.lean	106	true	modular/transport/flow substrate
L4_ModularTransport	transport	structure	DrazinSimilarityTransportWitness	lean/InfoGeometry/Canonical/ConformalProjectorAgreement.lean	24	false	modular/transport/flow substrate
L4_ModularTransport	transport	structure	MoorePenroseMetricTransportWitness	lean/InfoGeometry/Canonical/ConformalProjectorAgreement.lean	43	true	modular/transport/flow substrate
L4_ModularTransport	transport	structure	ConformalMismatchTransportWitness	lean/InfoGeometry/Canonical/ConformalProjectorAgreement.lean	71	false	modular/transport/flow substrate
L4_ModularTransport	transport	structure	FixedMetricMismatchDecompositionWitness	lean/InfoGeometry/Canonical/ConformalProjectorAgreement.lean	109	false	modular/transport/flow substrate
L3_Krein	krein	def	rightChiralAnomaly	lean/InfoGeometry/Canonical/ConformalProjectorCore.lean	657	false	Krein/doubled-geometry substrate
L2_Operator	operator	def	deltaFiniteShadow	lean/InfoGeometry/Canonical/ConnesCocycleDeltaPrimaryBridge.lean	34	false	operator-algebraic bridge substrate
L2_Operator	operator	theorem	deltaFiniteShadow_chain	lean/InfoGeometry/Canonical/ConnesCocycleDeltaPrimaryBridge.lean	45	true	operator-algebraic bridge substrate
L2_Operator	operator	def	deltaFiniteSupportShadow	lean/InfoGeometry/Canonical/ConnesCocycleDeltaPrimaryBridge.lean	58	false	operator-algebraic bridge substrate
L2_Operator	operator	theorem	deltaFiniteSupportShadow_chain	lean/InfoGeometry/Canonical/ConnesCocycleDeltaPrimaryBridge.lean	69	true	operator-algebraic bridge substrate
L4_ModularTransport	transport	theorem	connes_to_deltaFiniteSupport_package	lean/InfoGeometry/Canonical/ConnesCocycleDeltaPrimaryBridge.lean	89	true	modular/transport/flow substrate
L4_ModularTransport	transport	theorem	operatorInformationCurvaturePart_self_eq_zero	lean/InfoGeometry/Canonical/CoordinateFreeSecondVariation.lean	49	true	modular/transport/flow substrate
L4_ModularTransport	transport	theorem	operatorInformationHessian_eq_metricPart_self	lean/InfoGeometry/Canonical/CoordinateFreeSecondVariation.lean	60	true	modular/transport/flow substrate
L4_ModularTransport	transport	theorem	modularCurvatureOperator_eq_metricPart_phaseAxis	lean/InfoGeometry/Canonical/CoordinateFreeSecondVariation.lean	74	true	modular/transport/flow substrate
L4_ModularTransport	transport	theorem	modularCurvatureOperator_eq_metricPart_complex_i	lean/InfoGeometry/Canonical/CoordinateFreeSecondVariation.lean	82	true	modular/transport/flow substrate
L3_Krein	krein	theorem	comparisonState_metric_phase_pair_eq_correlation_pair	lean/InfoGeometry/Canonical/CoordinateFreeSecondVariation.lean	97	true	Krein/doubled-geometry substrate
L4_ModularTransport	transport	theorem	toRelationalInformationDatum_metric_phase_pair_eq_correlation_pair	lean/InfoGeometry/Canonical/CoordinateFreeSecondVariation.lean	117	true	modular/transport/flow substrate
L4_ModularTransport	transport	theorem	comparisonMetricPhaseReadout_pair_eq_operator_pair	lean/InfoGeometry/Canonical/CoordinateFreeSecondVariation.lean	142	true	modular/transport/flow substrate
L4_ModularTransport	transport	theorem	toRelationalInformationDatum_comparisonMetricPhaseReadout_pair_eq_operator_pair	lean/InfoGeometry/Canonical/CoordinateFreeSecondVariation.lean	162	true	modular/transport/flow substrate
L4_ModularTransport	transport	theorem	comparisonMetricPhaseReadout_pair_eq_gauge_source_operator_pair	lean/InfoGeometry/Canonical/CoordinateFreeSecondVariation.lean	186	true	modular/transport/flow substrate
L4_ModularTransport	transport	theorem	toRelationalInformationDatum_comparisonMetricPhaseReadout_pair_eq_gauge_source_operator_pair	lean/InfoGeometry/Canonical/CoordinateFreeSecondVariation.lean	214	true	modular/transport/flow substrate
L2_Operator	operator	structure	SouriauMomentTwoCocycle	lean/InfoGeometry/Canonical/CoordinatelessSouriauCocycleFisherBridge.lean	46	true	operator-algebraic bridge substrate
L2_Operator	operator	def	correctedMomentOperator	lean/InfoGeometry/Canonical/CoordinatelessSouriauCocycleFisherBridge.lean	59	false	operator-algebraic bridge substrate
L2_Operator	operator	theorem	correctedMomentOperator_eq_moment_of_zero_correction	lean/InfoGeometry/Canonical/CoordinatelessSouriauCocycleFisherBridge.lean	68	true	operator-algebraic bridge substrate
L2_Operator	operator	theorem	centralCorrection_commutator_eq_cocycle	lean/InfoGeometry/Canonical/CoordinatelessSouriauCocycleFisherBridge.lean	81	true	operator-algebraic bridge substrate
L2_Operator	operator	theorem	cocycle_antisymmetric	lean/InfoGeometry/Canonical/CoordinatelessSouriauCocycleFisherBridge.lean	91	true	operator-algebraic bridge substrate
L2_Operator	operator	structure	CocycleFisherCorrection	lean/InfoGeometry/Canonical/CoordinatelessSouriauCocycleFisherBridge.lean	113	false	operator-algebraic bridge substrate
L2_Operator	operator	def	correctedMetric	lean/InfoGeometry/Canonical/CoordinatelessSouriauCocycleFisherBridge.lean	126	false	operator-algebraic bridge substrate
L2_Operator	operator	theorem	correctedMetric_eq_base_add_correction	lean/InfoGeometry/Canonical/CoordinatelessSouriauCocycleFisherBridge.lean	131	true	operator-algebraic bridge substrate
L2_Operator	operator	theorem	correctedMetric_eq_base_of_correction_zero	lean/InfoGeometry/Canonical/CoordinatelessSouriauCocycleFisherBridge.lean	136	true	operator-algebraic bridge substrate
L2_Operator	operator	theorem	correctedMetric_symm	lean/InfoGeometry/Canonical/CoordinatelessSouriauCocycleFisherBridge.lean	143	true	operator-algebraic bridge substrate
L2_Operator	operator	theorem	correctedMetric_diagonal_nonnegative	lean/InfoGeometry/Canonical/CoordinatelessSouriauCocycleFisherBridge.lean	153	true	operator-algebraic bridge substrate
L5_ThermodynamicClosure	thermo	structure	FiniteSouriauFisherCocycleCorrection	lean/InfoGeometry/Canonical/CoordinatelessSouriauCocycleFisherBridge.lean	174	false	thermodynamic/free-energy/closure substrate
L5_ThermodynamicClosure	thermo	def	baseResponse	lean/InfoGeometry/Canonical/CoordinatelessSouriauCocycleFisherBridge.lean	188	false	thermodynamic/free-energy/closure substrate
L5_ThermodynamicClosure	thermo	def	correctedResponse	lean/InfoGeometry/Canonical/CoordinatelessSouriauCocycleFisherBridge.lean	193	false	thermodynamic/free-energy/closure substrate
L5_ThermodynamicClosure	thermo	theorem	correctedResponse_betaBeta	lean/InfoGeometry/Canonical/CoordinatelessSouriauCocycleFisherBridge.lean	201	true	thermodynamic/free-energy/closure substrate
L5_ThermodynamicClosure	thermo	theorem	correctedResponse_eq_base_of_correction_zero	lean/InfoGeometry/Canonical/CoordinatelessSouriauCocycleFisherBridge.lean	206	true	thermodynamic/free-energy/closure substrate
L5_ThermodynamicClosure	thermo	theorem	correctedResponse_symmetric	lean/InfoGeometry/Canonical/CoordinatelessSouriauCocycleFisherBridge.lean	219	true	thermodynamic/free-energy/closure substrate
L2_Operator	operator	structure	AlgebraicState	lean/InfoGeometry/Canonical/CoordinatelessSouriauKMSBridge.lean	45	true	operator-algebraic bridge substrate
L2_Operator	operator	def	eval	lean/InfoGeometry/Canonical/CoordinatelessSouriauKMSBridge.lean	56	false	operator-algebraic bridge substrate
L2_Operator	operator	theorem	eval_one	lean/InfoGeometry/Canonical/CoordinatelessSouriauKMSBridge.lean	60	true	operator-algebraic bridge substrate
L2_Operator	operator	structure	CyclicAlgebraicState	lean/InfoGeometry/Canonical/CoordinatelessSouriauKMSBridge.lean	74	false	operator-algebraic bridge substrate
L2_Operator	operator	theorem	eval_mul_comm	lean/InfoGeometry/Canonical/CoordinatelessSouriauKMSBridge.lean	83	true	operator-algebraic bridge substrate
L2_Operator	operator	def	identityAdditiveModularFlow	lean/InfoGeometry/Canonical/CoordinatelessSouriauKMSBridge.lean	91	false	operator-algebraic bridge substrate
L2_Operator	operator	theorem	identityAdditiveModularFlow_apply	lean/InfoGeometry/Canonical/CoordinatelessSouriauKMSBridge.lean	96	true	operator-algebraic bridge substrate
L2_Operator	operator	structure	KMSState	lean/InfoGeometry/Canonical/CoordinatelessSouriauKMSBridge.lean	108	false	operator-algebraic bridge substrate
L2_Operator	operator	theorem	eval_mul_modular_eq_eval_flip	lean/InfoGeometry/Canonical/CoordinatelessSouriauKMSBridge.lean	120	true	operator-algebraic bridge substrate
L2_Operator	operator	theorem	state_eval_one	lean/InfoGeometry/Canonical/CoordinatelessSouriauKMSBridge.lean	126	true	operator-algebraic bridge substrate
L2_Operator	operator	def	toIdentityKMSState	lean/InfoGeometry/Canonical/CoordinatelessSouriauKMSBridge.lean	143	false	operator-algebraic bridge substrate
L2_Operator	operator	theorem	identityKMS_eval_mul_modular_eq_eval_flip	lean/InfoGeometry/Canonical/CoordinatelessSouriauKMSBridge.lean	151	true	operator-algebraic bridge substrate
L2_Operator	operator	structure	OperatorSouriauMoment	lean/InfoGeometry/Canonical/CoordinatelessSouriauKMSBridge.lean	166	false	operator-algebraic bridge substrate
L2_Operator	operator	def	thermalGenerator	lean/InfoGeometry/Canonical/CoordinatelessSouriauKMSBridge.lean	177	false	operator-algebraic bridge substrate
L2_Operator	operator	theorem	thermalGenerator_eq_moment_geometricTemperature	lean/InfoGeometry/Canonical/CoordinatelessSouriauKMSBridge.lean	181	true	operator-algebraic bridge substrate
L2_Operator	operator	structure	QuantumFisherSLDMetric	lean/InfoGeometry/Canonical/CoordinatelessSouriauKMSBridge.lean	193	false	operator-algebraic bridge substrate
L2_Operator	operator	theorem	metric_eq_state_sld_product	lean/InfoGeometry/Canonical/CoordinatelessSouriauKMSBridge.lean	208	true	operator-algebraic bridge substrate
L2_Operator	operator	theorem	metric_symm	lean/InfoGeometry/Canonical/CoordinatelessSouriauKMSBridge.lean	214	true	operator-algebraic bridge substrate
L2_Operator	operator	def	sldQuantumFisherMetric	lean/InfoGeometry/Canonical/CoordinatelessSouriauKMSBridge.lean	231	false	operator-algebraic bridge substrate
L2_Operator	operator	theorem	sldQuantumFisherMetric_symm	lean/InfoGeometry/Canonical/CoordinatelessSouriauKMSBridge.lean	243	true	operator-algebraic bridge substrate
L2_Operator	operator	structure	WeylAlgebraGauge	lean/InfoGeometry/Canonical/CoordinatelessSouriauKMSBridge.lean	256	false	operator-algebraic bridge substrate
L2_Operator	operator	theorem	eval_gauge_eq_eval	lean/InfoGeometry/Canonical/CoordinatelessSouriauKMSBridge.lean	267	true	operator-algebraic bridge substrate
L2_Operator	operator	theorem	gauge_map_mul	lean/InfoGeometry/Canonical/CoordinatelessSouriauKMSBridge.lean	273	true	operator-algebraic bridge substrate
L2_Operator	operator	def	identityWeylAlgebraGauge	lean/InfoGeometry/Canonical/CoordinatelessSouriauKMSBridge.lean	281	false	operator-algebraic bridge substrate
L2_Operator	operator	structure	ModularTimeKMSContext	lean/InfoGeometry/Canonical/CoordinatelessSouriauKMSBridge.lean	295	false	operator-algebraic bridge substrate
L2_Operator	operator	theorem	modular_time_add	lean/InfoGeometry/Canonical/CoordinatelessSouriauKMSBridge.lean	306	true	operator-algebraic bridge substrate
L2_Operator	operator	theorem	modular_time_zero	lean/InfoGeometry/Canonical/CoordinatelessSouriauKMSBridge.lean	312	true	operator-algebraic bridge substrate
L2_Operator	operator	theorem	kms_eval_mul_modular_eq_eval_flip	lean/InfoGeometry/Canonical/CoordinatelessSouriauKMSBridge.lean	318	true	operator-algebraic bridge substrate
L2_Operator	operator	structure	CyclicModularTimeKMSContext	lean/InfoGeometry/Canonical/CoordinatelessSouriauKMSBridge.lean	325	false	operator-algebraic bridge substrate
L2_Operator	operator	def	sigma	lean/InfoGeometry/Canonical/CoordinatelessSouriauKMSBridge.lean	334	false	operator-algebraic bridge substrate
L2_Operator	operator	theorem	modular_time_add	lean/InfoGeometry/Canonical/CoordinatelessSouriauKMSBridge.lean	339	true	operator-algebraic bridge substrate
L2_Operator	operator	theorem	modular_time_zero	lean/InfoGeometry/Canonical/CoordinatelessSouriauKMSBridge.lean	344	true	operator-algebraic bridge substrate
L2_Operator	operator	theorem	kms_eval_mul_modular_eq_eval_flip	lean/InfoGeometry/Canonical/CoordinatelessSouriauKMSBridge.lean	349	true	operator-algebraic bridge substrate
L2_Operator	operator	def	toCyclicModularTimeKMSContext	lean/InfoGeometry/Canonical/CoordinatelessSouriauKMSBridge.lean	360	false	operator-algebraic bridge substrate
L2_Operator	operator	structure	CoordinateEmergence	lean/InfoGeometry/Canonical/CoordinatelessSouriauKMSBridge.lean	374	false	operator-algebraic bridge substrate
L2_Operator	operator	theorem	coordinate_recovers_from_observable	lean/InfoGeometry/Canonical/CoordinatelessSouriauKMSBridge.lean	386	true	operator-algebraic bridge substrate
L2_Operator	operator	structure	CoordinatelessSouriauFisherContext	lean/InfoGeometry/Canonical/CoordinatelessSouriauKMSBridge.lean	400	false	operator-algebraic bridge substrate
L2_Operator	operator	theorem	souriau_thermalGenerator_eq_moment	lean/InfoGeometry/Canonical/CoordinatelessSouriauKMSBridge.lean	418	true	operator-algebraic bridge substrate
L2_Operator	operator	theorem	kms_identity	lean/InfoGeometry/Canonical/CoordinatelessSouriauKMSBridge.lean	425	true	operator-algebraic bridge substrate
L2_Operator	operator	theorem	fisher_metric_eq_sld_readout	lean/InfoGeometry/Canonical/CoordinatelessSouriauKMSBridge.lean	439	true	operator-algebraic bridge substrate
L2_Operator	operator	theorem	fisher_metric_symm	lean/InfoGeometry/Canonical/CoordinatelessSouriauKMSBridge.lean	446	true	operator-algebraic bridge substrate
L2_Operator	operator	theorem	weyl_state_invariant	lean/InfoGeometry/Canonical/CoordinatelessSouriauKMSBridge.lean	452	true	operator-algebraic bridge substrate
L2_Operator	operator	theorem	modular_time_add	lean/InfoGeometry/Canonical/CoordinatelessSouriauKMSBridge.lean	458	true	operator-algebraic bridge substrate
L2_Operator	operator	structure	MinimalCyclicCoordinatelessSouriauContext	lean/InfoGeometry/Canonical/CoordinatelessSouriauKMSBridge.lean	473	false	operator-algebraic bridge substrate
L2_Operator	operator	def	sigma	lean/InfoGeometry/Canonical/CoordinatelessSouriauKMSBridge.lean	487	false	operator-algebraic bridge substrate
L2_Operator	operator	def	fisherMetric	lean/InfoGeometry/Canonical/CoordinatelessSouriauKMSBridge.lean	493	false	operator-algebraic bridge substrate
L2_Operator	operator	def	weylGauge	lean/InfoGeometry/Canonical/CoordinatelessSouriauKMSBridge.lean	498	false	operator-algebraic bridge substrate
L2_Operator	operator	theorem	souriau_thermalGenerator_eq_moment	lean/InfoGeometry/Canonical/CoordinatelessSouriauKMSBridge.lean	503	true	operator-algebraic bridge substrate
L2_Operator	operator	theorem	kms_identity	lean/InfoGeometry/Canonical/CoordinatelessSouriauKMSBridge.lean	510	true	operator-algebraic bridge substrate
L2_Operator	operator	theorem	fisherMetric_sld_eq	lean/InfoGeometry/Canonical/CoordinatelessSouriauKMSBridge.lean	516	true	operator-algebraic bridge substrate
L2_Operator	operator	theorem	fisher_metric_eq_sld_readout	lean/InfoGeometry/Canonical/CoordinatelessSouriauKMSBridge.lean	522	true	operator-algebraic bridge substrate
L2_Operator	operator	theorem	fisher_metric_symm	lean/InfoGeometry/Canonical/CoordinatelessSouriauKMSBridge.lean	529	true	operator-algebraic bridge substrate
L2_Operator	operator	theorem	weyl_state_invariant	lean/InfoGeometry/Canonical/CoordinatelessSouriauKMSBridge.lean	535	true	operator-algebraic bridge substrate
L2_Operator	operator	theorem	modular_time_add	lean/InfoGeometry/Canonical/CoordinatelessSouriauKMSBridge.lean	541	true	operator-algebraic bridge substrate
L2_Operator	operator	theorem	modular_time_zero	lean/InfoGeometry/Canonical/CoordinatelessSouriauKMSBridge.lean	547	true	operator-algebraic bridge substrate
L2_Operator	operator	theorem	coordinateless_constructive_packet	lean/InfoGeometry/Canonical/CoordinatelessSouriauKMSBridge.lean	553	true	operator-algebraic bridge substrate
L2_Operator	operator	structure	ObservableMinimalCyclicCoordinatelessSouriauContext	lean/InfoGeometry/Canonical/CoordinatelessSouriauKMSBridge.lean	577	false	operator-algebraic bridge substrate
L2_Operator	operator	def	sigma	lean/InfoGeometry/Canonical/CoordinatelessSouriauKMSBridge.lean	590	false	operator-algebraic bridge substrate
L2_Operator	operator	def	fisherMetric	lean/InfoGeometry/Canonical/CoordinatelessSouriauKMSBridge.lean	596	false	operator-algebraic bridge substrate
L2_Operator	operator	def	weylGauge	lean/InfoGeometry/Canonical/CoordinatelessSouriauKMSBridge.lean	601	false	operator-algebraic bridge substrate
L2_Operator	operator	theorem	fisherMetric_sld_eq_id	lean/InfoGeometry/Canonical/CoordinatelessSouriauKMSBridge.lean	606	true	operator-algebraic bridge substrate
L2_Operator	operator	theorem	souriau_thermalGenerator_eq_moment	lean/InfoGeometry/Canonical/CoordinatelessSouriauKMSBridge.lean	611	true	operator-algebraic bridge substrate
L2_Operator	operator	theorem	kms_identity	lean/InfoGeometry/Canonical/CoordinatelessSouriauKMSBridge.lean	618	true	operator-algebraic bridge substrate
L2_Operator	operator	theorem	fisher_metric_eq_sld_readout	lean/InfoGeometry/Canonical/CoordinatelessSouriauKMSBridge.lean	624	true	operator-algebraic bridge substrate
L2_Operator	operator	theorem	fisher_metric_symm	lean/InfoGeometry/Canonical/CoordinatelessSouriauKMSBridge.lean	631	true	operator-algebraic bridge substrate
L2_Operator	operator	theorem	weyl_state_invariant	lean/InfoGeometry/Canonical/CoordinatelessSouriauKMSBridge.lean	637	true	operator-algebraic bridge substrate
L2_Operator	operator	theorem	coordinateless_constructive_packet	lean/InfoGeometry/Canonical/CoordinatelessSouriauKMSBridge.lean	643	true	operator-algebraic bridge substrate
L2_Operator	operator	structure	ObservableCyclicCoordinatelessSouriauFisherContext	lean/InfoGeometry/Canonical/CoordinatelessSouriauKMSBridge.lean	665	false	operator-algebraic bridge substrate
L2_Operator	operator	def	sigma	lean/InfoGeometry/Canonical/CoordinatelessSouriauKMSBridge.lean	678	false	operator-algebraic bridge substrate
L2_Operator	operator	def	fisherMetric	lean/InfoGeometry/Canonical/CoordinatelessSouriauKMSBridge.lean	684	false	operator-algebraic bridge substrate
L2_Operator	operator	def	weylGauge	lean/InfoGeometry/Canonical/CoordinatelessSouriauKMSBridge.lean	689	false	operator-algebraic bridge substrate
L2_Operator	operator	theorem	fisherMetric_sld_eq_id	lean/InfoGeometry/Canonical/CoordinatelessSouriauKMSBridge.lean	694	true	operator-algebraic bridge substrate
L2_Operator	operator	theorem	souriau_thermalGenerator_eq_moment	lean/InfoGeometry/Canonical/CoordinatelessSouriauKMSBridge.lean	699	true	operator-algebraic bridge substrate
L2_Operator	operator	theorem	kms_identity	lean/InfoGeometry/Canonical/CoordinatelessSouriauKMSBridge.lean	706	true	operator-algebraic bridge substrate
L2_Operator	operator	theorem	fisher_metric_eq_sld_readout	lean/InfoGeometry/Canonical/CoordinatelessSouriauKMSBridge.lean	712	true	operator-algebraic bridge substrate
L2_Operator	operator	theorem	fisher_metric_symm	lean/InfoGeometry/Canonical/CoordinatelessSouriauKMSBridge.lean	719	true	operator-algebraic bridge substrate
L2_Operator	operator	theorem	weyl_state_invariant	lean/InfoGeometry/Canonical/CoordinatelessSouriauKMSBridge.lean	725	true	operator-algebraic bridge substrate
L2_Operator	operator	theorem	coordinateless_constructive_packet	lean/InfoGeometry/Canonical/CoordinatelessSouriauKMSBridge.lean	731	true	operator-algebraic bridge substrate
L2_Operator	operator	structure	CyclicCoordinatelessSouriauFisherContext	lean/InfoGeometry/Canonical/CoordinatelessSouriauKMSBridge.lean	757	false	operator-algebraic bridge substrate
L2_Operator	operator	def	sigma	lean/InfoGeometry/Canonical/CoordinatelessSouriauKMSBridge.lean	772	false	operator-algebraic bridge substrate
L2_Operator	operator	theorem	souriau_thermalGenerator_eq_moment	lean/InfoGeometry/Canonical/CoordinatelessSouriauKMSBridge.lean	778	true	operator-algebraic bridge substrate
L2_Operator	operator	theorem	kms_identity	lean/InfoGeometry/Canonical/CoordinatelessSouriauKMSBridge.lean	785	true	operator-algebraic bridge substrate
L2_Operator	operator	theorem	fisher_metric_eq_sld_readout	lean/InfoGeometry/Canonical/CoordinatelessSouriauKMSBridge.lean	791	true	operator-algebraic bridge substrate
L2_Operator	operator	theorem	fisher_metric_symm	lean/InfoGeometry/Canonical/CoordinatelessSouriauKMSBridge.lean	798	true	operator-algebraic bridge substrate
L2_Operator	operator	theorem	weyl_state_invariant	lean/InfoGeometry/Canonical/CoordinatelessSouriauKMSBridge.lean	804	true	operator-algebraic bridge substrate
L2_Operator	operator	theorem	modular_time_add	lean/InfoGeometry/Canonical/CoordinatelessSouriauKMSBridge.lean	810	true	operator-algebraic bridge substrate
L2_Operator	operator	theorem	modular_time_zero	lean/InfoGeometry/Canonical/CoordinatelessSouriauKMSBridge.lean	816	true	operator-algebraic bridge substrate
L2_Operator	operator	theorem	coordinateless_constructive_packet	lean/InfoGeometry/Canonical/CoordinatelessSouriauKMSBridge.lean	822	true	operator-algebraic bridge substrate
L2_Operator	operator	def	toMinimalCyclicCoordinatelessSouriauContext	lean/InfoGeometry/Canonical/CoordinatelessSouriauKMSBridge.lean	846	false	operator-algebraic bridge substrate
L2_Operator	operator	def	toObservableMinimalCyclicCoordinatelessSouriauContext	lean/InfoGeometry/Canonical/CoordinatelessSouriauKMSBridge.lean	858	false	operator-algebraic bridge substrate
L2_Operator	operator	def	toObservableCyclicCoordinatelessSouriauFisherContext	lean/InfoGeometry/Canonical/CoordinatelessSouriauKMSBridge.lean	868	false	operator-algebraic bridge substrate
L2_Operator	operator	def	toCyclicCoordinatelessSouriauFisherContext	lean/InfoGeometry/Canonical/CoordinatelessSouriauKMSBridge.lean	882	false	operator-algebraic bridge substrate
L2_Operator	operator	theorem	observable_minimal_coordinateless_constructive_packet	lean/InfoGeometry/Canonical/CoordinatelessSouriauKMSBridge.lean	903	true	operator-algebraic bridge substrate
L2_Operator	operator	def	toCoordinatelessSouriauFisherContext	lean/InfoGeometry/Canonical/CoordinatelessSouriauKMSBridge.lean	933	false	operator-algebraic bridge substrate
L2_Operator	operator	theorem	coordinateless_constructive_packet	lean/InfoGeometry/Canonical/CoordinatelessSouriauKMSBridge.lean	949	true	operator-algebraic bridge substrate
L3_Krein	krein	def	symmetricPhaseShiftedTwoStateChannelCorrelation	lean/InfoGeometry/Canonical/CorrelationAntisymmetrization.lean	40	false	Krein/doubled-geometry substrate
L3_Krein	krein	def	antisymmetricPhaseShiftedTwoStateChannelCorrelation	lean/InfoGeometry/Canonical/CorrelationAntisymmetrization.lean	48	false	Krein/doubled-geometry substrate
L3_Krein	krein	theorem	phaseShiftedTwoStateChannelCorrelation_eq_symmetric_add_antisymmetric	lean/InfoGeometry/Canonical/CorrelationAntisymmetrization.lean	59	true	Krein/doubled-geometry substrate
L3_Krein	krein	theorem	symmetricPhaseShiftedTwoStateChannelCorrelation_swap	lean/InfoGeometry/Canonical/CorrelationAntisymmetrization.lean	73	true	Krein/doubled-geometry substrate
L3_Krein	krein	theorem	antisymmetricPhaseShiftedTwoStateChannelCorrelation_swap_neg	lean/InfoGeometry/Canonical/CorrelationAntisymmetrization.lean	84	true	Krein/doubled-geometry substrate
L3_Krein	krein	theorem	phaseShiftedTwoStateChannelCorrelation_self_swap_neg_of_IsPhaseLinear	lean/InfoGeometry/Canonical/CorrelationAntisymmetrization.lean	98	true	Krein/doubled-geometry substrate
L3_Krein	krein	theorem	symmetricPhaseShiftedTwoStateChannelCorrelation_self_eq_zero_of_IsPhaseLinear	lean/InfoGeometry/Canonical/CorrelationAntisymmetrization.lean	118	true	Krein/doubled-geometry substrate
L3_Krein	krein	theorem	antisymmetricPhaseShiftedTwoStateChannelCorrelation_self_eq_raw_of_IsPhaseLinear	lean/InfoGeometry/Canonical/CorrelationAntisymmetrization.lean	135	true	Krein/doubled-geometry substrate
L3_Krein	krein	theorem	comparisonStateGeneratorPhase_eq_antisymmetricPhaseShiftedTwoStateChannelCorrelation_self_of_IsPhaseLinear	lean/InfoGeometry/Canonical/CorrelationAntisymmetrization.lean	153	true	Krein/doubled-geometry substrate
L4_ModularTransport	transport	theorem	toRelationalInformationDatum_comparisonGeneratorPhase_eq_antisymmetricPhaseShiftedTwoStateChannelCorrelation_self_of_IsPhaseLinear	lean/InfoGeometry/Canonical/CorrelationAntisymmetrization.lean	177	true	modular/transport/flow substrate
L3_Krein	krein	def	symmetricTwoStateChannelCorrelation	lean/InfoGeometry/Canonical/CorrelationSymmetrization.lean	38	false	Krein/doubled-geometry substrate
L3_Krein	krein	def	antisymmetricTwoStateChannelCorrelation	lean/InfoGeometry/Canonical/CorrelationSymmetrization.lean	46	false	Krein/doubled-geometry substrate
L3_Krein	krein	def	phaseShiftedTwoStateChannelCorrelation	lean/InfoGeometry/Canonical/CorrelationSymmetrization.lean	54	false	Krein/doubled-geometry substrate
L3_Krein	krein	theorem	twoStateChannelCorrelation_eq_symmetric_add_antisymmetric	lean/InfoGeometry/Canonical/CorrelationSymmetrization.lean	62	true	Krein/doubled-geometry substrate
L3_Krein	krein	theorem	symmetricTwoStateChannelCorrelation_swap	lean/InfoGeometry/Canonical/CorrelationSymmetrization.lean	75	true	Krein/doubled-geometry substrate
L3_Krein	krein	theorem	antisymmetricTwoStateChannelCorrelation_swap_neg	lean/InfoGeometry/Canonical/CorrelationSymmetrization.lean	86	true	Krein/doubled-geometry substrate
L3_Krein	krein	theorem	symmetricTwoStateChannelCorrelation_self_eq_raw	lean/InfoGeometry/Canonical/CorrelationSymmetrization.lean	97	true	Krein/doubled-geometry substrate
L3_Krein	krein	theorem	antisymmetricTwoStateChannelCorrelation_self_eq_zero	lean/InfoGeometry/Canonical/CorrelationSymmetrization.lean	109	true	Krein/doubled-geometry substrate
L3_Krein	krein	theorem	comparisonStateGeneratorMetric_eq_symmetricTwoStateChannelCorrelation_self	lean/InfoGeometry/Canonical/CorrelationSymmetrization.lean	119	true	Krein/doubled-geometry substrate
L3_Krein	krein	theorem	comparisonStateGeneratorPhase_eq_phaseShiftedTwoStateChannelCorrelation_self	lean/InfoGeometry/Canonical/CorrelationSymmetrization.lean	138	true	Krein/doubled-geometry substrate
L4_ModularTransport	transport	theorem	toRelationalInformationDatum_comparisonGeneratorMetric_eq_symmetricTwoStateChannelCorrelation_self	lean/InfoGeometry/Canonical/CorrelationSymmetrization.lean	152	true	modular/transport/flow substrate
L4_ModularTransport	transport	theorem	toRelationalInformationDatum_comparisonGeneratorPhase_eq_phaseShiftedTwoStateChannelCorrelation_self	lean/InfoGeometry/Canonical/CorrelationSymmetrization.lean	175	true	modular/transport/flow substrate
L4_ModularTransport	transport	theorem	commutator_T_H_eq_zero	lean/InfoGeometry/Canonical/DIIICommutatorInitialization.lean	58	true	modular/transport/flow substrate
L4_ModularTransport	transport	theorem	anticommutator_P_H_eq_zero	lean/InfoGeometry/Canonical/DIIICommutatorInitialization.lean	66	true	modular/transport/flow substrate
L4_ModularTransport	transport	theorem	chiral_witness_exists	lean/InfoGeometry/Canonical/DIIICommutatorInitialization.lean	79	true	modular/transport/flow substrate
L4_ModularTransport	transport	theorem	topologicalClassDIII_of_commutation_data	lean/InfoGeometry/Canonical/DIIICommutatorInitialization.lean	90	true	modular/transport/flow substrate
L4_ModularTransport	transport	theorem	topologicalClassDIII_of_realBdGDatum	lean/InfoGeometry/Canonical/DIIICommutatorInitialization.lean	122	true	modular/transport/flow substrate
L5_ThermodynamicClosure	thermo	def	z2IndexOfCount	lean/InfoGeometry/Canonical/DIIIIndexVerification.lean	19	false	thermodynamic/free-energy/closure substrate
L5_ThermodynamicClosure	thermo	def	mvarZ2Index	lean/InfoGeometry/Canonical/DIIIIndexVerification.lean	24	false	thermodynamic/free-energy/closure substrate
L5_ThermodynamicClosure	thermo	def	tacticStepZ2Index	lean/InfoGeometry/Canonical/DIIIIndexVerification.lean	29	false	thermodynamic/free-energy/closure substrate
L5_ThermodynamicClosure	thermo	theorem	z2IndexOfCount_val_eq_mod	lean/InfoGeometry/Canonical/DIIIIndexVerification.lean	33	true	thermodynamic/free-energy/closure substrate
L5_ThermodynamicClosure	thermo	theorem	z2Index_pair_stable	lean/InfoGeometry/Canonical/DIIIIndexVerification.lean	38	true	thermodynamic/free-energy/closure substrate
L5_ThermodynamicClosure	thermo	theorem	mvarZ2Index_pair_stable_from_counts	lean/InfoGeometry/Canonical/DIIIIndexVerification.lean	45	true	thermodynamic/free-energy/closure substrate
L4_ModularTransport	transport	structure	IsCompatibleDPDWedge	lean/InfoGeometry/Canonical/DPDWedgeCompatibility.lean	37	true	modular/transport/flow substrate
L4_ModularTransport	transport	theorem	kernelConventionLock_pzero_eq_spectralComplementaryProjector	lean/InfoGeometry/Canonical/DPDWedgeCompatibility.lean	55	true	modular/transport/flow substrate
L4_ModularTransport	transport	theorem	activeProjector_eq_one_sub_spectralComplementaryProjector	lean/InfoGeometry/Canonical/DPDWedgeCompatibility.lean	65	true	modular/transport/flow substrate
L4_ModularTransport	transport	theorem	wedgeSign_sq_eq_spectralProjector	lean/InfoGeometry/Canonical/DPDWedgeCompatibility.lean	83	true	modular/transport/flow substrate
L4_ModularTransport	transport	theorem	wedgeSign_mul_spectralComplementaryProjector_eq_zero	lean/InfoGeometry/Canonical/DPDWedgeCompatibility.lean	102	true	modular/transport/flow substrate
L4_ModularTransport	transport	theorem	spectralComplementaryProjector_mul_wedgeSign_eq_zero	lean/InfoGeometry/Canonical/DPDWedgeCompatibility.lean	119	true	modular/transport/flow substrate
L4_ModularTransport	transport	theorem	wedgeSign_sq_mul_spectralProjector_eq_spectralProjector	lean/InfoGeometry/Canonical/DPDWedgeCompatibility.lean	136	true	modular/transport/flow substrate
L4_ModularTransport	transport	theorem	two_smul_dilationGap_eq_wedgeSign	lean/InfoGeometry/Canonical/DPDWedgeCompatibility.lean	147	true	modular/transport/flow substrate
L4_ModularTransport	transport	theorem	dilationGap_eq_half_wedgeSign	lean/InfoGeometry/Canonical/DPDWedgeCompatibility.lean	163	true	modular/transport/flow substrate
L4_ModularTransport	transport	theorem	wedgeCalibrated_of_compatibleDPDWedge	lean/InfoGeometry/Canonical/DPDWedgeCompatibility.lean	180	true	modular/transport/flow substrate
L4_ModularTransport	transport	theorem	projected_supercharge_eq_commutator_PD_wedgeSign	lean/InfoGeometry/Canonical/DPDWedgeCompatibility.lean	202	true	modular/transport/flow substrate
L4_ModularTransport	transport	theorem	projected_supercharge_eq_neg_commutator_PZero_wedgeSign	lean/InfoGeometry/Canonical/DPDWedgeCompatibility.lean	225	true	modular/transport/flow substrate
L4_ModularTransport	transport	def	relativeModularKernelScalePart	lean/InfoGeometry/Canonical/DPDWedgeCompatibility.lean	257	false	modular/transport/flow substrate
L4_ModularTransport	transport	def	relativeModularActiveShapePart	lean/InfoGeometry/Canonical/DPDWedgeCompatibility.lean	265	false	modular/transport/flow substrate
L4_ModularTransport	transport	theorem	relativeModular_offDiagonal_blocks_zero_of_commutes_spectralProjector	lean/InfoGeometry/Canonical/DPDWedgeCompatibility.lean	274	true	modular/transport/flow substrate
L4_ModularTransport	transport	theorem	relativeModular_scaleShapeSplit	lean/InfoGeometry/Canonical/DPDWedgeCompatibility.lean	308	true	modular/transport/flow substrate
L4_ModularTransport	transport	theorem	relativeModular_scaleShapeSplit_of_commutes_spectralProjector	lean/InfoGeometry/Canonical/DPDWedgeCompatibility.lean	356	true	modular/transport/flow substrate
L5_ThermodynamicClosure	thermo	structure	DeformationParameter	lean/InfoGeometry/Canonical/DeformationLayer.lean	17	true	thermodynamic/free-energy/closure substrate
L5_ThermodynamicClosure	thermo	structure	DeformationParameterWitness	lean/InfoGeometry/Canonical/DeformationLayer.lean	23	true	thermodynamic/free-energy/closure substrate
L5_ThermodynamicClosure	thermo	structure	DeformedCharacterWitness	lean/InfoGeometry/Canonical/DeformationLayer.lean	31	true	thermodynamic/free-energy/closure substrate
L5_ThermodynamicClosure	thermo	structure	ThermalEvaluationMap	lean/InfoGeometry/Canonical/DeformationLayer.lean	38	true	thermodynamic/free-energy/closure substrate
L5_ThermodynamicClosure	thermo	structure	SeparatedDeformationWitness	lean/InfoGeometry/Canonical/DeformationLayer.lean	42	true	thermodynamic/free-energy/closure substrate
L5_ThermodynamicClosure	thermo	def	expNegBeta	lean/InfoGeometry/Canonical/DeformationLayer.lean	49	false	thermodynamic/free-energy/closure substrate
L5_ThermodynamicClosure	thermo	theorem	expNegBeta_pos	lean/InfoGeometry/Canonical/DeformationLayer.lean	54	true	thermodynamic/free-energy/closure substrate
L5_ThermodynamicClosure	thermo	theorem	expNegBeta_ne_zero	lean/InfoGeometry/Canonical/DeformationLayer.lean	59	true	thermodynamic/free-energy/closure substrate
L5_ThermodynamicClosure	thermo	theorem	q_identification_requires_witness	lean/InfoGeometry/Canonical/DeformationLayer.lean	64	true	thermodynamic/free-energy/closure substrate
L5_ThermodynamicClosure	thermo	theorem	q_not_identified_with_expNegBeta_without_witness	lean/InfoGeometry/Canonical/DeformationLayer.lean	72	true	thermodynamic/free-energy/closure substrate
L1_Projective	projective	def	IsCriticalDensityWeight	lean/InfoGeometry/Canonical/DensityWeightIntertwinerBridge.lean	48	true	projection/support/compression substrate
L1_Projective	projective	def	projectiveDensityWeightHamiltonianProfile	lean/InfoGeometry/Canonical/DensityWeightIntertwinerBridge.lean	76	false	projection/support/compression substrate
L1_Projective	projective	theorem	projectiveDensityWeightHamiltonianProfile_zero	lean/InfoGeometry/Canonical/DensityWeightIntertwinerBridge.lean	86	true	projection/support/compression substrate
L1_Projective	projective	theorem	projectiveDensityWeightHamiltonianProfile_eq_relativeModularPotential_countRay_add_weightShift	lean/InfoGeometry/Canonical/DensityWeightIntertwinerBridge.lean	98	true	projection/support/compression substrate
L3_Krein	krein	def	densityWeightPhaseAxis	lean/InfoGeometry/Canonical/DensityWeightIntertwinerBridge.lean	129	false	Krein/doubled-geometry substrate
L4_ModularTransport	transport	def	densityWeightLiftedTransportGenerator	lean/InfoGeometry/Canonical/DensityWeightIntertwinerBridge.lean	155	false	modular/transport/flow substrate
L4_ModularTransport	transport	abbrev	densityWeightLiftedModularSeed	lean/InfoGeometry/Canonical/DensityWeightIntertwinerBridge.lean	161	false	modular/transport/flow substrate
L4_ModularTransport	transport	theorem	densityWeightLiftedTransportGenerator_zero	lean/InfoGeometry/Canonical/DensityWeightIntertwinerBridge.lean	166	true	modular/transport/flow substrate
L4_ModularTransport	transport	theorem	densityWeightLiftedTransportGenerator_eq_souriau_add_weighted_dilation	lean/InfoGeometry/Canonical/DensityWeightIntertwinerBridge.lean	177	true	modular/transport/flow substrate
L4_ModularTransport	transport	theorem	densityWeightLiftedModularSeed_eq_transportGenerator	lean/InfoGeometry/Canonical/DensityWeightIntertwinerBridge.lean	187	true	modular/transport/flow substrate
L4_ModularTransport	transport	def	densityWeightLiftedDynamics	lean/InfoGeometry/Canonical/DensityWeightIntertwinerBridge.lean	195	false	modular/transport/flow substrate
L4_ModularTransport	transport	theorem	densityWeightLiftedDynamics_zero	lean/InfoGeometry/Canonical/DensityWeightIntertwinerBridge.lean	201	true	modular/transport/flow substrate
L4_ModularTransport	transport	def	densityWeightLiftedReadout	lean/InfoGeometry/Canonical/DensityWeightIntertwinerBridge.lean	214	false	modular/transport/flow substrate
L4_ModularTransport	transport	theorem	densityWeightLiftedReadout_zero_apply_eq_metricPhase_transportCommutator	lean/InfoGeometry/Canonical/DensityWeightIntertwinerBridge.lean	225	true	modular/transport/flow substrate
L4_ModularTransport	transport	theorem	densityWeightLiftedReadout_zero_pair_eq_comparisonReadout_pair	lean/InfoGeometry/Canonical/DensityWeightIntertwinerBridge.lean	246	true	modular/transport/flow substrate
L4_ModularTransport	transport	theorem	densityWeightLiftedReadout_zero_pair_eq_zero_of_equilibriumSeed	lean/InfoGeometry/Canonical/DensityWeightIntertwinerBridge.lean	283	true	modular/transport/flow substrate
L4_ModularTransport	transport	def	densityWeightWeylIntertwiners_of_strictSymmetry	lean/InfoGeometry/Canonical/DensityWeightIntertwinerBridge.lean	311	false	modular/transport/flow substrate
L4_ModularTransport	transport	theorem	densityWeightWeylIntertwiners_of_strictSymmetry_fst	lean/InfoGeometry/Canonical/DensityWeightIntertwinerBridge.lean	318	true	modular/transport/flow substrate
L4_ModularTransport	transport	theorem	densityWeightWeylIntertwiners_of_strictSymmetry_snd	lean/InfoGeometry/Canonical/DensityWeightIntertwinerBridge.lean	325	true	modular/transport/flow substrate
L3_Krein	krein	def	fixedGradingIndexResidual	lean/InfoGeometry/Canonical/DilatedGapEquivariance.lean	40	false	Krein/doubled-geometry substrate
L3_Krein	krein	theorem	fixedGradingIndexResidual_eq_zero	lean/InfoGeometry/Canonical/DilatedGapEquivariance.lean	49	true	Krein/doubled-geometry substrate
L2_Operator	operator	def	projectorObstruction	lean/InfoGeometry/Canonical/DilatedGapEquivariance.lean	64	false	operator-algebraic bridge substrate
L2_Operator	operator	theorem	chiralAnomaly_eq_zero_of_projectorObstruction_eq_zero	lean/InfoGeometry/Canonical/DilatedGapEquivariance.lean	72	true	operator-algebraic bridge substrate
L4_ModularTransport	transport	def	transportedParityModularGapObstruction	lean/InfoGeometry/Canonical/DilatedGapEquivariance.lean	97	false	modular/transport/flow substrate
L4_ModularTransport	transport	theorem	transportedParityModularGapObstruction_eq_zero_of_commute_phaseLinearPart	lean/InfoGeometry/Canonical/DilatedGapEquivariance.lean	112	true	modular/transport/flow substrate
L4_ModularTransport	transport	structure	DilationWitness	lean/InfoGeometry/Canonical/DilationKKTBridge.lean	19	true	modular/transport/flow substrate
L4_ModularTransport	transport	structure	DilationFromProjectorObstruction	lean/InfoGeometry/Canonical/DilationKKTBridge.lean	39	true	modular/transport/flow substrate
L4_ModularTransport	transport	structure	DiracSouriauSector	lean/InfoGeometry/Canonical/DiracSouriauOperator.lean	34	false	modular/transport/flow substrate
L4_ModularTransport	transport	def	C	lean/InfoGeometry/Canonical/DiracSouriauOperator.lean	60	false	modular/transport/flow substrate
L4_ModularTransport	transport	def	toMatrix	lean/InfoGeometry/Canonical/DiracSouriauOperator.lean	69	false	modular/transport/flow substrate
L4_ModularTransport	transport	theorem	toMatrix_eq_fromBlocks	lean/InfoGeometry/Canonical/DiracSouriauOperator.lean	74	true	modular/transport/flow substrate
L4_ModularTransport	transport	theorem	supercharge_conservation_satisfied	lean/InfoGeometry/Canonical/DiracSouriauOperator.lean	202	true	modular/transport/flow substrate
L4_ModularTransport	transport	def	berezinian	lean/InfoGeometry/Canonical/DiracSouriauOperator.lean	211	false	modular/transport/flow substrate
L4_ModularTransport	transport	def	pfaffian	lean/InfoGeometry/Canonical/DiracSouriauOperator.lean	223	false	modular/transport/flow substrate
L4_ModularTransport	transport	theorem	pfaffian_sq_eq_det_of_det_nonneg	lean/InfoGeometry/Canonical/DiracSouriauOperator.lean	228	true	modular/transport/flow substrate
L4_ModularTransport	transport	def	souriauEntropy	lean/InfoGeometry/Canonical/DiracSouriauOperator.lean	242	false	modular/transport/flow substrate
L4_ModularTransport	transport	def	IsBPSProtected	lean/InfoGeometry/Canonical/DiracSouriauOperator.lean	252	true	modular/transport/flow substrate
L4_ModularTransport	transport	def	pfaffianAbs	lean/InfoGeometry/Canonical/DiracSouriauOperator.lean	261	false	modular/transport/flow substrate
L4_ModularTransport	transport	theorem	pfaffianAbs_sq_eq_abs_det	lean/InfoGeometry/Canonical/DiracSouriauOperator.lean	266	true	modular/transport/flow substrate
L4_ModularTransport	transport	def	discreteRapidity	lean/InfoGeometry/Canonical/DiscreteMellinModularBridge.lean	36	false	modular/transport/flow substrate
L4_ModularTransport	transport	def	logarithmicSample	lean/InfoGeometry/Canonical/DiscreteMellinModularBridge.lean	41	false	modular/transport/flow substrate
L4_ModularTransport	transport	theorem	log_logarithmicSample	lean/InfoGeometry/Canonical/DiscreteMellinModularBridge.lean	46	true	modular/transport/flow substrate
L4_ModularTransport	transport	theorem	logarithmicSample_succ_eq_exp_mul	lean/InfoGeometry/Canonical/DiscreteMellinModularBridge.lean	55	true	modular/transport/flow substrate
L4_ModularTransport	transport	theorem	rapidityPlusCoordinate_eq_logarithmicSample_mul_lightconePlus	lean/InfoGeometry/Canonical/DiscreteMellinModularBridge.lean	78	true	modular/transport/flow substrate
L4_ModularTransport	transport	theorem	rapidityMinusCoordinate_eq_exp_neg_discreteRapidity_mul_lightconeMinus	lean/InfoGeometry/Canonical/DiscreteMellinModularBridge.lean	90	true	modular/transport/flow substrate
L2_Operator	operator	structure	OperatorialDiscreteModularHamiltonianContext	lean/InfoGeometry/Canonical/DiscreteMellinModularBridge.lean	115	false	operator-algebraic bridge substrate
L2_Operator	operator	theorem	modularHamiltonian_commutes_spectralProjectors	lean/InfoGeometry/Canonical/DiscreteMellinModularBridge.lean	122	true	operator-algebraic bridge substrate
L3_Krein	krein	def	doubledRealComplexScalar	lean/InfoGeometry/Canonical/DiscreteModularMellinShift.lean	40	false	Krein/doubled-geometry substrate
L3_Krein	krein	def	doubledRealPhaseOperator	lean/InfoGeometry/Canonical/DiscreteModularMellinShift.lean	45	false	Krein/doubled-geometry substrate
L3_Krein	krein	theorem	doubledRealComplexScalar_zero_one_eq_clockAxis	lean/InfoGeometry/Canonical/DiscreteModularMellinShift.lean	50	true	Krein/doubled-geometry substrate
L3_Krein	krein	theorem	doubledRealComplexScalar_one_zero_eq_id	lean/InfoGeometry/Canonical/DiscreteModularMellinShift.lean	56	true	Krein/doubled-geometry substrate
L3_Krein	krein	theorem	doubledRealPhaseOperator_zero	lean/InfoGeometry/Canonical/DiscreteModularMellinShift.lean	62	true	Krein/doubled-geometry substrate
L3_Krein	krein	theorem	doubledRealComplexAxis_sq	lean/InfoGeometry/Canonical/DiscreteModularMellinShift.lean	68	true	Krein/doubled-geometry substrate
L3_Krein	krein	def	doubledRealMajoranaPacket	lean/InfoGeometry/Canonical/DiscreteModularMellinShift.lean	75	false	Krein/doubled-geometry substrate
L3_Krein	krein	theorem	doubledRealMajoranaPacket_J_eq_modular_j	lean/InfoGeometry/Canonical/DiscreteModularMellinShift.lean	81	true	Krein/doubled-geometry substrate
L3_Krein	krein	theorem	doubledRealMajoranaPacket_eps_eq_spectral_epsilon	lean/InfoGeometry/Canonical/DiscreteModularMellinShift.lean	86	true	Krein/doubled-geometry substrate
L3_Krein	krein	theorem	doubledRealMajoranaPacket_K_eq_clockAxis	lean/InfoGeometry/Canonical/DiscreteModularMellinShift.lean	91	true	Krein/doubled-geometry substrate
L2_Operator	operator	structure	DoubledRealMellinShiftOperator	lean/InfoGeometry/Canonical/DiscreteModularMellinShift.lean	103	false	operator-algebraic bridge substrate
L2_Operator	operator	theorem	centralOperator_isDrazinLaneCentral	lean/InfoGeometry/Canonical/DiscreteModularMellinShift.lean	147	true	operator-algebraic bridge substrate
L2_Operator	operator	theorem	centralOperator_isDefectSupported	lean/InfoGeometry/Canonical/DiscreteModularMellinShift.lean	155	true	operator-algebraic bridge substrate
L2_Operator	operator	theorem	supercharge_in_chiralCone	lean/InfoGeometry/Canonical/DiscreteModularMellinShift.lean	163	true	operator-algebraic bridge substrate
L2_Operator	operator	theorem	superHamiltonian_eq_K0_plus_centralOperator	lean/InfoGeometry/Canonical/DiscreteModularMellinShift.lean	171	true	operator-algebraic bridge substrate
L2_Operator	operator	structure	CliffordSuperMellinPacket	lean/InfoGeometry/Canonical/DiscreteModularMellinShift.lean	193	false	operator-algebraic bridge substrate
L2_Operator	operator	theorem	centralOperator_isDrazinLaneCentral	lean/InfoGeometry/Canonical/DiscreteModularMellinShift.lean	217	true	operator-algebraic bridge substrate
L2_Operator	operator	theorem	centralOperator_isDefectSupported	lean/InfoGeometry/Canonical/DiscreteModularMellinShift.lean	225	true	operator-algebraic bridge substrate
L4_ModularTransport	transport	structure	TypeIIIScaleGroup	lean/InfoGeometry/Canonical/DiscreteModularSpectrum.lean	32	false	modular/transport/flow substrate
L4_ModularTransport	transport	structure	DiscreteTypeIIILambdaScale	lean/InfoGeometry/Canonical/DiscreteModularSpectrum.lean	43	false	modular/transport/flow substrate
L4_ModularTransport	transport	def	period	lean/InfoGeometry/Canonical/DiscreteModularSpectrum.lean	51	false	modular/transport/flow substrate
L4_ModularTransport	transport	def	lambda	lean/InfoGeometry/Canonical/DiscreteModularSpectrum.lean	56	false	modular/transport/flow substrate
L4_ModularTransport	transport	def	spectrum	lean/InfoGeometry/Canonical/DiscreteModularSpectrum.lean	61	false	modular/transport/flow substrate
L4_ModularTransport	transport	def	toScaleGroup	lean/InfoGeometry/Canonical/DiscreteModularSpectrum.lean	66	false	modular/transport/flow substrate
L2_Operator	operator	structure	ModularMellinLattice	lean/InfoGeometry/Canonical/DiscreteModularSpectrum.lean	96	false	operator-algebraic bridge substrate
L2_Operator	operator	def	thermalTimeStep	lean/InfoGeometry/Canonical/DiscreteModularSpectrum.lean	134	false	operator-algebraic bridge substrate
L2_Operator	operator	def	discreteBoost	lean/InfoGeometry/Canonical/DiscreteModularSpectrum.lean	139	false	operator-algebraic bridge substrate
L2_Operator	operator	theorem	modularTransportGenerator_commutes_drazin	lean/InfoGeometry/Canonical/DiscreteModularSpectrum.lean	148	true	operator-algebraic bridge substrate
L2_Operator	operator	theorem	drazin_projector_invariant	lean/InfoGeometry/Canonical/DiscreteModularSpectrum.lean	198	true	operator-algebraic bridge substrate
L2_Operator	operator	def	IsMellinBandlimited	lean/InfoGeometry/Canonical/DiscreteModularSpectrum.lean	211	true	operator-algebraic bridge substrate
L3_Krein	krein	def	IsDrazinInverse	lean/InfoGeometry/Canonical/Drazin.lean	15	true	Krein/doubled-geometry substrate
L3_Krein	krein	theorem	mk	lean/InfoGeometry/Canonical/Drazin.lean	24	true	Krein/doubled-geometry substrate
L3_Krein	krein	theorem	of_idempotent	lean/InfoGeometry/Canonical/Drazin.lean	33	true	Krein/doubled-geometry substrate
L3_Krein	krein	theorem	comm	lean/InfoGeometry/Canonical/Drazin.lean	43	true	Krein/doubled-geometry substrate
L3_Krein	krein	theorem	idempotent	lean/InfoGeometry/Canonical/Drazin.lean	47	true	Krein/doubled-geometry substrate
L3_Krein	krein	theorem	power	lean/InfoGeometry/Canonical/Drazin.lean	51	true	Krein/doubled-geometry substrate
L3_Krein	krein	def	projection	lean/InfoGeometry/Canonical/Drazin.lean	67	false	Krein/doubled-geometry substrate
L3_Krein	krein	def	complementaryProjection	lean/InfoGeometry/Canonical/Drazin.lean	71	false	Krein/doubled-geometry substrate
L3_Krein	krein	theorem	projection_is_idempotent	lean/InfoGeometry/Canonical/Drazin.lean	75	true	Krein/doubled-geometry substrate
L3_Krein	krein	theorem	complementaryProjection_is_idempotent	lean/InfoGeometry/Canonical/Drazin.lean	84	true	Krein/doubled-geometry substrate
L3_Krein	krein	theorem	projection_mul_complementaryProjection	lean/InfoGeometry/Canonical/Drazin.lean	94	true	Krein/doubled-geometry substrate
L3_Krein	krein	theorem	complementaryProjection_mul_projection	lean/InfoGeometry/Canonical/Drazin.lean	103	true	Krein/doubled-geometry substrate
L3_Krein	krein	theorem	projection_add_complementaryProjection	lean/InfoGeometry/Canonical/Drazin.lean	112	true	Krein/doubled-geometry substrate
L3_Krein	krein	theorem	projection_comm	lean/InfoGeometry/Canonical/Drazin.lean	119	true	Krein/doubled-geometry substrate
L3_Krein	krein	theorem	projection_comm_self	lean/InfoGeometry/Canonical/Drazin.lean	128	true	Krein/doubled-geometry substrate
L3_Krein	krein	theorem	complementaryProjection_comm_self	lean/InfoGeometry/Canonical/Drazin.lean	137	true	Krein/doubled-geometry substrate
L3_Krein	krein	def	fittingRegularPart	lean/InfoGeometry/Canonical/Drazin.lean	151	false	Krein/doubled-geometry substrate
L3_Krein	krein	def	fittingNilpotentPart	lean/InfoGeometry/Canonical/Drazin.lean	155	false	Krein/doubled-geometry substrate
L3_Krein	krein	theorem	fittingRegularPart_add_fittingNilpotentPart_eq_self	lean/InfoGeometry/Canonical/Drazin.lean	159	true	Krein/doubled-geometry substrate
L3_Krein	krein	theorem	power_mul_complementaryProjection_eq_zero	lean/InfoGeometry/Canonical/Drazin.lean	166	true	Krein/doubled-geometry substrate
L3_Krein	krein	theorem	complementaryProjection_mul_power_eq_zero	lean/InfoGeometry/Canonical/Drazin.lean	176	true	Krein/doubled-geometry substrate
L3_Krein	krein	theorem	power_le	lean/InfoGeometry/Canonical/Drazin.lean	189	true	Krein/doubled-geometry substrate
L3_Krein	krein	theorem	fittingNilpotentPart_pow_succ_eq_zero	lean/InfoGeometry/Canonical/Drazin.lean	203	true	Krein/doubled-geometry substrate
L3_Krein	krein	theorem	unique	lean/InfoGeometry/Canonical/Drazin.lean	232	true	Krein/doubled-geometry substrate
L3_Krein	krein	theorem	unique_of_indices	lean/InfoGeometry/Canonical/Drazin.lean	240	true	Krein/doubled-geometry substrate
L3_Krein	krein	theorem	star_isDrazinInverse_of_selfAdjoint	lean/InfoGeometry/Canonical/Drazin.lean	260	true	Krein/doubled-geometry substrate
L3_Krein	krein	theorem	star_isDrazinInverse	lean/InfoGeometry/Canonical/Drazin.lean	285	true	Krein/doubled-geometry substrate
L3_Krein	krein	theorem	star_eq_self_of_selfAdjoint	lean/InfoGeometry/Canonical/Drazin.lean	298	true	Krein/doubled-geometry substrate
L3_Krein	krein	theorem	projection_isStarProjection_of_selfAdjoint	lean/InfoGeometry/Canonical/Drazin.lean	314	true	Krein/doubled-geometry substrate
L3_Krein	krein	theorem	of_core_nilpotent_split	lean/InfoGeometry/Canonical/Drazin.lean	418	true	Krein/doubled-geometry substrate
L3_Krein	krein	structure	DrazinFittingDecomposition	lean/InfoGeometry/Canonical/Drazin.lean	473	false	Krein/doubled-geometry substrate
L3_Krein	krein	theorem	exists_drazinInverse_of_fittingDecomposition	lean/InfoGeometry/Canonical/Drazin.lean	496	true	Krein/doubled-geometry substrate
L3_Krein	krein	structure	ContinuousDrazinFittingBlockData	lean/InfoGeometry/Canonical/Drazin.lean	528	false	Krein/doubled-geometry substrate
L3_Krein	krein	def	toDrazinFittingDecomposition	lean/InfoGeometry/Canonical/Drazin.lean	555	false	Krein/doubled-geometry substrate
L3_Krein	krein	theorem	exists_drazinInverse	lean/InfoGeometry/Canonical/Drazin.lean	579	true	Krein/doubled-geometry substrate
L3_Krein	krein	structure	ContinuousDrazinFittingSubmoduleSplit	lean/InfoGeometry/Canonical/Drazin.lean	600	false	Krein/doubled-geometry substrate
L3_Krein	krein	def	corePart	lean/InfoGeometry/Canonical/Drazin.lean	630	false	Krein/doubled-geometry substrate
L3_Krein	krein	def	nilPart	lean/InfoGeometry/Canonical/Drazin.lean	635	false	Krein/doubled-geometry substrate
L3_Krein	krein	def	inversePart	lean/InfoGeometry/Canonical/Drazin.lean	640	false	Krein/doubled-geometry substrate
L3_Krein	krein	def	toBlockData	lean/InfoGeometry/Canonical/Drazin.lean	648	false	Krein/doubled-geometry substrate
L3_Krein	krein	def	toDrazinFittingDecomposition	lean/InfoGeometry/Canonical/Drazin.lean	702	false	Krein/doubled-geometry substrate
L3_Krein	krein	theorem	exists_drazinInverse	lean/InfoGeometry/Canonical/Drazin.lean	712	true	Krein/doubled-geometry substrate
L3_Krein	krein	lemma	inverse_eq_pow_mul_pow	lean/InfoGeometry/Canonical/Drazin.lean	721	true	Krein/doubled-geometry substrate
L3_Krein	krein	def	core	lean/InfoGeometry/Canonical/Drazin.lean	750	false	Krein/doubled-geometry substrate
L3_Krein	krein	def	nilpotent	lean/InfoGeometry/Canonical/Drazin.lean	753	false	Krein/doubled-geometry substrate
L3_Krein	krein	theorem	core_eq_mul_projection	lean/InfoGeometry/Canonical/Drazin.lean	757	true	Krein/doubled-geometry substrate
L3_Krein	krein	theorem	nilpotent_eq_mul_complementaryProjection	lean/InfoGeometry/Canonical/Drazin.lean	763	true	Krein/doubled-geometry substrate
L3_Krein	krein	theorem	nilpotent_comm_self	lean/InfoGeometry/Canonical/Drazin.lean	769	true	Krein/doubled-geometry substrate
L3_Krein	krein	theorem	fitting_decomposition	lean/InfoGeometry/Canonical/Drazin.lean	785	true	Krein/doubled-geometry substrate
L3_Krein	krein	theorem	core_mul_nilpotent_eq_zero	lean/InfoGeometry/Canonical/Drazin.lean	799	true	Krein/doubled-geometry substrate
L3_Krein	krein	theorem	nilpotent_mul_core_eq_zero	lean/InfoGeometry/Canonical/Drazin.lean	824	true	Krein/doubled-geometry substrate
L4_ModularTransport	transport	def	operatorialCentralScalar	lean/InfoGeometry/Canonical/DrazinCentralChargeBridge.lean	55	false	modular/transport/flow substrate
L4_ModularTransport	transport	theorem	operatorialCentralScalar_isDrazinLaneCentral	lean/InfoGeometry/Canonical/DrazinCentralChargeBridge.lean	64	true	modular/transport/flow substrate
L4_ModularTransport	transport	theorem	operatorialCentralScalar_eq_transport_slice	lean/InfoGeometry/Canonical/DrazinCentralChargeBridge.lean	83	true	modular/transport/flow substrate
L4_ModularTransport	transport	theorem	exists_internal_split_with_operatorial_shadow	lean/InfoGeometry/Canonical/DrazinCentralChargeBridge.lean	120	true	modular/transport/flow substrate
L4_ModularTransport	transport	theorem	exists_internal_split_with_intrinsic_nonScalar_shadow	lean/InfoGeometry/Canonical/DrazinCentralChargeBridge.lean	162	true	modular/transport/flow substrate
L4_ModularTransport	transport	theorem	intrinsic_nonScalar_shadow_witness	lean/InfoGeometry/Canonical/DrazinCentralChargeBridge.lean	257	true	modular/transport/flow substrate
L4_ModularTransport	transport	theorem	exists_internal_split_with_intrinsic_nonScalar_shadow_and_witness	lean/InfoGeometry/Canonical/DrazinCentralChargeBridge.lean	275	true	modular/transport/flow substrate
L2_Operator	operator	def	drazinCore	lean/InfoGeometry/Canonical/DrazinCoreFlow.lean	137	false	operator-algebraic bridge substrate
L2_Operator	operator	theorem	complementaryProjection_mapsTo_drazinCore	lean/InfoGeometry/Canonical/DrazinCoreFlow.lean	144	true	operator-algebraic bridge substrate
L2_Operator	operator	theorem	complementaryProjection_range_eq_drazinCore	lean/InfoGeometry/Canonical/DrazinCoreFlow.lean	169	true	operator-algebraic bridge substrate
L2_Operator	operator	theorem	drazin_projector_range_eq_core	lean/InfoGeometry/Canonical/DrazinCoreFlow.lean	202	true	operator-algebraic bridge substrate
L2_Operator	operator	theorem	dissipation_vanishes_on_drazinCore	lean/InfoGeometry/Canonical/DrazinCoreFlow.lean	212	true	operator-algebraic bridge substrate
L2_Operator	operator	abbrev	drazinCoreProj	lean/InfoGeometry/Canonical/DrazinCoreFlow.lean	232	false	operator-algebraic bridge substrate
L2_Operator	operator	abbrev	nilpotentProj	lean/InfoGeometry/Canonical/DrazinCoreFlow.lean	237	false	operator-algebraic bridge substrate
L2_Operator	operator	def	corePart	lean/InfoGeometry/Canonical/DrazinCoreFlow.lean	242	false	operator-algebraic bridge substrate
L2_Operator	operator	def	nilpotentPart	lean/InfoGeometry/Canonical/DrazinCoreFlow.lean	247	false	operator-algebraic bridge substrate
L2_Operator	operator	def	ambientGenerator	lean/InfoGeometry/Canonical/DrazinDescriptorSystems.lean	45	false	operator-algebraic bridge substrate
L2_Operator	operator	def	coreGenerator	lean/InfoGeometry/Canonical/DrazinDescriptorSystems.lean	50	false	operator-algebraic bridge substrate
L2_Operator	operator	def	nilpotentGenerator	lean/InfoGeometry/Canonical/DrazinDescriptorSystems.lean	55	false	operator-algebraic bridge substrate
L2_Operator	operator	def	ambientFlow	lean/InfoGeometry/Canonical/DrazinDescriptorSystems.lean	60	false	operator-algebraic bridge substrate
L2_Operator	operator	def	coreFlow	lean/InfoGeometry/Canonical/DrazinDescriptorSystems.lean	65	false	operator-algebraic bridge substrate
L2_Operator	operator	def	nilpotentFlow	lean/InfoGeometry/Canonical/DrazinDescriptorSystems.lean	70	false	operator-algebraic bridge substrate
L4_ModularTransport	transport	abbrev	defectProjector	lean/InfoGeometry/Canonical/DrazinFredholmBridge.lean	38	false	modular/transport/flow substrate
L4_ModularTransport	transport	def	defectChiralBlockPlus	lean/InfoGeometry/Canonical/DrazinFredholmBridge.lean	43	false	modular/transport/flow substrate
L4_ModularTransport	transport	def	defectChiralBlockMinus	lean/InfoGeometry/Canonical/DrazinFredholmBridge.lean	48	false	modular/transport/flow substrate
L4_ModularTransport	transport	theorem	defectProjector_eq_sum_defectChiralBlocks	lean/InfoGeometry/Canonical/DrazinFredholmBridge.lean	53	true	modular/transport/flow substrate
L4_ModularTransport	transport	def	defectKernelSlicePlus	lean/InfoGeometry/Canonical/DrazinFredholmBridge.lean	95	false	modular/transport/flow substrate
L4_ModularTransport	transport	def	defectKernelSliceMinus	lean/InfoGeometry/Canonical/DrazinFredholmBridge.lean	101	false	modular/transport/flow substrate
L4_ModularTransport	transport	structure	DefectChiralFredholmSurface	lean/InfoGeometry/Canonical/DrazinFredholmBridge.lean	110	true	modular/transport/flow substrate
L4_ModularTransport	transport	def	defectChiralIndex	lean/InfoGeometry/Canonical/DrazinFredholmBridge.lean	116	false	modular/transport/flow substrate
L4_ModularTransport	transport	theorem	defectKernelDimMismatch_of_defectChiralIndex_ne_zero	lean/InfoGeometry/Canonical/DrazinFredholmBridge.lean	129	true	modular/transport/flow substrate
L4_ModularTransport	transport	structure	DrazinDefectFredholmPackage	lean/InfoGeometry/Canonical/DrazinFredholmBridge.lean	161	false	modular/transport/flow substrate
L4_ModularTransport	transport	theorem	defectProjector_ne_zero_of_package	lean/InfoGeometry/Canonical/DrazinFredholmBridge.lean	177	true	modular/transport/flow substrate
L2_Operator	operator	def	AscentAtZero	lean/InfoGeometry/Canonical/DrazinInfiniteCore.lean	30	true	operator-algebraic bridge substrate
L2_Operator	operator	def	DescentAtZero	lean/InfoGeometry/Canonical/DrazinInfiniteCore.lean	35	true	operator-algebraic bridge substrate
L2_Operator	operator	structure	HasFiniteAscentDescentAtZero	lean/InfoGeometry/Canonical/DrazinInfiniteCore.lean	40	false	operator-algebraic bridge substrate
L2_Operator	operator	theorem	descentAtZero_of_isDrazinInverse_le	lean/InfoGeometry/Canonical/DrazinInfiniteCore.lean	53	true	operator-algebraic bridge substrate
L2_Operator	operator	theorem	ascentAtZero_of_isDrazinInverse_le	lean/InfoGeometry/Canonical/DrazinInfiniteCore.lean	73	true	operator-algebraic bridge substrate
L2_Operator	operator	theorem	descentAtZero_of_isDrazinInverse	lean/InfoGeometry/Canonical/DrazinInfiniteCore.lean	109	true	operator-algebraic bridge substrate
L2_Operator	operator	theorem	ascentAtZero_of_isDrazinInverse	lean/InfoGeometry/Canonical/DrazinInfiniteCore.lean	116	true	operator-algebraic bridge substrate
L2_Operator	operator	def	finiteAscentDescentAtZero_of_isDrazinInverse	lean/InfoGeometry/Canonical/DrazinInfiniteCore.lean	125	false	operator-algebraic bridge substrate
L2_Operator	operator	theorem	exists_drazinInverse_of_finiteAscentDescent	lean/InfoGeometry/Canonical/DrazinInfiniteCore.lean	138	true	operator-algebraic bridge substrate
L2_Operator	operator	theorem	exists_drazinInverse_of_finiteAscentDescent_readback	lean/InfoGeometry/Canonical/DrazinInfiniteCore.lean	148	true	operator-algebraic bridge substrate
L2_Operator	operator	theorem	exists_drazinInverse_of_fitting	lean/InfoGeometry/Canonical/DrazinInfiniteCore.lean	158	true	operator-algebraic bridge substrate
L2_Operator	operator	theorem	exists_drazinInverse_of_finiteAscentDescent_constructive	lean/InfoGeometry/Canonical/DrazinInfiniteCore.lean	337	true	operator-algebraic bridge substrate
L2_Operator	operator	def	ZeroIsolatedInSpectrum	lean/InfoGeometry/Canonical/DrazinInfiniteCore.lean	358	true	operator-algebraic bridge substrate
L2_Operator	operator	structure	HasClassicalRieszDecompositionAtZero	lean/InfoGeometry/Canonical/DrazinInfiniteCore.lean	366	false	operator-algebraic bridge substrate
L2_Operator	operator	structure	HasGeneralizedRieszDecompositionAtZero	lean/InfoGeometry/Canonical/DrazinInfiniteCore.lean	382	false	operator-algebraic bridge substrate
L2_Operator	operator	structure	ConstructiveRieszDecompositionAtZero	lean/InfoGeometry/Canonical/DrazinInfiniteCore.lean	400	false	operator-algebraic bridge substrate
L2_Operator	operator	def	constructiveDrazinCandidate	lean/InfoGeometry/Canonical/DrazinInfiniteCore.lean	414	false	operator-algebraic bridge substrate
L2_Operator	operator	theorem	constructiveDrazinCandidate_comm	lean/InfoGeometry/Canonical/DrazinInfiniteCore.lean	422	true	operator-algebraic bridge substrate
L2_Operator	operator	theorem	constructiveDrazinCandidate_inner	lean/InfoGeometry/Canonical/DrazinInfiniteCore.lean	434	true	operator-algebraic bridge substrate
L2_Operator	operator	theorem	constructiveDrazinCandidate_power	lean/InfoGeometry/Canonical/DrazinInfiniteCore.lean	449	true	operator-algebraic bridge substrate
L2_Operator	operator	theorem	exists_drazinInverse_of_constructiveRieszDecompositionAtZero	lean/InfoGeometry/Canonical/DrazinInfiniteCore.lean	467	true	operator-algebraic bridge substrate
L2_Operator	operator	def	constructiveRieszDecompositionAtZero_of_hasClassicalRieszDecompositionAtZero	lean/InfoGeometry/Canonical/DrazinInfiniteCore.lean	482	false	operator-algebraic bridge substrate
L2_Operator	operator	structure	DrazinInfiniteAssumptions	lean/InfoGeometry/Canonical/DrazinInfiniteCore.lean	529	false	operator-algebraic bridge substrate
L2_Operator	operator	theorem	isDrazinInverse_of_hasClassicalRieszDecompositionAtZero	lean/InfoGeometry/Canonical/DrazinInfiniteCore.lean	539	true	operator-algebraic bridge substrate
L2_Operator	operator	theorem	exists_drazinInverse_of_rieszDecomposition	lean/InfoGeometry/Canonical/DrazinInfiniteCore.lean	549	true	operator-algebraic bridge substrate
L2_Operator	operator	structure	RieszDrazinData	lean/InfoGeometry/Canonical/DrazinInfiniteCore.lean	568	false	operator-algebraic bridge substrate
L2_Operator	operator	theorem	isDrazinInverse_of_riesz	lean/InfoGeometry/Canonical/DrazinInfiniteCore.lean	579	true	operator-algebraic bridge substrate
L2_Operator	operator	theorem	projector_idempotent_of_riesz	lean/InfoGeometry/Canonical/DrazinInfiniteCore.lean	586	true	operator-algebraic bridge substrate
L2_Operator	operator	def	complementaryProjector	lean/InfoGeometry/Canonical/DrazinInfiniteCore.lean	594	false	operator-algebraic bridge substrate
L2_Operator	operator	theorem	complementaryProjector_idempotent_of_riesz	lean/InfoGeometry/Canonical/DrazinInfiniteCore.lean	599	true	operator-algebraic bridge substrate
L2_Operator	operator	theorem	projector_mul_complementaryProjector_of_riesz	lean/InfoGeometry/Canonical/DrazinInfiniteCore.lean	607	true	operator-algebraic bridge substrate
L2_Operator	operator	theorem	complementaryProjector_mul_projector_of_riesz	lean/InfoGeometry/Canonical/DrazinInfiniteCore.lean	616	true	operator-algebraic bridge substrate
L2_Operator	operator	theorem	nonempty_rieszDrazinData_endCLM	lean/InfoGeometry/Canonical/DrazinInfiniteCore.lean	635	true	operator-algebraic bridge substrate
L2_Operator	operator	structure	IsCartanCompatible	lean/InfoGeometry/Canonical/DrazinKreinCompatibility.lean	78	true	operator-algebraic bridge substrate
L2_Operator	operator	structure	KreinGradedDrazinCompatibility	lean/InfoGeometry/Canonical/DrazinKreinCompatibility.lean	92	false	operator-algebraic bridge substrate
L2_Operator	operator	def	isCartanCompatible_T_of_compat	lean/InfoGeometry/Canonical/DrazinKreinCompatibility.lean	109	false	operator-algebraic bridge substrate
L2_Operator	operator	def	isCartanCompatible_TD_of_compat	lean/InfoGeometry/Canonical/DrazinKreinCompatibility.lean	119	false	operator-algebraic bridge substrate
L2_Operator	operator	theorem	Preg_idempotent	lean/InfoGeometry/Canonical/DrazinKreinCompatibility.lean	135	true	operator-algebraic bridge substrate
L2_Operator	operator	theorem	Pzero_idempotent	lean/InfoGeometry/Canonical/DrazinKreinCompatibility.lean	145	true	operator-algebraic bridge substrate
L2_Operator	operator	theorem	Preg_mul_Pzero	lean/InfoGeometry/Canonical/DrazinKreinCompatibility.lean	156	true	operator-algebraic bridge substrate
L2_Operator	operator	theorem	Pzero_mul_Preg	lean/InfoGeometry/Canonical/DrazinKreinCompatibility.lean	165	true	operator-algebraic bridge substrate
L2_Operator	operator	theorem	Preg_add_Pzero	lean/InfoGeometry/Canonical/DrazinKreinCompatibility.lean	175	true	operator-algebraic bridge substrate
L2_Operator	operator	def	regularCompression	lean/InfoGeometry/Canonical/DrazinKreinCompatibility.lean	188	false	operator-algebraic bridge substrate
L2_Operator	operator	theorem	Preg_mul_regularCompression	lean/InfoGeometry/Canonical/DrazinKreinCompatibility.lean	198	true	operator-algebraic bridge substrate
L2_Operator	operator	theorem	regularCompression_mul_Preg	lean/InfoGeometry/Canonical/DrazinKreinCompatibility.lean	216	true	operator-algebraic bridge substrate
L2_Operator	operator	theorem	Pzero_mul_regularCompression_eq_zero	lean/InfoGeometry/Canonical/DrazinKreinCompatibility.lean	234	true	operator-algebraic bridge substrate
L2_Operator	operator	theorem	regularCompression_mul_Pzero_eq_zero	lean/InfoGeometry/Canonical/DrazinKreinCompatibility.lean	251	true	operator-algebraic bridge substrate
L2_Operator	operator	theorem	regularCompression_support_package	lean/InfoGeometry/Canonical/DrazinKreinCompatibility.lean	268	true	operator-algebraic bridge substrate
L2_Operator	operator	theorem	Pplus_add_Pminus	lean/InfoGeometry/Canonical/DrazinKreinCompatibility.lean	285	true	operator-algebraic bridge substrate
L2_Operator	operator	theorem	eta_comm_Preg	lean/InfoGeometry/Canonical/DrazinKreinCompatibility.lean	352	true	operator-algebraic bridge substrate
L2_Operator	operator	theorem	epsilon_comm_Preg	lean/InfoGeometry/Canonical/DrazinKreinCompatibility.lean	364	true	operator-algebraic bridge substrate
L2_Operator	operator	theorem	modularJ_comm_Preg	lean/InfoGeometry/Canonical/DrazinKreinCompatibility.lean	377	true	operator-algebraic bridge substrate
L2_Operator	operator	theorem	eta_comm_Pzero	lean/InfoGeometry/Canonical/DrazinKreinCompatibility.lean	390	true	operator-algebraic bridge substrate
L2_Operator	operator	theorem	epsilon_comm_Pzero	lean/InfoGeometry/Canonical/DrazinKreinCompatibility.lean	402	true	operator-algebraic bridge substrate
L2_Operator	operator	theorem	modularJ_comm_Pzero	lean/InfoGeometry/Canonical/DrazinKreinCompatibility.lean	415	true	operator-algebraic bridge substrate
L2_Operator	operator	theorem	doubledKreinPhaseAxis_comm_Preg_of_drazinKreinCompatibility	lean/InfoGeometry/Canonical/DrazinKreinCompatibility.lean	429	true	operator-algebraic bridge substrate
L2_Operator	operator	theorem	doubledKreinPhaseAxis_comm_Pzero_of_drazinKreinCompatibility	lean/InfoGeometry/Canonical/DrazinKreinCompatibility.lean	447	true	operator-algebraic bridge substrate
L2_Operator	operator	theorem	doubledKreinPhaseAxis_preserves_drazinCore_split	lean/InfoGeometry/Canonical/DrazinKreinCompatibility.lean	465	true	operator-algebraic bridge substrate
L2_Operator	operator	theorem	complex_i_comm_Preg_of_drazinKreinCompatibility	lean/InfoGeometry/Canonical/DrazinKreinCompatibility.lean	484	true	operator-algebraic bridge substrate
L2_Operator	operator	theorem	complex_i_comm_Pzero_of_drazinKreinCompatibility	lean/InfoGeometry/Canonical/DrazinKreinCompatibility.lean	498	true	operator-algebraic bridge substrate
L2_Operator	operator	theorem	complex_i_preserves_drazinCore_split	lean/InfoGeometry/Canonical/DrazinKreinCompatibility.lean	511	true	operator-algebraic bridge substrate
L2_Operator	operator	theorem	isCartanCompatible_Preg	lean/InfoGeometry/Canonical/DrazinKreinCompatibility.lean	526	true	operator-algebraic bridge substrate
L2_Operator	operator	theorem	isCartanCompatible_Pzero	lean/InfoGeometry/Canonical/DrazinKreinCompatibility.lean	536	true	operator-algebraic bridge substrate
L2_Operator	operator	structure	DefectSectorData	lean/InfoGeometry/Canonical/DrazinKreinCompatibility.lean	552	false	operator-algebraic bridge substrate
L2_Operator	operator	def	defectProjectionObstruction	lean/InfoGeometry/Canonical/DrazinModularSingularityBridge.lean	45	false	operator-algebraic bridge substrate
L2_Operator	operator	theorem	defectProjectionObstruction_eq_zero_iff_commute	lean/InfoGeometry/Canonical/DrazinModularSingularityBridge.lean	52	true	operator-algebraic bridge substrate
L2_Operator	operator	theorem	canonicalDefectCentral_singularity_package	lean/InfoGeometry/Canonical/DrazinModularSingularityBridge.lean	69	true	operator-algebraic bridge substrate
L2_Operator	operator	theorem	canonicalKineticPart_singularity_package	lean/InfoGeometry/Canonical/DrazinModularSingularityBridge.lean	88	true	operator-algebraic bridge substrate
L4_ModularTransport	transport	theorem	drazin_regular_functionalCalculus_seal	lean/InfoGeometry/Canonical/DrazinModularSingularityBridge.lean	103	true	modular/transport/flow substrate
L4_ModularTransport	transport	theorem	certified_operator_ratio_regularization_corridor	lean/InfoGeometry/Canonical/DrazinModularSingularityBridge.lean	151	true	modular/transport/flow substrate
L4_ModularTransport	transport	theorem	certified_operator_ratio_regularization_kills_defect_of_alignment	lean/InfoGeometry/Canonical/DrazinModularSingularityBridge.lean	189	true	modular/transport/flow substrate
L4_ModularTransport	transport	theorem	certified_operator_ratio_regularization_kills_defect_of_inertial_lane	lean/InfoGeometry/Canonical/DrazinModularSingularityBridge.lean	210	true	modular/transport/flow substrate
L2_Operator	operator	theorem	inertial_regular_lane_closure_package	lean/InfoGeometry/Canonical/DrazinModularSingularityBridge.lean	229	true	operator-algebraic bridge substrate
L2_Operator	operator	theorem	curved_regular_lane_obstructs_alignment	lean/InfoGeometry/Canonical/DrazinModularSingularityBridge.lean	250	true	operator-algebraic bridge substrate
L4_ModularTransport	transport	def	modularAdjointFlow	lean/InfoGeometry/Canonical/DrazinModularSingularityBridge.lean	258	false	modular/transport/flow substrate
L4_ModularTransport	transport	theorem	modularAdjointFlow_zero	lean/InfoGeometry/Canonical/DrazinModularSingularityBridge.lean	264	true	modular/transport/flow substrate
L4_ModularTransport	transport	theorem	modularAdjointFlow_eq_self_of_commute_flow	lean/InfoGeometry/Canonical/DrazinModularSingularityBridge.lean	276	true	modular/transport/flow substrate
L4_ModularTransport	transport	theorem	modularAdjointFlow_eq_self_of_commute_generator	lean/InfoGeometry/Canonical/DrazinModularSingularityBridge.lean	302	true	modular/transport/flow substrate
L4_ModularTransport	transport	theorem	modularAdjointFlow_eq_cl11_modularAdjointFlow_of_flow_eq	lean/InfoGeometry/Canonical/DrazinModularSingularityBridge.lean	316	true	modular/transport/flow substrate
L4_ModularTransport	transport	theorem	modularAdjointFlow_canonicalDefectCentral_eq_self_of_commute_generator	lean/InfoGeometry/Canonical/DrazinModularSingularityBridge.lean	333	true	modular/transport/flow substrate
L4_ModularTransport	transport	theorem	modularAdjointFlow_canonicalKineticPart_eq_self_of_commute_generator	lean/InfoGeometry/Canonical/DrazinModularSingularityBridge.lean	350	true	modular/transport/flow substrate
L4_ModularTransport	transport	theorem	qD_preserved_under_modularFlow_of_commute_theta	lean/InfoGeometry/Canonical/DrazinModularSingularityBridge.lean	368	true	modular/transport/flow substrate
L4_ModularTransport	transport	theorem	hD_fixed_under_modularFlow_of_commute_theta	lean/InfoGeometry/Canonical/DrazinModularSingularityBridge.lean	386	true	modular/transport/flow substrate
L4_ModularTransport	transport	structure	PhysicalAnomalyRealizationWitness	lean/InfoGeometry/Canonical/DrazinPenroseAnomalyOwner.lean	41	true	modular/transport/flow substrate
L2_Operator	operator	def	commutator	lean/InfoGeometry/Canonical/DrazinPenroseDilationKKT.lean	28	false	operator-algebraic bridge substrate
L2_Operator	operator	def	anticommutator	lean/InfoGeometry/Canonical/DrazinPenroseDilationKKT.lean	32	false	operator-algebraic bridge substrate
L4_ModularTransport	transport	abbrev	centralSupercharge	lean/InfoGeometry/Canonical/DrazinPenroseDilationKKT.lean	209	false	modular/transport/flow substrate
L4_ModularTransport	transport	theorem	centralSupercharge_transport_invariant	lean/InfoGeometry/Canonical/DrazinPenroseDilationKKT.lean	216	true	modular/transport/flow substrate
L3_Krein	krein	theorem	drazinProjection_idempotent	lean/InfoGeometry/Canonical/DrazinProjectiveCliffordBridge.lean	41	true	Krein/doubled-geometry substrate
L3_Krein	krein	theorem	drazinComplementaryProjection_idempotent	lean/InfoGeometry/Canonical/DrazinProjectiveCliffordBridge.lean	49	true	Krein/doubled-geometry substrate
L3_Krein	krein	theorem	drazinProjection_mul_complementaryProjection	lean/InfoGeometry/Canonical/DrazinProjectiveCliffordBridge.lean	58	true	Krein/doubled-geometry substrate
L3_Krein	krein	theorem	drazinComplementaryProjection_mul_projection	lean/InfoGeometry/Canonical/DrazinProjectiveCliffordBridge.lean	66	true	Krein/doubled-geometry substrate
L3_Krein	krein	theorem	drazinProjection_add_complementaryProjection	lean/InfoGeometry/Canonical/DrazinProjectiveCliffordBridge.lean	74	true	Krein/doubled-geometry substrate
L3_Krein	krein	theorem	doubledDrazinRegularProjector_idempotent	lean/InfoGeometry/Canonical/DrazinProjectiveCliffordBridge.lean	93	true	Krein/doubled-geometry substrate
L3_Krein	krein	theorem	doubledDrazinDefectProjector_idempotent	lean/InfoGeometry/Canonical/DrazinProjectiveCliffordBridge.lean	104	true	Krein/doubled-geometry substrate
L3_Krein	krein	theorem	doubledDrazinRegular_mul_defect	lean/InfoGeometry/Canonical/DrazinProjectiveCliffordBridge.lean	112	true	Krein/doubled-geometry substrate
L3_Krein	krein	theorem	doubledDrazinDefect_mul_regular	lean/InfoGeometry/Canonical/DrazinProjectiveCliffordBridge.lean	120	true	Krein/doubled-geometry substrate
L3_Krein	krein	theorem	doubledDrazinRegular_add_defect	lean/InfoGeometry/Canonical/DrazinProjectiveCliffordBridge.lean	129	true	Krein/doubled-geometry substrate
L2_Operator	operator	def	HasFiniteAscentDescentAtZero_of_zeroIsolatedInSpectrum	lean/InfoGeometry/Canonical/DrazinSpectralBridge.lean	35	false	operator-algebraic bridge substrate
L2_Operator	operator	theorem	HasFiniteAscentDescentAtZero_of_zeroIsolatedInSpectrum_eq	lean/InfoGeometry/Canonical/DrazinSpectralBridge.lean	45	true	operator-algebraic bridge substrate
L2_Operator	operator	def	DrazinInfiniteAssumptions_of_zeroIsolatedInSpectrum	lean/InfoGeometry/Canonical/DrazinSpectralBridge.lean	57	false	operator-algebraic bridge substrate
L2_Operator	operator	theorem	DrazinInfiniteAssumptions_of_zeroIsolatedInSpectrum_finite_ascent_descent	lean/InfoGeometry/Canonical/DrazinSpectralBridge.lean	73	true	operator-algebraic bridge substrate
L2_Operator	operator	theorem	DrazinInfiniteAssumptions_of_zeroIsolatedInSpectrum_zero_isolated	lean/InfoGeometry/Canonical/DrazinSpectralBridge.lean	86	true	operator-algebraic bridge substrate
L2_Operator	operator	theorem	DrazinInfiniteAssumptions_of_zeroIsolatedInSpectrum_classical	lean/InfoGeometry/Canonical/DrazinSpectralBridge.lean	99	true	operator-algebraic bridge substrate
L2_Operator	operator	theorem	DrazinInfiniteAssumptions_of_zeroIsolatedInSpectrum_generalized	lean/InfoGeometry/Canonical/DrazinSpectralBridge.lean	112	true	operator-algebraic bridge substrate
L2_Operator	operator	theorem	exists_drazinInverse_of_zeroIsolatedInSpectrum_finiteAscentDescent	lean/InfoGeometry/Canonical/DrazinSpectralBridge.lean	126	true	operator-algebraic bridge substrate
L2_Operator	operator	theorem	exists_drazinInverse_of_zeroIsolatedInSpectrum_package	lean/InfoGeometry/Canonical/DrazinSpectralBridge.lean	138	true	operator-algebraic bridge substrate
L2_Operator	operator	theorem	exists_drazinInverse_with_projector_split_of_zeroIsolatedInSpectrum_finiteAscentDescent	lean/InfoGeometry/Canonical/DrazinSpectralProjectorBridge.lean	32	true	operator-algebraic bridge substrate
L2_Operator	operator	theorem	exists_drazinInverse_with_projector_split_of_zeroIsolatedInSpectrum_package	lean/InfoGeometry/Canonical/DrazinSpectralProjectorBridge.lean	64	true	operator-algebraic bridge substrate
L2_Operator	operator	theorem	exists_drazin_projection_idempotent_of_zeroIsolatedInSpectrum_package	lean/InfoGeometry/Canonical/DrazinSpectralProjectorBridge.lean	92	true	operator-algebraic bridge substrate
L3_Krein	krein	def	commutator	lean/InfoGeometry/Canonical/DrazinSupercharge.lean	28	false	Krein/doubled-geometry substrate
L3_Krein	krein	def	anticommutator	lean/InfoGeometry/Canonical/DrazinSupercharge.lean	32	true	Krein/doubled-geometry substrate
L3_Krein	krein	def	IsScalarOperator	lean/InfoGeometry/Canonical/DrazinSupercharge.lean	40	true	Krein/doubled-geometry substrate
L3_Krein	krein	def	commutatorK	lean/InfoGeometry/Canonical/DrazinSupercharge.lean	45	true	Krein/doubled-geometry substrate
L3_Krein	krein	def	anticommutatorK	lean/InfoGeometry/Canonical/DrazinSupercharge.lean	49	true	Krein/doubled-geometry substrate
L3_Krein	krein	def	IsScalarOperatorK	lean/InfoGeometry/Canonical/DrazinSupercharge.lean	53	true	Krein/doubled-geometry substrate
L3_Krein	krein	def	supercharge	lean/InfoGeometry/Canonical/DrazinSupercharge.lean	64	false	Krein/doubled-geometry substrate
L3_Krein	krein	def	superchargeK	lean/InfoGeometry/Canonical/DrazinSupercharge.lean	69	false	Krein/doubled-geometry substrate
L3_Krein	krein	def	geometricMismatch	lean/InfoGeometry/Canonical/DrazinSupercharge.lean	97	false	Krein/doubled-geometry substrate
L3_Krein	krein	theorem	supercharge_eq_two_smul_commutatorK_spectralProjector_dilationGap	lean/InfoGeometry/Canonical/DrazinSupercharge.lean	167	true	Krein/doubled-geometry substrate
L3_Krein	krein	theorem	supercharge_is_oddK	lean/InfoGeometry/Canonical/DrazinSupercharge.lean	205	true	Krein/doubled-geometry substrate
L3_Krein	krein	def	superHamiltonian	lean/InfoGeometry/Canonical/DrazinSupercharge.lean	229	false	Krein/doubled-geometry substrate
L3_Krein	krein	def	superHamiltonianK	lean/InfoGeometry/Canonical/DrazinSupercharge.lean	234	false	Krein/doubled-geometry substrate
L3_Krein	krein	def	regularRestrictedSuperHamiltonian	lean/InfoGeometry/Canonical/DrazinSupercharge.lean	244	false	Krein/doubled-geometry substrate
L3_Krein	krein	def	regularRestrictedSuperHamiltonianK	lean/InfoGeometry/Canonical/DrazinSupercharge.lean	249	false	Krein/doubled-geometry substrate
L3_Krein	krein	theorem	spectralProjector_mul_regularRestrictedSuperHamiltonian	lean/InfoGeometry/Canonical/DrazinSupercharge.lean	257	true	Krein/doubled-geometry substrate
L3_Krein	krein	theorem	regularRestrictedSuperHamiltonian_mul_spectralProjector	lean/InfoGeometry/Canonical/DrazinSupercharge.lean	276	true	Krein/doubled-geometry substrate
L3_Krein	krein	theorem	spectralComplementaryProjector_mul_regularRestrictedSuperHamiltonian_eq_zero	lean/InfoGeometry/Canonical/DrazinSupercharge.lean	295	true	Krein/doubled-geometry substrate
L3_Krein	krein	theorem	regularRestrictedSuperHamiltonian_mul_spectralComplementaryProjector_eq_zero	lean/InfoGeometry/Canonical/DrazinSupercharge.lean	312	true	Krein/doubled-geometry substrate
L3_Krein	krein	theorem	defectCompression_regularRestrictedSuperHamiltonian_eq_zero	lean/InfoGeometry/Canonical/DrazinSupercharge.lean	329	true	Krein/doubled-geometry substrate
L3_Krein	krein	structure	ChiralSupertraceReadout	lean/InfoGeometry/Canonical/DrazinSupercharge.lean	360	false	Krein/doubled-geometry substrate
L3_Krein	krein	def	chiralSupertrace	lean/InfoGeometry/Canonical/DrazinSupercharge.lean	368	false	Krein/doubled-geometry substrate
L3_Krein	krein	theorem	chiralSupertrace_supercharge_eq_zero	lean/InfoGeometry/Canonical/DrazinSupercharge.lean	379	true	Krein/doubled-geometry substrate
L3_Krein	krein	theorem	regularRestrictedSuperHamiltonian_commutes_GammaS	lean/InfoGeometry/Canonical/DrazinSupercharge.lean	438	true	Krein/doubled-geometry substrate
L3_Krein	krein	theorem	regularRestrictedSuperHamiltonian_isSpectralCompact	lean/InfoGeometry/Canonical/DrazinSupercharge.lean	471	true	Krein/doubled-geometry substrate
L3_Krein	krein	theorem	regularRestrictedSuperHamiltonian_fixed_under_spectralGradingFlow	lean/InfoGeometry/Canonical/DrazinSupercharge.lean	485	true	Krein/doubled-geometry substrate
L3_Krein	krein	theorem	spectralComplementaryProjector_mul_regularRestrictedSuperHamiltonianFlow_eq_zero	lean/InfoGeometry/Canonical/DrazinSupercharge.lean	501	true	Krein/doubled-geometry substrate
L3_Krein	krein	theorem	regularRestrictedSuperHamiltonianFlow_mul_spectralComplementaryProjector_eq_zero	lean/InfoGeometry/Canonical/DrazinSupercharge.lean	519	true	Krein/doubled-geometry substrate
L2_Operator	operator	theorem	regularRestrictedSuperHamiltonian_support_flow_package	lean/InfoGeometry/Canonical/DrazinSupercharge.lean	540	true	operator-algebraic bridge substrate
L3_Krein	krein	theorem	superHamiltonianK_isSpectralCompact	lean/InfoGeometry/Canonical/DrazinSupercharge.lean	604	true	Krein/doubled-geometry substrate
L3_Krein	krein	theorem	superHamiltonianK_fixed_under_spectralGradingFlow	lean/InfoGeometry/Canonical/DrazinSupercharge.lean	611	true	Krein/doubled-geometry substrate
L3_Krein	krein	def	IsDefectSupported	lean/InfoGeometry/Canonical/DrazinSupercharge.lean	638	true	Krein/doubled-geometry substrate
L3_Krein	krein	def	IsDefectSupportedK	lean/InfoGeometry/Canonical/DrazinSupercharge.lean	643	true	Krein/doubled-geometry substrate
L3_Krein	krein	def	HasVanishingDefectBlock	lean/InfoGeometry/Canonical/DrazinSupercharge.lean	652	true	Krein/doubled-geometry substrate
L3_Krein	krein	def	HasVanishingDefectBlockK	lean/InfoGeometry/Canonical/DrazinSupercharge.lean	657	true	Krein/doubled-geometry substrate
L3_Krein	krein	def	IsDrazinSpectralCentral	lean/InfoGeometry/Canonical/DrazinSupercharge.lean	667	true	Krein/doubled-geometry substrate
L3_Krein	krein	def	IsDrazinSpectralCentralK	lean/InfoGeometry/Canonical/DrazinSupercharge.lean	673	true	Krein/doubled-geometry substrate
L3_Krein	krein	def	IsDrazinLaneCentral	lean/InfoGeometry/Canonical/DrazinSupercharge.lean	684	true	Krein/doubled-geometry substrate
L3_Krein	krein	def	IsDrazinLaneCentralK	lean/InfoGeometry/Canonical/DrazinSupercharge.lean	690	true	Krein/doubled-geometry substrate
L3_Krein	krein	def	canonicalDefectCentral	lean/InfoGeometry/Canonical/DrazinSupercharge.lean	700	false	Krein/doubled-geometry substrate
L3_Krein	krein	def	canonicalKineticPart	lean/InfoGeometry/Canonical/DrazinSupercharge.lean	707	false	Krein/doubled-geometry substrate
L3_Krein	krein	def	canonicalDefectCentralK	lean/InfoGeometry/Canonical/DrazinSupercharge.lean	712	false	Krein/doubled-geometry substrate
L3_Krein	krein	def	canonicalKineticPartK	lean/InfoGeometry/Canonical/DrazinSupercharge.lean	716	false	Krein/doubled-geometry substrate
L3_Krein	krein	theorem	canonicalDefectCentral_isDefectSupported	lean/InfoGeometry/Canonical/DrazinSupercharge.lean	720	true	Krein/doubled-geometry substrate
L3_Krein	krein	theorem	canonicalDefectCentralK_isDefectSupportedK	lean/InfoGeometry/Canonical/DrazinSupercharge.lean	738	true	Krein/doubled-geometry substrate
L3_Krein	krein	theorem	spectralComplementaryProjector_not_scalar_of_nontrivial	lean/InfoGeometry/Canonical/DrazinSupercharge.lean	748	true	Krein/doubled-geometry substrate
L3_Krein	krein	theorem	spectralComplementaryProjector_not_scalar_of_nontrivialK	lean/InfoGeometry/Canonical/DrazinSupercharge.lean	789	true	Krein/doubled-geometry substrate
L3_Krein	krein	theorem	canonicalKineticPart_hasVanishingDefectBlock	lean/InfoGeometry/Canonical/DrazinSupercharge.lean	799	true	Krein/doubled-geometry substrate
L3_Krein	krein	theorem	canonicalKineticPartK_hasVanishingDefectBlockK	lean/InfoGeometry/Canonical/DrazinSupercharge.lean	825	true	Krein/doubled-geometry substrate
L3_Krein	krein	theorem	spectralComplementaryProjector_mul_eq_of_isDefectSupported	lean/InfoGeometry/Canonical/DrazinSupercharge.lean	834	true	Krein/doubled-geometry substrate
L3_Krein	krein	theorem	mul_spectralComplementaryProjector_eq_of_isDefectSupported	lean/InfoGeometry/Canonical/DrazinSupercharge.lean	857	true	Krein/doubled-geometry substrate
L3_Krein	krein	theorem	spectralProjector_mul_eq_zero_of_isDefectSupported	lean/InfoGeometry/Canonical/DrazinSupercharge.lean	880	true	Krein/doubled-geometry substrate
L3_Krein	krein	theorem	mul_spectralProjector_eq_zero_of_isDefectSupported	lean/InfoGeometry/Canonical/DrazinSupercharge.lean	900	true	Krein/doubled-geometry substrate
L3_Krein	krein	theorem	isDrazinSpectralCentral_of_isDefectSupported	lean/InfoGeometry/Canonical/DrazinSupercharge.lean	920	true	Krein/doubled-geometry substrate
L3_Krein	krein	theorem	commute_GammaS_of_isDrazinSpectralCentral	lean/InfoGeometry/Canonical/DrazinSupercharge.lean	950	true	Krein/doubled-geometry substrate
L3_Krein	krein	theorem	canonicalDefectCentral_isDrazinSpectralCentral	lean/InfoGeometry/Canonical/DrazinSupercharge.lean	973	true	Krein/doubled-geometry substrate
L3_Krein	krein	theorem	canonicalDefectCentral_isDrazinLaneCentral	lean/InfoGeometry/Canonical/DrazinSupercharge.lean	980	true	Krein/doubled-geometry substrate
L3_Krein	krein	theorem	canonicalDefectCentralK_isDrazinSpectralCentralK	lean/InfoGeometry/Canonical/DrazinSupercharge.lean	988	true	Krein/doubled-geometry substrate
L3_Krein	krein	theorem	canonicalDefectCentralK_isDrazinLaneCentralK	lean/InfoGeometry/Canonical/DrazinSupercharge.lean	995	true	Krein/doubled-geometry substrate
L3_Krein	krein	theorem	isDefectSupportedK_smul_spectralComplementaryProjector	lean/InfoGeometry/Canonical/DrazinSupercharge.lean	1002	true	Krein/doubled-geometry substrate
L3_Krein	krein	theorem	isDrazinSpectralCentralK_of_isDefectSupportedK	lean/InfoGeometry/Canonical/DrazinSupercharge.lean	1009	true	Krein/doubled-geometry substrate
L3_Krein	krein	theorem	commute_GammaS_of_isDrazinSpectralCentralK	lean/InfoGeometry/Canonical/DrazinSupercharge.lean	1017	true	Krein/doubled-geometry substrate
L3_Krein	krein	theorem	superHamiltonian_eq_canonicalKinetic_plus_canonicalDefectCentral	lean/InfoGeometry/Canonical/DrazinSupercharge.lean	1028	true	Krein/doubled-geometry substrate
L3_Krein	krein	theorem	superHamiltonianK_eq_canonicalKineticPartK_plus_canonicalDefectCentralK	lean/InfoGeometry/Canonical/DrazinSupercharge.lean	1036	true	Krein/doubled-geometry substrate
L3_Krein	krein	theorem	exists_superHamiltonian_canonical_split	lean/InfoGeometry/Canonical/DrazinSupercharge.lean	1046	true	Krein/doubled-geometry substrate
L3_Krein	krein	theorem	exists_superHamiltonian_canonical_splitK	lean/InfoGeometry/Canonical/DrazinSupercharge.lean	1058	true	Krein/doubled-geometry substrate
L3_Krein	krein	theorem	exists_superHamiltonian_canonical_split_with_spectral_centrality	lean/InfoGeometry/Canonical/DrazinSupercharge.lean	1071	true	Krein/doubled-geometry substrate
L3_Krein	krein	theorem	exists_superHamiltonian_canonical_split_with_spectral_centralityK	lean/InfoGeometry/Canonical/DrazinSupercharge.lean	1085	true	Krein/doubled-geometry substrate
L3_Krein	krein	theorem	exists_superHamiltonian_canonical_split_with_drazin_lane_centrality	lean/InfoGeometry/Canonical/DrazinSupercharge.lean	1099	true	Krein/doubled-geometry substrate
L3_Krein	krein	theorem	exists_superHamiltonian_canonical_split_with_drazin_lane_centralityK	lean/InfoGeometry/Canonical/DrazinSupercharge.lean	1115	true	Krein/doubled-geometry substrate
L3_Krein	krein	theorem	defectCentral_eq_of_split	lean/InfoGeometry/Canonical/DrazinSupercharge.lean	1131	true	Krein/doubled-geometry substrate
L3_Krein	krein	theorem	canonicalKineticPart_eq_of_split	lean/InfoGeometry/Canonical/DrazinSupercharge.lean	1171	true	Krein/doubled-geometry substrate
L3_Krein	krein	theorem	canonical_split_unique	lean/InfoGeometry/Canonical/DrazinSupercharge.lean	1188	true	Krein/doubled-geometry substrate
L4_ModularTransport	transport	def	operatorialCentralDefectShadow	lean/InfoGeometry/Canonical/DrazinSupercharge.lean	1255	false	modular/transport/flow substrate
L4_ModularTransport	transport	theorem	operatorialCentralDefectShadow_not_scalar_of_nonzero_charge_of_nontrivial_defect_projector	lean/InfoGeometry/Canonical/DrazinSupercharge.lean	1270	true	modular/transport/flow substrate
L4_ModularTransport	transport	theorem	operatorialCentralDefectShadow_isDefectSupported	lean/InfoGeometry/Canonical/DrazinSupercharge.lean	1326	true	modular/transport/flow substrate
L4_ModularTransport	transport	theorem	operatorialCentralDefectShadow_isDrazinSpectralCentral	lean/InfoGeometry/Canonical/DrazinSupercharge.lean	1341	true	modular/transport/flow substrate
L4_ModularTransport	transport	theorem	operatorialCentralDefectShadow_isDrazinLaneCentral	lean/InfoGeometry/Canonical/DrazinSupercharge.lean	1357	true	modular/transport/flow substrate
L4_ModularTransport	transport	theorem	operatorialCentralDefectShadow_eq_transport_slice	lean/InfoGeometry/Canonical/DrazinSupercharge.lean	1376	true	modular/transport/flow substrate
L4_ModularTransport	transport	def	intrinsicCentralIndexResidual	lean/InfoGeometry/Canonical/DrazinSupercharge.lean	1408	false	modular/transport/flow substrate
L4_ModularTransport	transport	theorem	intrinsicCentralIndexResidual_vanishes_of_channelEq	lean/InfoGeometry/Canonical/DrazinSupercharge.lean	1417	true	modular/transport/flow substrate
L4_ModularTransport	transport	theorem	intrinsicCentralIndexResidual_isDefectSupported	lean/InfoGeometry/Canonical/DrazinSupercharge.lean	1433	true	modular/transport/flow substrate
L4_ModularTransport	transport	theorem	intrinsicCentralIndexResidual_isDrazinLaneCentral	lean/InfoGeometry/Canonical/DrazinSupercharge.lean	1489	true	modular/transport/flow substrate
L4_ModularTransport	transport	theorem	canonical_split_with_intrinsic_nonScalar_and_index_shadow	lean/InfoGeometry/Canonical/DrazinSupercharge.lean	1518	true	modular/transport/flow substrate
L4_ModularTransport	transport	theorem	central_supercharge_theorem	lean/InfoGeometry/Canonical/DrazinSupercharge.lean	1581	true	modular/transport/flow substrate
L4_ModularTransport	transport	theorem	central_supercharge_theorem_with_drazin_evenness	lean/InfoGeometry/Canonical/DrazinSupercharge.lean	1608	true	modular/transport/flow substrate
L2_Operator	operator	abbrev	mpLeftProj	lean/InfoGeometry/Canonical/EPDefectAlgebra.lean	29	false	operator-algebraic bridge substrate
L2_Operator	operator	abbrev	mpRightProj	lean/InfoGeometry/Canonical/EPDefectAlgebra.lean	34	false	operator-algebraic bridge substrate
L2_Operator	operator	def	mpChiralGap	lean/InfoGeometry/Canonical/EPDefectAlgebra.lean	39	false	operator-algebraic bridge substrate
L2_Operator	operator	def	mpInverseCommutator	lean/InfoGeometry/Canonical/EPDefectAlgebra.lean	44	false	operator-algebraic bridge substrate
L4_ModularTransport	transport	structure	TransportedMismatchPrerequisite	lean/InfoGeometry/Canonical/EntanglementResidualOwner.lean	24	false	modular/transport/flow substrate
L4_ModularTransport	transport	structure	AgreementAfterTransportWitness	lean/InfoGeometry/Canonical/EntanglementResidualOwner.lean	37	true	modular/transport/flow substrate
L4_ModularTransport	transport	structure	PositiveCompressionWitness	lean/InfoGeometry/Canonical/EntanglementResidualOwner.lean	45	true	modular/transport/flow substrate
L4_ModularTransport	transport	structure	DrazinNullSector	lean/InfoGeometry/Canonical/EntanglementResidualOwner.lean	56	true	modular/transport/flow substrate
L4_ModularTransport	transport	structure	BipartiteStateData	lean/InfoGeometry/Canonical/EntanglementResidualOwner.lean	66	true	modular/transport/flow substrate
L4_ModularTransport	transport	structure	ResidualCovariance	lean/InfoGeometry/Canonical/EntanglementResidualOwner.lean	79	false	modular/transport/flow substrate
L4_ModularTransport	transport	structure	DrazinNullCovariance	lean/InfoGeometry/Canonical/EntanglementResidualOwner.lean	111	false	modular/transport/flow substrate
L4_ModularTransport	transport	structure	EntropyWitness	lean/InfoGeometry/Canonical/EntanglementResidualOwner.lean	131	true	modular/transport/flow substrate
L4_ModularTransport	transport	structure	NegativityWitness	lean/InfoGeometry/Canonical/EntanglementResidualOwner.lean	137	true	modular/transport/flow substrate
L4_ModularTransport	transport	structure	GaussianBosonicWitness	lean/InfoGeometry/Canonical/EntanglementResidualOwner.lean	143	true	modular/transport/flow substrate
L4_ModularTransport	transport	structure	GaussianFermionicWitness	lean/InfoGeometry/Canonical/EntanglementResidualOwner.lean	150	true	modular/transport/flow substrate
L4_ModularTransport	transport	structure	EntanglementWitness	lean/InfoGeometry/Canonical/EntanglementResidualOwner.lean	157	true	modular/transport/flow substrate
L4_ModularTransport	transport	structure	EntanglementCriterionWitness	lean/InfoGeometry/Canonical/EntanglementResidualOwner.lean	167	true	modular/transport/flow substrate
L4_ModularTransport	transport	structure	ResidualCorrelationThroughMismatch	lean/InfoGeometry/Canonical/EntanglementResidualOwner.lean	182	false	modular/transport/flow substrate
L4_ModularTransport	transport	structure	GaussianCovarianceOwner	lean/InfoGeometry/Canonical/EntanglementResidualOwner.lean	200	true	modular/transport/flow substrate
L4_ModularTransport	transport	structure	LightconeReadoutBoundary	lean/InfoGeometry/Canonical/EntanglementResidualOwner.lean	218	true	modular/transport/flow substrate
L2_Operator	operator	structure	FierzChannelReadout	lean/InfoGeometry/Canonical/FierzReadout.lean	29	false	operator-algebraic bridge substrate
L2_Operator	operator	def	IsMajoranaShadow	lean/InfoGeometry/Canonical/FierzReadout.lean	42	true	operator-algebraic bridge substrate
L2_Operator	operator	theorem	fierz_majorana	lean/InfoGeometry/Canonical/FierzReadout.lean	47	true	operator-algebraic bridge substrate
L2_Operator	operator	structure	FierzPresentation	lean/InfoGeometry/Canonical/FierzReadout.lean	66	false	operator-algebraic bridge substrate
L2_Operator	operator	def	toFierzPresentationWith	lean/InfoGeometry/Canonical/FierzReadout.lean	78	false	operator-algebraic bridge substrate
L2_Operator	operator	def	ofFierzPresentation	lean/InfoGeometry/Canonical/FierzReadout.lean	90	false	operator-algebraic bridge substrate
L2_Operator	operator	theorem	of_toFierzPresentationWith	lean/InfoGeometry/Canonical/FierzReadout.lean	104	true	operator-algebraic bridge substrate
L2_Operator	operator	theorem	toFierzPresentationWith_ofFierzPresentation	lean/InfoGeometry/Canonical/FierzReadout.lean	115	true	operator-algebraic bridge substrate
L2_Operator	operator	def	toQuantumPresentationWith	lean/InfoGeometry/Canonical/FierzReadout.lean	130	false	operator-algebraic bridge substrate
L2_Operator	operator	def	defaultSupport	lean/InfoGeometry/Canonical/FierzReadout.lean	148	false	operator-algebraic bridge substrate
L2_Operator	operator	def	defaultGenerator	lean/InfoGeometry/Canonical/FierzReadout.lean	155	false	operator-algebraic bridge substrate
L2_Operator	operator	def	toQuantumPresentation	lean/InfoGeometry/Canonical/FierzReadout.lean	163	false	operator-algebraic bridge substrate
L2_Operator	operator	def	toFierzPresentation	lean/InfoGeometry/Canonical/FierzReadout.lean	168	false	operator-algebraic bridge substrate
L2_Operator	operator	theorem	of_toFierzPresentation	lean/InfoGeometry/Canonical/FierzReadout.lean	172	true	operator-algebraic bridge substrate
L2_Operator	operator	theorem	defaultGenerator_preserves_defaultSupport	lean/InfoGeometry/Canonical/FierzReadout.lean	179	true	operator-algebraic bridge substrate
L2_Operator	operator	theorem	toQuantumPresentation_metricReadout	lean/InfoGeometry/Canonical/FierzReadout.lean	186	true	operator-algebraic bridge substrate
L2_Operator	operator	theorem	toQuantumPresentation_phaseReadout	lean/InfoGeometry/Canonical/FierzReadout.lean	192	true	operator-algebraic bridge substrate
L2_Operator	operator	theorem	toQuantumPresentationWith_metricReadout	lean/InfoGeometry/Canonical/FierzReadout.lean	201	true	operator-algebraic bridge substrate
L2_Operator	operator	theorem	toQuantumPresentationWith_phaseReadout	lean/InfoGeometry/Canonical/FierzReadout.lean	213	true	operator-algebraic bridge substrate
L2_Operator	operator	def	doubledFierzReadout	lean/InfoGeometry/Canonical/FierzReadout.lean	233	false	operator-algebraic bridge substrate
L2_Operator	operator	theorem	doubledFierzReadout_defaultSupport	lean/InfoGeometry/Canonical/FierzReadout.lean	242	true	operator-algebraic bridge substrate
L2_Operator	operator	theorem	doubledFierzReadout_area_nonneg	lean/InfoGeometry/Canonical/FierzReadout.lean	248	true	operator-algebraic bridge substrate
L2_Operator	operator	theorem	doubledFierzReadout_isMajoranaShadow_iff	lean/InfoGeometry/Canonical/FierzReadout.lean	254	true	operator-algebraic bridge substrate
L2_Operator	operator	def	taggedDoubledFierzPresentation	lean/InfoGeometry/Canonical/FierzReadout.lean	262	false	operator-algebraic bridge substrate
L2_Operator	operator	theorem	doubledFierz_majorana	lean/InfoGeometry/Canonical/FierzReadout.lean	267	true	operator-algebraic bridge substrate
L2_Operator	operator	theorem	doubledFierz_majorana_owner	lean/InfoGeometry/Canonical/FierzReadout.lean	278	true	operator-algebraic bridge substrate
L4_ModularTransport	transport	structure	FierzStressProjectionContext	lean/InfoGeometry/Canonical/FierzStressProjectionBridge.lean	46	false	modular/transport/flow substrate
L4_ModularTransport	transport	def	projectedStressReadout	lean/InfoGeometry/Canonical/FierzStressProjectionBridge.lean	71	false	modular/transport/flow substrate
L4_ModularTransport	transport	def	projectedState	lean/InfoGeometry/Canonical/FierzStressProjectionBridge.lean	76	false	modular/transport/flow substrate
L4_ModularTransport	transport	theorem	projectedStressReadout_projected	lean/InfoGeometry/Canonical/FierzStressProjectionBridge.lean	81	true	modular/transport/flow substrate
L4_ModularTransport	transport	theorem	projectedStressReadout_eq_fierzHilbert	lean/InfoGeometry/Canonical/FierzStressProjectionBridge.lean	88	true	modular/transport/flow substrate
L4_ModularTransport	transport	theorem	operatorInformationHessian_projectedStress_eq_fierzHilbert	lean/InfoGeometry/Canonical/FierzStressProjectionBridge.lean	100	true	modular/transport/flow substrate
L4_ModularTransport	transport	theorem	doubleTransportCommutator_projectedStress_eq_fierzHilbert	lean/InfoGeometry/Canonical/FierzStressProjectionBridge.lean	113	true	modular/transport/flow substrate
L4_ModularTransport	transport	theorem	operatorInformationHessian_projectedStress_fierz_identity	lean/InfoGeometry/Canonical/FierzStressProjectionBridge.lean	131	true	modular/transport/flow substrate
L4_ModularTransport	transport	theorem	operatorInformationHessian_projectedStress_majorana_identity	lean/InfoGeometry/Canonical/FierzStressProjectionBridge.lean	153	true	modular/transport/flow substrate
L2_Operator	operator	theorem	finiteDiagonalShadowExcluded	lean/InfoGeometry/Canonical/FiniteDiagonalSpectrumDischarge.lean	10	true	operator-algebraic bridge substrate
L2_Operator	operator	theorem	finiteDiagonalShadowExcluded_of_isStrictlyPositive	lean/InfoGeometry/Canonical/FiniteDiagonalSpectrumDischarge.lean	17	true	operator-algebraic bridge substrate
L1_Projective	projective	def	classicalDensityRatio	lean/InfoGeometry/Canonical/FirstQuantizationProbability.lean	36	false	projection/support/compression substrate
L1_Projective	projective	def	classicalSurprisal	lean/InfoGeometry/Canonical/FirstQuantizationProbability.lean	42	false	projection/support/compression substrate
L2_Operator	operator	def	quantizedDensityRatioOperator	lean/InfoGeometry/Canonical/FirstQuantizationProbability.lean	48	false	operator-algebraic bridge substrate
L2_Operator	operator	theorem	quantizedDensityRatioOperator_eq_relativeModularOperator	lean/InfoGeometry/Canonical/FirstQuantizationProbability.lean	54	true	operator-algebraic bridge substrate
L1_Projective	projective	theorem	classicalSurprisal_eq_relativeModularPotential	lean/InfoGeometry/Canonical/FirstQuantizationProbability.lean	69	true	projection/support/compression substrate
L2_Operator	operator	def	quantizedSurprisalOperator	lean/InfoGeometry/Canonical/FirstQuantizationProbability.lean	80	false	operator-algebraic bridge substrate
L2_Operator	operator	theorem	quantizedSurprisalOperator_eq_relativeModularPotentialOperator	lean/InfoGeometry/Canonical/FirstQuantizationProbability.lean	86	true	operator-algebraic bridge substrate
L2_Operator	operator	theorem	relativeModularHamiltonianOperator_eq_quantizedSurprisalOperator	lean/InfoGeometry/Canonical/FirstQuantizationProbability.lean	105	true	operator-algebraic bridge substrate
L1_Projective	projective	def	classicalExpectation	lean/InfoGeometry/Canonical/FirstQuantizationProbability.lean	132	false	projection/support/compression substrate
L2_Operator	operator	theorem	classicalExpectation_eq_diagonalExpectation_firstQuantize	lean/InfoGeometry/Canonical/FirstQuantizationProbability.lean	138	true	operator-algebraic bridge substrate
L3_Krein	krein	abbrev	vacuumExpectation	lean/InfoGeometry/Canonical/FirstQuantizationProbability.lean	157	false	Krein/doubled-geometry substrate
L3_Krein	krein	theorem	vacuumExpectation_eq_inner	lean/InfoGeometry/Canonical/FirstQuantizationProbability.lean	162	true	Krein/doubled-geometry substrate
L5_ThermodynamicClosure	thermo	theorem	firstQuantization_dictionary	lean/InfoGeometry/Canonical/FirstQuantizationProbability.lean	182	true	thermodynamic/free-energy/closure substrate
L5_ThermodynamicClosure	thermo	structure	FinitePrimeSet	lean/InfoGeometry/Canonical/FormalPrimeRootSystem.lean	22	false	thermodynamic/free-energy/closure substrate
L5_ThermodynamicClosure	thermo	structure	FormalPrimeRootLattice	lean/InfoGeometry/Canonical/FormalPrimeRootSystem.lean	28	false	thermodynamic/free-energy/closure substrate
L5_ThermodynamicClosure	thermo	structure	BooleanWeylGroup	lean/InfoGeometry/Canonical/FormalPrimeRootSystem.lean	40	false	thermodynamic/free-energy/closure substrate
L5_ThermodynamicClosure	thermo	structure	PrimeA1RootSystem	lean/InfoGeometry/Canonical/FormalPrimeRootSystem.lean	46	false	thermodynamic/free-energy/closure substrate
L5_ThermodynamicClosure	thermo	def	rho_P	lean/InfoGeometry/Canonical/FormalPrimeRootSystem.lean	51	false	thermodynamic/free-energy/closure substrate
L5_ThermodynamicClosure	thermo	def	weylSign	lean/InfoGeometry/Canonical/FormalPrimeRootSystem.lean	56	false	thermodynamic/free-energy/closure substrate
L5_ThermodynamicClosure	thermo	def	rootThermalVariable	lean/InfoGeometry/Canonical/FormalPrimeRootSystem.lean	61	false	thermodynamic/free-energy/closure substrate
L5_ThermodynamicClosure	thermo	def	weylDenominatorProduct	lean/InfoGeometry/Canonical/FormalPrimeRootSystem.lean	66	false	thermodynamic/free-energy/closure substrate
L5_ThermodynamicClosure	thermo	def	weylAlternatingSum	lean/InfoGeometry/Canonical/FormalPrimeRootSystem.lean	71	false	thermodynamic/free-energy/closure substrate
L5_ThermodynamicClosure	thermo	theorem	finite_prime_weyl_denominator	lean/InfoGeometry/Canonical/FormalPrimeRootSystem.lean	81	true	thermodynamic/free-energy/closure substrate
L5_ThermodynamicClosure	thermo	theorem	finite_denominator_identity	lean/InfoGeometry/Canonical/FormalPrimeRootSystem.lean	89	true	thermodynamic/free-energy/closure substrate
L3_Krein	krein	def	GeneralizedMetricSeed.plusProjector	lean/InfoGeometry/Canonical/GeneralizedMetricCore.lean	54	false	Krein/doubled-geometry substrate
L3_Krein	krein	def	GeneralizedMetricSeed.minusProjector	lean/InfoGeometry/Canonical/GeneralizedMetricCore.lean	59	false	Krein/doubled-geometry substrate
L3_Krein	krein	def	tomitaGeneralizedMetricSeed	lean/InfoGeometry/Canonical/GeneralizedMetricCore.lean	416	false	Krein/doubled-geometry substrate
L3_Krein	krein	def	PolarizedRelativeModularPair.toGeneralizedMetricWitness	lean/InfoGeometry/Canonical/GeneralizedMetricPolarizedBridge.lean	53	false	Krein/doubled-geometry substrate
L3_Krein	krein	def	PolarizedRecompositionData.toGeneralizedMetricWitness	lean/InfoGeometry/Canonical/GeneralizedMetricRecompositionBridge.lean	44	false	Krein/doubled-geometry substrate
L3_Krein	krein	def	PolarizedRecompositionData.plusMetricTransportLift	lean/InfoGeometry/Canonical/GeneralizedMetricRecompositionBridge.lean	51	false	Krein/doubled-geometry substrate
L3_Krein	krein	def	PolarizedRecompositionData.minusMetricTransportLift	lean/InfoGeometry/Canonical/GeneralizedMetricRecompositionBridge.lean	57	false	Krein/doubled-geometry substrate
L1_Projective	projective	def	PolarizedRecompositionData.generalizedMetricTwistShadow	lean/InfoGeometry/Canonical/GeneralizedMetricRecompositionBridge.lean	135	false	projection/support/compression substrate
L1_Projective	projective	def	PolarizedRecompositionData.generalizedMetricPotentialShadow	lean/InfoGeometry/Canonical/GeneralizedMetricRecompositionBridge.lean	141	false	projection/support/compression substrate
L4_ModularTransport	transport	theorem	activeApex_decomposition_of_commute	lean/InfoGeometry/Canonical/GlobalChiralDecomposition.lean	33	true	modular/transport/flow substrate
L4_ModularTransport	transport	theorem	activeApex_decomposition_projector_form_of_commute	lean/InfoGeometry/Canonical/GlobalChiralDecomposition.lean	52	true	modular/transport/flow substrate
L4_ModularTransport	transport	theorem	global_active_apex_decomposition	lean/InfoGeometry/Canonical/GlobalChiralDecomposition.lean	70	true	modular/transport/flow substrate
L3_Krein	krein	theorem	chiralRangeDomain_decomposition	lean/InfoGeometry/Canonical/GlobalChiralDecomposition.lean	87	true	Krein/doubled-geometry substrate
L3_Krein	krein	theorem	chiral_range_domain_decomposition	lean/InfoGeometry/Canonical/GlobalChiralDecomposition.lean	97	true	Krein/doubled-geometry substrate
L3_Krein	krein	theorem	chiralHalfGap_decomposition	lean/InfoGeometry/Canonical/GlobalChiralDecomposition.lean	107	true	Krein/doubled-geometry substrate
L3_Krein	krein	theorem	chiralKKT_commutator_halfGap_closure	lean/InfoGeometry/Canonical/GlobalChiralDecomposition.lean	118	true	Krein/doubled-geometry substrate
L3_Krein	krein	theorem	chiralKKT_commutator_geometric_closure	lean/InfoGeometry/Canonical/GlobalChiralDecomposition.lean	129	true	Krein/doubled-geometry substrate
L3_Krein	krein	theorem	singular_polar_surrogate_closure	lean/InfoGeometry/Canonical/GlobalChiralDecomposition.lean	141	true	Krein/doubled-geometry substrate
L4_ModularTransport	transport	theorem	supergraded_supercharge_closure	lean/InfoGeometry/Canonical/GlobalChiralDecomposition.lean	153	true	modular/transport/flow substrate
L4_ModularTransport	transport	theorem	singularPolarKAN_replacement_of_commute	lean/InfoGeometry/Canonical/GlobalChiralDecomposition.lean	169	true	modular/transport/flow substrate
L5_ThermodynamicClosure	thermo	def	fockNumberGauge	lean/InfoGeometry/Canonical/GrandCanonicalFockNumberBridge.lean	27	false	thermodynamic/free-energy/closure substrate
L5_ThermodynamicClosure	thermo	theorem	fockNumberGauge_zero	lean/InfoGeometry/Canonical/GrandCanonicalFockNumberBridge.lean	41	true	thermodynamic/free-energy/closure substrate
L5_ThermodynamicClosure	thermo	theorem	fockNumberGauge_add	lean/InfoGeometry/Canonical/GrandCanonicalFockNumberBridge.lean	50	true	thermodynamic/free-energy/closure substrate
L5_ThermodynamicClosure	thermo	theorem	grandCanonicalFockGenerator_eq_hamiltonian_sub_fockNumberGauge	lean/InfoGeometry/Canonical/GrandCanonicalFockNumberBridge.lean	64	true	thermodynamic/free-energy/closure substrate
L5_ThermodynamicClosure	thermo	theorem	fockNumberGauge_is_mu_times_numberOperator	lean/InfoGeometry/Canonical/GrandCanonicalFockNumberBridge.lean	75	true	thermodynamic/free-energy/closure substrate
L5_ThermodynamicClosure	thermo	structure	FiniteFockChemicalPotentialAffineBridge	lean/InfoGeometry/Canonical/GrandCanonicalFockNumberBridge.lean	96	false	thermodynamic/free-energy/closure substrate
L5_ThermodynamicClosure	thermo	def	finiteFockChemicalPotentialAffineBridge	lean/InfoGeometry/Canonical/GrandCanonicalFockNumberBridge.lean	124	false	thermodynamic/free-energy/closure substrate
L5_ThermodynamicClosure	thermo	def	firstQuantizationChemicalPotentialAffineBridge	lean/InfoGeometry/Canonical/GrandCanonicalFockNumberBridge.lean	153	false	thermodynamic/free-energy/closure substrate
L5_ThermodynamicClosure	thermo	theorem	grandCanonicalFockGenerator_zero_mu	lean/InfoGeometry/Canonical/GrandCanonicalFockNumberBridge.lean	168	true	thermodynamic/free-energy/closure substrate
L4_ModularTransport	transport	def	chemicalPotentialGauge	lean/InfoGeometry/Canonical/GrandCanonicalGaugePotentialBridge.lean	31	false	modular/transport/flow substrate
L4_ModularTransport	transport	theorem	shiftedEnergy_eq_energy_sub_chemicalPotentialGauge	lean/InfoGeometry/Canonical/GrandCanonicalGaugePotentialBridge.lean	47	true	modular/transport/flow substrate
L4_ModularTransport	transport	theorem	chemicalPotentialGauge_zero	lean/InfoGeometry/Canonical/GrandCanonicalGaugePotentialBridge.lean	55	true	modular/transport/flow substrate
L4_ModularTransport	transport	theorem	chemicalPotentialGauge_add	lean/InfoGeometry/Canonical/GrandCanonicalGaugePotentialBridge.lean	63	true	modular/transport/flow substrate
L4_ModularTransport	transport	def	grandCanonicalGaugeKernelExponent	lean/InfoGeometry/Canonical/GrandCanonicalGaugePotentialBridge.lean	74	false	modular/transport/flow substrate
L4_ModularTransport	transport	theorem	grandCanonicalGaugeKernelExponent_eq	lean/InfoGeometry/Canonical/GrandCanonicalGaugePotentialBridge.lean	80	true	modular/transport/flow substrate
L4_ModularTransport	transport	def	grandCanonicalMassieuPotential	lean/InfoGeometry/Canonical/GrandCanonicalGaugePotentialBridge.lean	88	false	modular/transport/flow substrate
L4_ModularTransport	transport	theorem	grandCanonicalMassieuPotential_eq_potentialGC	lean/InfoGeometry/Canonical/GrandCanonicalGaugePotentialBridge.lean	95	true	modular/transport/flow substrate
L4_ModularTransport	transport	theorem	chemicalPotential_conjugate_count_readout	lean/InfoGeometry/Canonical/GrandCanonicalGaugePotentialBridge.lean	106	true	modular/transport/flow substrate
L4_ModularTransport	transport	theorem	inverseTemperature_conjugate_shiftedEnergy_readout	lean/InfoGeometry/Canonical/GrandCanonicalGaugePotentialBridge.lean	119	true	modular/transport/flow substrate
L1_Projective	projective	structure	GrandCanonicalGaussianPoint	lean/InfoGeometry/Canonical/GrandCanonicalGaussianScaleShape.lean	39	false	projection/support/compression substrate
L1_Projective	projective	def	gaussianEnergy	lean/InfoGeometry/Canonical/GrandCanonicalGaussianScaleShape.lean	49	false	projection/support/compression substrate
L1_Projective	projective	def	gaussianGrandCanonicalParams	lean/InfoGeometry/Canonical/GrandCanonicalGaussianScaleShape.lean	60	false	projection/support/compression substrate
L1_Projective	projective	def	unnormalizedGrandCanonicalGaussian	lean/InfoGeometry/Canonical/GrandCanonicalGaussianScaleShape.lean	74	false	projection/support/compression substrate
L1_Projective	projective	def	generalizedKL_ISShapeTerm	lean/InfoGeometry/Canonical/GrandCanonicalGaussianScaleShape.lean	91	false	projection/support/compression substrate
L1_Projective	projective	def	generalizedKL_scaleTerm	lean/InfoGeometry/Canonical/GrandCanonicalGaussianScaleShape.lean	100	false	projection/support/compression substrate
L1_Projective	projective	theorem	generalizedKL_eq_ISShape_add_scaleTerm	lean/InfoGeometry/Canonical/GrandCanonicalGaussianScaleShape.lean	109	true	projection/support/compression substrate
L1_Projective	projective	theorem	generalizedKL_unnormalizedGrandCanonicalGaussian_eq_ISShape_add_scaleTerm	lean/InfoGeometry/Canonical/GrandCanonicalGaussianScaleShape.lean	122	true	projection/support/compression substrate
L1_Projective	projective	abbrev	sinkhornSelfDualCone	lean/InfoGeometry/Canonical/GrandCanonicalGaussianScaleShape.lean	153	false	projection/support/compression substrate
L2_Operator	operator	theorem	kahlerPotentialRN_eq_scalarModularPotential_relativeVolumeChangeRN	lean/InfoGeometry/Canonical/GrandCanonicalGaussianScaleShape.lean	164	true	operator-algebraic bridge substrate
L2_Operator	operator	theorem	kahlerPotentialRN_eq_neg_log_relativeVolumeChangeRN	lean/InfoGeometry/Canonical/GrandCanonicalGaussianScaleShape.lean	181	true	operator-algebraic bridge substrate
L2_Operator	operator	structure	GraphMetricDirac	lean/InfoGeometry/Canonical/GraphDiracPresentation.lean	28	false	operator-algebraic bridge substrate
L2_Operator	operator	def	metricReadout	lean/InfoGeometry/Canonical/GraphDiracPresentation.lean	45	false	operator-algebraic bridge substrate
L2_Operator	operator	theorem	metricReadout_nonneg	lean/InfoGeometry/Canonical/GraphDiracPresentation.lean	50	true	operator-algebraic bridge substrate
L2_Operator	operator	def	toQuantumPresentation	lean/InfoGeometry/Canonical/GraphDiracPresentation.lean	61	false	operator-algebraic bridge substrate
L2_Operator	operator	theorem	toQuantumPresentation_generator_eq_dirac	lean/InfoGeometry/Canonical/GraphDiracPresentation.lean	72	true	operator-algebraic bridge substrate
L2_Operator	operator	def	taggedPresentation	lean/InfoGeometry/Canonical/GraphDiracPresentation.lean	79	false	operator-algebraic bridge substrate
L4_ModularTransport	transport	def	headHyperbolicBoostRotor	lean/InfoGeometry/Canonical/HeadTrialityCore.lean	146	false	modular/transport/flow substrate
L4_ModularTransport	transport	theorem	headHyperbolicBoostRotor_zero	lean/InfoGeometry/Canonical/HeadTrialityCore.lean	151	true	modular/transport/flow substrate
L4_ModularTransport	transport	structure	TacticTransition	lean/InfoGeometry/Canonical/HestenesGibbsPathIntegral.lean	40	false	modular/transport/flow substrate
L4_ModularTransport	transport	abbrev	TacticPath	lean/InfoGeometry/Canonical/HestenesGibbsPathIntegral.lean	49	false	modular/transport/flow substrate
L4_ModularTransport	transport	def	hestenesActionSplit	lean/InfoGeometry/Canonical/HestenesGibbsPathIntegral.lean	57	false	modular/transport/flow substrate
L4_ModularTransport	transport	def	pathSurprisal	lean/InfoGeometry/Canonical/HestenesGibbsPathIntegral.lean	69	false	modular/transport/flow substrate
L4_ModularTransport	transport	def	gibbsWeight	lean/InfoGeometry/Canonical/HestenesGibbsPathIntegral.lean	75	true	modular/transport/flow substrate
L4_ModularTransport	transport	def	IsFlatPath	lean/InfoGeometry/Canonical/HestenesGibbsPathIntegral.lean	81	true	modular/transport/flow substrate
L4_ModularTransport	transport	theorem	pathSurprisal_eq_zero_of_flat	lean/InfoGeometry/Canonical/HestenesGibbsPathIntegral.lean	87	true	modular/transport/flow substrate
L4_ModularTransport	transport	theorem	gibbs_weight_maximized_for_flat_paths	lean/InfoGeometry/Canonical/HestenesGibbsPathIntegral.lean	109	true	modular/transport/flow substrate
L4_ModularTransport	transport	def	JordanCommutesAt	lean/InfoGeometry/Canonical/HestenesGibbsPathIntegral.lean	121	true	modular/transport/flow substrate
L4_ModularTransport	transport	theorem	entropy_increment_eq_zero_of_jordan_commute	lean/InfoGeometry/Canonical/HestenesGibbsPathIntegral.lean	129	true	modular/transport/flow substrate
L4_ModularTransport	transport	theorem	isFlatPath_of_jordan_commuting	lean/InfoGeometry/Canonical/HestenesGibbsPathIntegral.lean	145	true	modular/transport/flow substrate
L4_ModularTransport	transport	theorem	gibbs_weight_maximized_of_jordan_commuting	lean/InfoGeometry/Canonical/HestenesGibbsPathIntegral.lean	157	true	modular/transport/flow substrate
L3_Krein	krein	def	phasePartner	lean/InfoGeometry/Canonical/HestenesKramersBridge.lean	31	false	Krein/doubled-geometry substrate
L3_Krein	krein	def	kramersPair	lean/InfoGeometry/Canonical/HestenesKramersBridge.lean	36	false	Krein/doubled-geometry substrate
L3_Krein	krein	theorem	phasePartner_eq_phaseAxisK	lean/InfoGeometry/Canonical/HestenesKramersBridge.lean	45	true	Krein/doubled-geometry substrate
L3_Krein	krein	theorem	phasePartner_phasePartner_eq_neg	lean/InfoGeometry/Canonical/HestenesKramersBridge.lean	54	true	Krein/doubled-geometry substrate
L3_Krein	krein	theorem	inner_first_second_eq_zero	lean/InfoGeometry/Canonical/HestenesKramersBridge.lean	66	true	Krein/doubled-geometry substrate
L3_Krein	krein	theorem	phasePartner_ne_self_of_ne_zero	lean/InfoGeometry/Canonical/HestenesKramersBridge.lean	85	true	Krein/doubled-geometry substrate
L3_Krein	krein	theorem	kreinInner_phasePartner_phasePartner	lean/InfoGeometry/Canonical/HestenesKramersBridge.lean	111	true	Krein/doubled-geometry substrate
L2_Operator	operator	structure	KreinHestenesModularDatum	lean/InfoGeometry/Canonical/HestenesKreinModularGeometry.lean	49	false	operator-algebraic bridge substrate
L2_Operator	operator	structure	HestenesRotorFlow	lean/InfoGeometry/Canonical/HestenesKreinModularGeometry.lean	185	false	operator-algebraic bridge substrate
L2_Operator	operator	structure	KreinFredholmDeterminantContract	lean/InfoGeometry/Canonical/HestenesKreinModularGeometry.lean	280	true	operator-algebraic bridge substrate
L2_Operator	operator	structure	RelativeKreinModularFredholmDatum	lean/InfoGeometry/Canonical/HestenesKreinModularGeometry.lean	331	false	operator-algebraic bridge substrate
L2_Operator	operator	structure	KreinModularCoreProjectorWitness	lean/InfoGeometry/Canonical/HestenesKreinModularGeometry.lean	406	false	operator-algebraic bridge substrate
L2_Operator	operator	structure	HestenesKreinModularFredholmBridge	lean/InfoGeometry/Canonical/HestenesKreinModularGeometry.lean	538	false	operator-algebraic bridge substrate
L5_ThermodynamicClosure	thermo	structure	TwoNodeHestenesChart	lean/InfoGeometry/Canonical/HestenesQVandermondeShadow.lean	30	false	thermodynamic/free-energy/closure substrate
L5_ThermodynamicClosure	thermo	def	factor	lean/InfoGeometry/Canonical/HestenesQVandermondeShadow.lean	43	false	thermodynamic/free-energy/closure substrate
L5_ThermodynamicClosure	thermo	theorem	factor_eq_zero_iff	lean/InfoGeometry/Canonical/HestenesQVandermondeShadow.lean	48	true	thermodynamic/free-energy/closure substrate
L5_ThermodynamicClosure	thermo	theorem	factor_ne_zero_iff	lean/InfoGeometry/Canonical/HestenesQVandermondeShadow.lean	60	true	thermodynamic/free-energy/closure substrate
L5_ThermodynamicClosure	thermo	theorem	quadratic_eq_of_collision	lean/InfoGeometry/Canonical/HestenesQVandermondeShadow.lean	69	true	thermodynamic/free-energy/closure substrate
L5_ThermodynamicClosure	thermo	theorem	norm_eq_of_collision_of_normInvariant	lean/InfoGeometry/Canonical/HestenesQVandermondeShadow.lean	80	true	thermodynamic/free-energy/closure substrate
L5_ThermodynamicClosure	thermo	theorem	two_node_hestenes_packet	lean/InfoGeometry/Canonical/HestenesQVandermondeShadow.lean	88	true	thermodynamic/free-energy/closure substrate
L5_ThermodynamicClosure	thermo	structure	A2HestenesChart	lean/InfoGeometry/Canonical/HestenesQVandermondeShadow.lean	104	false	thermodynamic/free-energy/closure substrate
L5_ThermodynamicClosure	thermo	def	factorYX	lean/InfoGeometry/Canonical/HestenesQVandermondeShadow.lean	118	false	thermodynamic/free-energy/closure substrate
L5_ThermodynamicClosure	thermo	def	factorZX	lean/InfoGeometry/Canonical/HestenesQVandermondeShadow.lean	121	true	thermodynamic/free-energy/closure substrate
L5_ThermodynamicClosure	thermo	def	factorZY	lean/InfoGeometry/Canonical/HestenesQVandermondeShadow.lean	124	true	thermodynamic/free-energy/closure substrate
L5_ThermodynamicClosure	thermo	def	Collision	lean/InfoGeometry/Canonical/HestenesQVandermondeShadow.lean	128	true	thermodynamic/free-energy/closure substrate
L5_ThermodynamicClosure	thermo	theorem	exists_quadratic_locked_pair_of_collision	lean/InfoGeometry/Canonical/HestenesQVandermondeShadow.lean	136	true	thermodynamic/free-energy/closure substrate
L5_ThermodynamicClosure	thermo	theorem	exists_norm_locked_pair_of_collision_of_normInvariant	lean/InfoGeometry/Canonical/HestenesQVandermondeShadow.lean	159	true	thermodynamic/free-energy/closure substrate
L5_ThermodynamicClosure	thermo	theorem	a2_hestenes_packet	lean/InfoGeometry/Canonical/HestenesQVandermondeShadow.lean	180	true	thermodynamic/free-energy/closure substrate
L2_Operator	operator	def	transportAnticommutator	lean/InfoGeometry/Canonical/HestenesRealStructures.lean	37	true	operator-algebraic bridge substrate
L3_Krein	krein	abbrev	KLinear	lean/InfoGeometry/Canonical/HestenesRealStructures.lean	42	true	Krein/doubled-geometry substrate
L3_Krein	krein	abbrev	KAntilinear	lean/InfoGeometry/Canonical/HestenesRealStructures.lean	47	true	Krein/doubled-geometry substrate
L3_Krein	krein	abbrev	KreinIsometric	lean/InfoGeometry/Canonical/HestenesRealStructures.lean	52	true	Krein/doubled-geometry substrate
L3_Krein	krein	abbrev	KreinAntiIsometric	lean/InfoGeometry/Canonical/HestenesRealStructures.lean	57	true	Krein/doubled-geometry substrate
L3_Krein	krein	def	KreinSelfAdjoint	lean/InfoGeometry/Canonical/HestenesRealStructures.lean	64	true	Krein/doubled-geometry substrate
L3_Krein	krein	def	KreinSkewAdjoint	lean/InfoGeometry/Canonical/HestenesRealStructures.lean	69	true	Krein/doubled-geometry substrate
L3_Krein	krein	theorem	kLinear_iff_phaseAxisCommutator_eq_zero	lean/InfoGeometry/Canonical/HestenesRealStructures.lean	78	true	Krein/doubled-geometry substrate
L3_Krein	krein	theorem	kAntilinear_iff_phaseAxisAnticommutator_eq_zero	lean/InfoGeometry/Canonical/HestenesRealStructures.lean	87	true	Krein/doubled-geometry substrate
L3_Krein	krein	theorem	phaseAxisK_isKLinear	lean/InfoGeometry/Canonical/HestenesRealStructures.lean	108	true	Krein/doubled-geometry substrate
L3_Krein	krein	theorem	phaseAxisK_isKreinAntiIsometric	lean/InfoGeometry/Canonical/HestenesRealStructures.lean	119	true	Krein/doubled-geometry substrate
L3_Krein	krein	structure	PhaseKramersAxis	lean/InfoGeometry/Canonical/HestenesRealStructures.lean	128	false	Krein/doubled-geometry substrate
L3_Krein	krein	def	canonicalPhaseKramersAxis	lean/InfoGeometry/Canonical/HestenesRealStructures.lean	136	false	Krein/doubled-geometry substrate
L3_Krein	krein	structure	KramersSymmetry	lean/InfoGeometry/Canonical/HestenesRealStructures.lean	147	false	Krein/doubled-geometry substrate
L3_Krein	krein	def	pair	lean/InfoGeometry/Canonical/HestenesRealStructures.lean	159	false	Krein/doubled-geometry substrate
L3_Krein	krein	theorem	preserves_kreinInner	lean/InfoGeometry/Canonical/HestenesRealStructures.lean	163	true	Krein/doubled-geometry substrate
L3_Krein	krein	theorem	anticomm_phaseAxisK	lean/InfoGeometry/Canonical/HestenesRealStructures.lean	170	true	Krein/doubled-geometry substrate
L3_Krein	krein	theorem	partner_ne_self_of_ne_zero	lean/InfoGeometry/Canonical/HestenesRealStructures.lean	179	true	Krein/doubled-geometry substrate
L3_Krein	krein	structure	MajoranaRealStructure	lean/InfoGeometry/Canonical/HestenesRealStructures.lean	207	false	Krein/doubled-geometry substrate
L3_Krein	krein	def	IsMajorana	lean/InfoGeometry/Canonical/HestenesRealStructures.lean	221	true	Krein/doubled-geometry substrate
L3_Krein	krein	def	fixedSubmodule	lean/InfoGeometry/Canonical/HestenesRealStructures.lean	225	false	Krein/doubled-geometry substrate
L3_Krein	krein	theorem	apply_apply_eq_self	lean/InfoGeometry/Canonical/HestenesRealStructures.lean	246	true	Krein/doubled-geometry substrate
L3_Krein	krein	theorem	phaseAxis_closed	lean/InfoGeometry/Canonical/HestenesRealStructures.lean	252	true	Krein/doubled-geometry substrate
L3_Krein	krein	theorem	grading_closed	lean/InfoGeometry/Canonical/HestenesRealStructures.lean	269	true	Krein/doubled-geometry substrate
L4_ModularTransport	transport	def	hyperbolicRotorOf	lean/InfoGeometry/Canonical/HyperbolicRotor.lean	25	false	modular/transport/flow substrate
L4_ModularTransport	transport	def	hyperbolicRotor	lean/InfoGeometry/Canonical/HyperbolicRotor.lean	32	false	modular/transport/flow substrate
L4_ModularTransport	transport	def	geometricConjugation	lean/InfoGeometry/Canonical/HyperbolicRotor.lean	37	false	modular/transport/flow substrate
L4_ModularTransport	transport	theorem	clifford_triality_decomposition	lean/InfoGeometry/Canonical/HyperbolicRotor.lean	56	true	modular/transport/flow substrate
L4_ModularTransport	transport	theorem	holonomy_emergence_of_noncommuting	lean/InfoGeometry/Canonical/HyperbolicRotor.lean	92	true	modular/transport/flow substrate
L4_ModularTransport	transport	theorem	rotor_lane_head_null_car	lean/InfoGeometry/Canonical/HyperbolicRotor.lean	101	true	modular/transport/flow substrate
L2_Operator	operator	structure	UnitRelativeVolumeBit	lean/InfoGeometry/Canonical/IncompressibleBitBridge.lean	44	true	operator-algebraic bridge substrate
L2_Operator	operator	theorem	unitRelativeVolumeBit_of_eq_one	lean/InfoGeometry/Canonical/IncompressibleBitBridge.lean	49	true	operator-algebraic bridge substrate
L5_ThermodynamicClosure	thermo	theorem	isNormalInference_of_unitRelativeVolumeBit	lean/InfoGeometry/Canonical/IncompressibleBitBridge.lean	60	true	thermodynamic/free-energy/closure substrate
L5_ThermodynamicClosure	thermo	theorem	chiralScale_eq_zero_of_unitRelativeVolumeBit	lean/InfoGeometry/Canonical/IncompressibleBitBridge.lean	77	true	thermodynamic/free-energy/closure substrate
L5_ThermodynamicClosure	thermo	theorem	projectors_commute_of_unitRelativeVolumeBit	lean/InfoGeometry/Canonical/IncompressibleBitBridge.lean	93	true	thermodynamic/free-energy/closure substrate
L5_ThermodynamicClosure	thermo	theorem	unitOfAction_eq_zero_of_unitRelativeVolumeBit	lean/InfoGeometry/Canonical/IncompressibleBitBridge.lean	111	true	thermodynamic/free-energy/closure substrate
L5_ThermodynamicClosure	thermo	theorem	normalInference_and_unitOfAction_eq_zero_of_unitRelativeVolumeBit	lean/InfoGeometry/Canonical/IncompressibleBitBridge.lean	128	true	thermodynamic/free-energy/closure substrate
L2_Operator	operator	structure	IncompressibleCramerRaoBit	lean/InfoGeometry/Canonical/IncompressibleBitBridge.lean	155	true	operator-algebraic bridge substrate
L2_Operator	operator	abbrev	cramerRaoMetricOperatorOwner	lean/InfoGeometry/Canonical/IncompressibleBitBridge.lean	165	false	operator-algebraic bridge substrate
L3_Krein	krein	def	cramerRaoVolumeShadow	lean/InfoGeometry/Canonical/IncompressibleBitBridge.lean	171	false	Krein/doubled-geometry substrate
L4_ModularTransport	transport	def	cramerRaoVolumePotential	lean/InfoGeometry/Canonical/IncompressibleBitBridge.lean	181	false	modular/transport/flow substrate
L2_Operator	operator	theorem	incompressibleCramerRaoBit_of_incompressible	lean/InfoGeometry/Canonical/IncompressibleBitBridge.lean	187	true	operator-algebraic bridge substrate
L2_Operator	operator	theorem	absDet_cramerRaoMetric_eq_one_of_incompressibleBit	lean/InfoGeometry/Canonical/IncompressibleBitBridge.lean	198	true	operator-algebraic bridge substrate
L2_Operator	operator	theorem	logAbsDet_cramerRaoMetric_eq_zero_of_incompressibleBit	lean/InfoGeometry/Canonical/IncompressibleBitBridge.lean	211	true	operator-algebraic bridge substrate
L4_ModularTransport	transport	theorem	cramerRaoVolumePotential_eq_zero_of_incompressibleBit	lean/InfoGeometry/Canonical/IncompressibleBitBridge.lean	224	true	modular/transport/flow substrate
L5_ThermodynamicClosure	thermo	theorem	isNormalInference_of_incompressibleBit_of_chiralScale_eq_neg_cramerRaoLogVolume	lean/InfoGeometry/Canonical/IncompressibleBitBridge.lean	242	true	thermodynamic/free-energy/closure substrate
L5_ThermodynamicClosure	thermo	theorem	isNormalInference_of_incompressibleBit_of_chiralScale_eq_cramerRaoVolumePotential	lean/InfoGeometry/Canonical/IncompressibleBitBridge.lean	262	true	thermodynamic/free-energy/closure substrate
L5_ThermodynamicClosure	thermo	theorem	unitOfAction_eq_zero_of_incompressibleBit_of_chiralScale_eq_neg_cramerRaoLogVolume	lean/InfoGeometry/Canonical/IncompressibleBitBridge.lean	279	true	thermodynamic/free-energy/closure substrate
L5_ThermodynamicClosure	thermo	theorem	unitOfAction_eq_zero_of_incompressibleBit_of_chiralScale_eq_cramerRaoVolumePotential	lean/InfoGeometry/Canonical/IncompressibleBitBridge.lean	298	true	thermodynamic/free-energy/closure substrate
L5_ThermodynamicClosure	thermo	theorem	normalInference_and_unitOfAction_eq_zero_of_incompressibleBit_of_chiralScale_eq_cramerRaoVolumePotential	lean/InfoGeometry/Canonical/IncompressibleBitBridge.lean	317	true	thermodynamic/free-energy/closure substrate
L5_ThermodynamicClosure	thermo	theorem	not_incompressibleBit_of_chiralScale_eq_cramerRaoVolumePotential_of_unitOfAction_ne_zero	lean/InfoGeometry/Canonical/IncompressibleBitBridge.lean	338	true	thermodynamic/free-energy/closure substrate
L5_ThermodynamicClosure	thermo	theorem	not_incompressibleBit_of_chiralScale_eq_neg_cramerRaoLogVolume_of_unitOfAction_ne_zero	lean/InfoGeometry/Canonical/IncompressibleBitBridge.lean	358	true	thermodynamic/free-energy/closure substrate
L2_Operator	operator	abbrev	souriauFisherMetricOperator	lean/InfoGeometry/Canonical/IncompressibleCramerRaoActionBridge.lean	48	false	operator-algebraic bridge substrate
L3_Krein	krein	def	souriauFisherMetricVolumeShadow	lean/InfoGeometry/Canonical/IncompressibleCramerRaoActionBridge.lean	59	false	Krein/doubled-geometry substrate
L4_ModularTransport	transport	def	souriauFisherMetricVolumePotential	lean/InfoGeometry/Canonical/IncompressibleCramerRaoActionBridge.lean	67	false	modular/transport/flow substrate
L2_Operator	operator	theorem	souriauFisherMetricOperator_eq_cramerRaoMetricOp	lean/InfoGeometry/Canonical/IncompressibleCramerRaoActionBridge.lean	76	true	operator-algebraic bridge substrate
L4_ModularTransport	transport	structure	CramerRaoNegLogVolumeAnomalyReadout	lean/InfoGeometry/Canonical/IncompressibleCramerRaoActionBridge.lean	89	false	modular/transport/flow substrate
L4_ModularTransport	transport	theorem	chiralScale_eq_zero_of_incompressible	lean/InfoGeometry/Canonical/IncompressibleCramerRaoActionBridge.lean	103	true	modular/transport/flow substrate
L5_ThermodynamicClosure	thermo	theorem	normalInference_of_incompressible	lean/InfoGeometry/Canonical/IncompressibleCramerRaoActionBridge.lean	125	true	thermodynamic/free-energy/closure substrate
L5_ThermodynamicClosure	thermo	theorem	isNormalInference_of_incompressibleBit_of_chiralScale_eq_neg_cramerRaoLogVolume	lean/InfoGeometry/Canonical/IncompressibleCramerRaoActionBridge.lean	147	true	thermodynamic/free-energy/closure substrate
L4_ModularTransport	transport	theorem	unitOfAction_eq_metricVolumePotential	lean/InfoGeometry/Canonical/IncompressibleCramerRaoActionBridge.lean	172	true	modular/transport/flow substrate
L4_ModularTransport	transport	theorem	epsilon_eq_metricVolumePotential	lean/InfoGeometry/Canonical/IncompressibleCramerRaoActionBridge.lean	185	true	modular/transport/flow substrate
L4_ModularTransport	transport	theorem	anomalyReadoutPacket_eq_metricVolumePotential	lean/InfoGeometry/Canonical/IncompressibleCramerRaoActionBridge.lean	199	true	modular/transport/flow substrate
L5_ThermodynamicClosure	thermo	theorem	unitOfAction_eq_zero_of_incompressible	lean/InfoGeometry/Canonical/IncompressibleCramerRaoActionBridge.lean	213	true	thermodynamic/free-energy/closure substrate
L4_ModularTransport	transport	theorem	projectorObstruction_eq_zero_and_dilationCommutator_eq_zero_of_incompressible	lean/InfoGeometry/Canonical/IncompressibleCramerRaoActionBridge.lean	227	true	modular/transport/flow substrate
L4_ModularTransport	transport	theorem	semanticCollapsePacket_of_incompressible	lean/InfoGeometry/Canonical/IncompressibleCramerRaoActionBridge.lean	257	true	modular/transport/flow substrate
L2_Operator	operator	def	logInformationPartitionFunction	lean/InfoGeometry/Canonical/InformationPartitionCore.lean	40	false	operator-algebraic bridge substrate
L4_ModularTransport	transport	theorem	operatorInformationHessian_eq_metricPart	lean/InfoGeometry/Canonical/InformationalLichnerowicz.lean	47	true	modular/transport/flow substrate
L4_ModularTransport	transport	theorem	operatorInformationCurvaturePart_diag_eq_zero	lean/InfoGeometry/Canonical/InformationalLichnerowicz.lean	58	true	modular/transport/flow substrate
L4_ModularTransport	transport	theorem	operatorInformationHessian_eq_metricPart_add_half_curvaturePart	lean/InfoGeometry/Canonical/InformationalLichnerowicz.lean	70	true	modular/transport/flow substrate
L4_ModularTransport	transport	theorem	deriv2_quasilatticeDirac_at_zero_eq_operatorInformationHessian	lean/InfoGeometry/Canonical/InformationalLichnerowicz.lean	85	true	modular/transport/flow substrate
L4_ModularTransport	transport	theorem	deriv2_quasilatticeDirac_at_zero_eq_operatorInformationMetricPart	lean/InfoGeometry/Canonical/InformationalLichnerowicz.lean	102	true	modular/transport/flow substrate
L4_ModularTransport	transport	theorem	deriv2_quasilatticeDirac_at_zero_eq_metricPart_add_half_curvaturePart	lean/InfoGeometry/Canonical/InformationalLichnerowicz.lean	120	true	modular/transport/flow substrate
L4_ModularTransport	transport	structure	InformationalLichnerowiczBottCompatibility	lean/InfoGeometry/Canonical/InformationalLichnerowiczBottBridge.lean	44	true	modular/transport/flow substrate
L4_ModularTransport	transport	theorem	spectralDirac_sq_eq_neg_id_of_operatorialTransport	lean/InfoGeometry/Canonical/InformationalLichnerowiczBottBridge.lean	65	true	modular/transport/flow substrate
L4_ModularTransport	transport	theorem	lichnerowiczBalancedCl11_of_operatorialTransport	lean/InfoGeometry/Canonical/InformationalLichnerowiczBottBridge.lean	92	true	modular/transport/flow substrate
L4_ModularTransport	transport	theorem	cl11_bottDirac_sq_eq_zero_of_operatorialTransport	lean/InfoGeometry/Canonical/InformationalLichnerowiczBottBridge.lean	129	true	modular/transport/flow substrate
L3_Krein	krein	abbrev	GammaS	lean/InfoGeometry/Canonical/KKTClosureSymmetry.lean	35	false	Krein/doubled-geometry substrate
L3_Krein	krein	abbrev	GammaG	lean/InfoGeometry/Canonical/KKTClosureSymmetry.lean	40	false	Krein/doubled-geometry substrate
L3_Krein	krein	abbrev	QD	lean/InfoGeometry/Canonical/KKTClosureSymmetry.lean	45	false	Krein/doubled-geometry substrate
L3_Krein	krein	abbrev	HD	lean/InfoGeometry/Canonical/KKTClosureSymmetry.lean	50	false	Krein/doubled-geometry substrate
L3_Krein	krein	abbrev	ZD	lean/InfoGeometry/Canonical/KKTClosureSymmetry.lean	55	false	Krein/doubled-geometry substrate
L2_Operator	operator	def	conjugateUnit	lean/InfoGeometry/Canonical/KKTClosureSymmetry.lean	60	false	operator-algebraic bridge substrate
L2_Operator	operator	theorem	conjugateUnit_one	lean/InfoGeometry/Canonical/KKTClosureSymmetry.lean	65	true	operator-algebraic bridge substrate
L2_Operator	operator	theorem	conjugateUnit_mul	lean/InfoGeometry/Canonical/KKTClosureSymmetry.lean	71	true	operator-algebraic bridge substrate
L2_Operator	operator	theorem	conjugateUnit_inv_eq_of_eq	lean/InfoGeometry/Canonical/KKTClosureSymmetry.lean	78	true	operator-algebraic bridge substrate
L2_Operator	operator	theorem	conjugateUnit_commutator	lean/InfoGeometry/Canonical/KKTClosureSymmetry.lean	97	true	operator-algebraic bridge substrate
L2_Operator	operator	theorem	conjugateUnit_anticommutator	lean/InfoGeometry/Canonical/KKTClosureSymmetry.lean	107	true	operator-algebraic bridge substrate
L3_Krein	krein	def	PreservesKKTGenerators	lean/InfoGeometry/Canonical/KKTClosureSymmetry.lean	119	true	Krein/doubled-geometry substrate
L3_Krein	krein	structure	KKTClosureSymmetry	lean/InfoGeometry/Canonical/KKTClosureSymmetry.lean	131	false	Krein/doubled-geometry substrate
L3_Krein	krein	def	kktClosureSymmetrySubgroup	lean/InfoGeometry/Canonical/KKTClosureSymmetry.lean	139	false	Krein/doubled-geometry substrate
L3_Krein	krein	theorem	KKTClosureSymmetry.mem_subgroup	lean/InfoGeometry/Canonical/KKTClosureSymmetry.lean	193	true	Krein/doubled-geometry substrate
L3_Krein	krein	theorem	commutator_GammaS_QD_conjugation_invariant_of_preserves	lean/InfoGeometry/Canonical/KKTClosureSymmetry.lean	205	true	Krein/doubled-geometry substrate
L3_Krein	krein	theorem	commutator_GammaG_QD_conjugation_invariant_of_preserves	lean/InfoGeometry/Canonical/KKTClosureSymmetry.lean	225	true	Krein/doubled-geometry substrate
L3_Krein	krein	theorem	anticommutator_QD_QD_eq_two_smul_HD	lean/InfoGeometry/Canonical/KKTClosureSymmetry.lean	244	true	Krein/doubled-geometry substrate
L3_Krein	krein	theorem	anticommutator_QD_QD_eq_two_smul_kinetic_plus_central	lean/InfoGeometry/Canonical/KKTClosureSymmetry.lean	255	true	Krein/doubled-geometry substrate
L3_Krein	krein	theorem	ZD_isDrazinLaneCentral	lean/InfoGeometry/Canonical/KKTClosureSymmetry.lean	275	true	Krein/doubled-geometry substrate
L3_Krein	krein	theorem	anticommutator_QD_QD_conjugation_invariant_of_preserves	lean/InfoGeometry/Canonical/KKTClosureSymmetry.lean	284	true	Krein/doubled-geometry substrate
L3_Krein	krein	structure	OperatorContext	lean/InfoGeometry/Canonical/KKTConformalChiralContext.lean	59	false	Krein/doubled-geometry substrate
L3_Krein	krein	abbrev	CIK	lean/InfoGeometry/Canonical/KKTConformalChiralContext.lean	76	false	Krein/doubled-geometry substrate
L3_Krein	krein	theorem	anticommutator_QD_QD_eq_two_smul_HD	lean/InfoGeometry/Canonical/KKTConformalChiralContext.lean	83	true	Krein/doubled-geometry substrate
L3_Krein	krein	theorem	commutator_uPlus_uMinus_isGZero	lean/InfoGeometry/Canonical/KKTConformalChiralContext.lean	90	true	Krein/doubled-geometry substrate
L3_Krein	krein	def	kktClosureSymmetrySubgroup	lean/InfoGeometry/Canonical/KKTConformalChiralContext.lean	97	false	Krein/doubled-geometry substrate
L3_Krein	krein	def	kktTkkStructureGroup	lean/InfoGeometry/Canonical/KKTConformalChiralContext.lean	108	false	Krein/doubled-geometry substrate
L3_Krein	krein	theorem	spectralGrading_involutive	lean/InfoGeometry/Canonical/KKTConformalChiralContext.lean	113	true	Krein/doubled-geometry substrate
L3_Krein	krein	theorem	spectralCartanInvolution_involutive	lean/InfoGeometry/Canonical/KKTConformalChiralContext.lean	119	true	Krein/doubled-geometry substrate
L3_Krein	krein	theorem	satisfiesPWeight	lean/InfoGeometry/Canonical/KKTConformalChiralContext.lean	128	true	Krein/doubled-geometry substrate
L3_Krein	krein	theorem	satisfiesKWeight	lean/InfoGeometry/Canonical/KKTConformalChiralContext.lean	133	true	Krein/doubled-geometry substrate
L3_Krein	krein	theorem	satisfiesMasterRelation	lean/InfoGeometry/Canonical/KKTConformalChiralContext.lean	138	true	Krein/doubled-geometry substrate
L3_Krein	krein	theorem	commutator_volumePreserving_volumePreserving	lean/InfoGeometry/Canonical/KKTConformalChiralContext.lean	144	true	Krein/doubled-geometry substrate
L3_Krein	krein	theorem	commutator_volumePreserving_weylDilation	lean/InfoGeometry/Canonical/KKTConformalChiralContext.lean	154	true	Krein/doubled-geometry substrate
L3_Krein	krein	theorem	commutator_weylDilation_weylDilation	lean/InfoGeometry/Canonical/KKTConformalChiralContext.lean	164	true	Krein/doubled-geometry substrate
L3_Krein	krein	theorem	conformalD_eq_dilationGap	lean/InfoGeometry/Canonical/KKTConformalChiralContext.lean	176	true	Krein/doubled-geometry substrate
L3_Krein	krein	theorem	conformalD_isGZero	lean/InfoGeometry/Canonical/KKTConformalChiralContext.lean	182	true	Krein/doubled-geometry substrate
L3_Krein	krein	theorem	isInChiralOperatorCone_iff_anticommute_GammaS	lean/InfoGeometry/Canonical/KKTConformalChiralContext.lean	190	true	Krein/doubled-geometry substrate
L3_Krein	krein	theorem	spectralAdjointFlow_mem_chiralOperatorCone	lean/InfoGeometry/Canonical/KKTConformalChiralContext.lean	198	true	Krein/doubled-geometry substrate
L3_Krein	krein	theorem	spectralCommutator_compact_mem_chiralOperatorCone	lean/InfoGeometry/Canonical/KKTConformalChiralContext.lean	209	true	Krein/doubled-geometry substrate
L3_Krein	krein	theorem	supercharge_mem_chiralOperatorCone	lean/InfoGeometry/Canonical/KKTConformalChiralContext.lean	219	true	Krein/doubled-geometry substrate
L3_Krein	krein	def	jordanProduct	lean/InfoGeometry/Canonical/KKTConformalChiralContext.lean	228	false	Krein/doubled-geometry substrate
L3_Krein	krein	def	lieProduct	lean/InfoGeometry/Canonical/KKTConformalChiralContext.lean	233	false	Krein/doubled-geometry substrate
L3_Krein	krein	theorem	smul_mem_spectralCompact	lean/InfoGeometry/Canonical/KKTConformalChiralContext.lean	238	true	Krein/doubled-geometry substrate
L3_Krein	krein	theorem	jordanProduct_chiral_chiral_mem_spectralCompact	lean/InfoGeometry/Canonical/KKTConformalChiralContext.lean	256	true	Krein/doubled-geometry substrate
L3_Krein	krein	theorem	lieProduct_chiral_chiral_mem_spectralCompact	lean/InfoGeometry/Canonical/KKTConformalChiralContext.lean	273	true	Krein/doubled-geometry substrate
L3_Krein	krein	theorem	superBracket_odd_odd_chiral_mem_spectralCompact	lean/InfoGeometry/Canonical/KKTConformalChiralContext.lean	290	true	Krein/doubled-geometry substrate
L3_Krein	krein	def	plusProjector	lean/InfoGeometry/Canonical/KKTCore.lean	37	false	Krein/doubled-geometry substrate
L3_Krein	krein	def	minusProjector	lean/InfoGeometry/Canonical/KKTCore.lean	42	false	Krein/doubled-geometry substrate
L3_Krein	krein	def	gZeroPart	lean/InfoGeometry/Canonical/KKTCore.lean	47	false	Krein/doubled-geometry substrate
L3_Krein	krein	def	gOnePart	lean/InfoGeometry/Canonical/KKTCore.lean	52	false	Krein/doubled-geometry substrate
L3_Krein	krein	def	gNegOnePart	lean/InfoGeometry/Canonical/KKTCore.lean	57	false	Krein/doubled-geometry substrate
L3_Krein	krein	def	uPlus	lean/InfoGeometry/Canonical/KKTCore.lean	62	false	Krein/doubled-geometry substrate
L3_Krein	krein	def	uMinus	lean/InfoGeometry/Canonical/KKTCore.lean	67	false	Krein/doubled-geometry substrate
L3_Krein	krein	theorem	uPlus_eq_gOnePart	lean/InfoGeometry/Canonical/KKTCore.lean	72	true	Krein/doubled-geometry substrate
L3_Krein	krein	theorem	uMinus_eq_gNegOnePart	lean/InfoGeometry/Canonical/KKTCore.lean	78	true	Krein/doubled-geometry substrate
L3_Krein	krein	def	commutator	lean/InfoGeometry/Canonical/KKTCore.lean	84	false	Krein/doubled-geometry substrate
L3_Krein	krein	def	epsConj	lean/InfoGeometry/Canonical/KKTCore.lean	89	true	Krein/doubled-geometry substrate
L3_Krein	krein	def	IsGZero	lean/InfoGeometry/Canonical/KKTCore.lean	94	true	Krein/doubled-geometry substrate
L3_Krein	krein	def	IsGOne	lean/InfoGeometry/Canonical/KKTCore.lean	99	true	Krein/doubled-geometry substrate
L3_Krein	krein	def	IsGNegOne	lean/InfoGeometry/Canonical/KKTCore.lean	104	true	Krein/doubled-geometry substrate
L3_Krein	krein	theorem	uPlus_mul_uPlus_eq_zero	lean/InfoGeometry/Canonical/KKTCore.lean	368	true	Krein/doubled-geometry substrate
L3_Krein	krein	theorem	uMinus_mul_uMinus_eq_zero	lean/InfoGeometry/Canonical/KKTCore.lean	377	true	Krein/doubled-geometry substrate
L3_Krein	krein	theorem	commutator_uPlus_uMinus_isGZero	lean/InfoGeometry/Canonical/KKTCore.lean	620	true	Krein/doubled-geometry substrate
L4_ModularTransport	transport	def	channelBoost	lean/InfoGeometry/Canonical/KKTLorentzOrbitBridge.lean	31	false	modular/transport/flow substrate
L3_Krein	krein	theorem	eps_mul_gOnePart	lean/InfoGeometry/Canonical/KKTLorentzOrbitBridge.lean	36	true	Krein/doubled-geometry substrate
L3_Krein	krein	theorem	gOnePart_mul_eps	lean/InfoGeometry/Canonical/KKTLorentzOrbitBridge.lean	48	true	Krein/doubled-geometry substrate
L3_Krein	krein	theorem	eps_mul_gNegOnePart	lean/InfoGeometry/Canonical/KKTLorentzOrbitBridge.lean	61	true	Krein/doubled-geometry substrate
L3_Krein	krein	theorem	gNegOnePart_mul_eps	lean/InfoGeometry/Canonical/KKTLorentzOrbitBridge.lean	74	true	Krein/doubled-geometry substrate
L3_Krein	krein	theorem	eps_mul_gZeroPart_eq_gZeroPart_mul_eps	lean/InfoGeometry/Canonical/KKTLorentzOrbitBridge.lean	86	true	Krein/doubled-geometry substrate
L4_ModularTransport	transport	theorem	channelBoost_mul_gZeroPart_eq_gZeroPart_mul_channelBoost	lean/InfoGeometry/Canonical/KKTLorentzOrbitBridge.lean	117	true	modular/transport/flow substrate
L4_ModularTransport	transport	theorem	channelBoost_mul_uPlus	lean/InfoGeometry/Canonical/KKTLorentzOrbitBridge.lean	146	true	modular/transport/flow substrate
L4_ModularTransport	transport	theorem	channelBoost_mul_uMinus	lean/InfoGeometry/Canonical/KKTLorentzOrbitBridge.lean	167	true	modular/transport/flow substrate
L3_Krein	krein	theorem	drazinCommutator_eq_zero_iff_commute	lean/InfoGeometry/Canonical/KKTNoetherCharges.lean	46	true	Krein/doubled-geometry substrate
L3_Krein	krein	theorem	noether_charge_of_supercharge_split	lean/InfoGeometry/Canonical/KKTNoetherCharges.lean	62	true	Krein/doubled-geometry substrate
L3_Krein	krein	theorem	noether_commutator_of_supercharge_split	lean/InfoGeometry/Canonical/KKTNoetherCharges.lean	91	true	Krein/doubled-geometry substrate
L3_Krein	krein	theorem	drazin_noether_charge_of_superHamiltonian_split	lean/InfoGeometry/Canonical/KKTNoetherCharges.lean	124	true	Krein/doubled-geometry substrate
L3_Krein	krein	theorem	drazin_noether_commutator_of_superHamiltonian_split	lean/InfoGeometry/Canonical/KKTNoetherCharges.lean	146	true	Krein/doubled-geometry substrate
L4_ModularTransport	transport	theorem	cpt_noether_charge_of_central_split	lean/InfoGeometry/Canonical/KKTNoetherCharges.lean	193	true	modular/transport/flow substrate
L4_ModularTransport	transport	theorem	cpt_noether_commutator_of_central_split	lean/InfoGeometry/Canonical/KKTNoetherCharges.lean	230	true	modular/transport/flow substrate
L4_ModularTransport	transport	theorem	projectorObstruction_ne_zero_of_mismatch_direct	lean/InfoGeometry/Canonical/KernelCommutatorObstruction.lean	63	true	modular/transport/flow substrate
L4_ModularTransport	transport	structure	KleinBottleOrientifold	lean/InfoGeometry/Canonical/KleinBottleOrientifold.lean	39	true	modular/transport/flow substrate
L4_ModularTransport	transport	structure	OrientifoldPrimeGasPacket	lean/InfoGeometry/Canonical/KleinBottleOrientifold.lean	58	true	modular/transport/flow substrate
L4_ModularTransport	transport	structure	SquareFreeSupportPacket	lean/InfoGeometry/Canonical/KleinBottleOrientifold.lean	74	true	modular/transport/flow substrate
L3_Krein	krein	structure	KramersMajoranaCompatible	lean/InfoGeometry/Canonical/KramersMajoranaCompatibility.lean	36	false	Krein/doubled-geometry substrate
L3_Krein	krein	def	phaseReductionFactor	lean/InfoGeometry/Canonical/KramersMajoranaCompatibility.lean	47	false	Krein/doubled-geometry substrate
L3_Krein	krein	theorem	majorana_closed_theta	lean/InfoGeometry/Canonical/KramersMajoranaCompatibility.lean	53	true	Krein/doubled-geometry substrate
L3_Krein	krein	theorem	theta_preserves_majoranaFix_of_commute_C	lean/InfoGeometry/Canonical/KramersMajoranaCompatibility.lean	69	true	Krein/doubled-geometry substrate
L3_Krein	krein	theorem	majorana_closed_phasePartner	lean/InfoGeometry/Canonical/KramersMajoranaCompatibility.lean	77	true	Krein/doubled-geometry substrate
L3_Krein	krein	theorem	majorana_closed_theta_phasePartner	lean/InfoGeometry/Canonical/KramersMajoranaCompatibility.lean	88	true	Krein/doubled-geometry substrate
L3_Krein	krein	theorem	theta_eq_phaseReductionFactor_comp_phaseAxisK	lean/InfoGeometry/Canonical/KramersMajoranaCompatibility.lean	99	true	Krein/doubled-geometry substrate
L3_Krein	krein	theorem	majorana_closed_phaseReductionFactor	lean/InfoGeometry/Canonical/KramersMajoranaCompatibility.lean	110	true	Krein/doubled-geometry substrate
L3_Krein	krein	theorem	theta_phasePartner_eq_neg_phasePartner_theta	lean/InfoGeometry/Canonical/KramersMajoranaCompatibility.lean	139	true	Krein/doubled-geometry substrate
L3_Krein	krein	theorem	majorana_closed_kramersPair	lean/InfoGeometry/Canonical/KramersMajoranaCompatibility.lean	152	true	Krein/doubled-geometry substrate
L3_Krein	krein	theorem	majorana_closed_kramersPair_phasePartner	lean/InfoGeometry/Canonical/KramersMajoranaCompatibility.lean	165	true	Krein/doubled-geometry substrate
L3_Krein	krein	theorem	kramers_majorana_phaseReduction_package	lean/InfoGeometry/Canonical/KramersMajoranaCompatibility.lean	180	true	Krein/doubled-geometry substrate
L3_Krein	krein	def	phaseAxisRightFactor	lean/InfoGeometry/Canonical/KramersPhaseAxisReduction.lean	34	false	Krein/doubled-geometry substrate
L3_Krein	krein	theorem	phaseAxisRightFactor_comp_phaseAxis_eq	lean/InfoGeometry/Canonical/KramersPhaseAxisReduction.lean	42	true	Krein/doubled-geometry substrate
L3_Krein	krein	theorem	phaseAxisRightFactor_unique	lean/InfoGeometry/Canonical/KramersPhaseAxisReduction.lean	61	true	Krein/doubled-geometry substrate
L3_Krein	krein	theorem	kramers_factor_through_phaseAxis	lean/InfoGeometry/Canonical/KramersPhaseAxisReduction.lean	83	true	Krein/doubled-geometry substrate
L3_Krein	krein	theorem	kramers_factor_through_phaseAxis_unique	lean/InfoGeometry/Canonical/KramersPhaseAxisReduction.lean	95	true	Krein/doubled-geometry substrate
L3_Krein	krein	theorem	kramers_unique_phaseAxis_factor	lean/InfoGeometry/Canonical/KramersPhaseAxisReduction.lean	107	true	Krein/doubled-geometry substrate
L3_Krein	krein	theorem	theta_eq_R_comp_phaseAxisK_of_phaseReduction	lean/InfoGeometry/Canonical/KramersPhaseAxisReduction.lean	120	true	Krein/doubled-geometry substrate
L3_Krein	krein	theorem	phaseReduction_unique_of_commute_phaseAxisK	lean/InfoGeometry/Canonical/KramersPhaseAxisReduction.lean	131	true	Krein/doubled-geometry substrate
L3_Krein	krein	theorem	abstract_kramers_eq_intrinsic_phase_partner_iff	lean/InfoGeometry/Canonical/KramersPhaseAxisReduction.lean	152	true	Krein/doubled-geometry substrate
L3_Krein	krein	theorem	abstract_kramers_diverges_from_intrinsic_of_not_phaseReduction	lean/InfoGeometry/Canonical/KramersPhaseAxisReduction.lean	168	true	Krein/doubled-geometry substrate
L3_Krein	krein	theorem	abstract_kramers_phaseReduction_package	lean/InfoGeometry/Canonical/KramersPhaseAxisReduction.lean	186	true	Krein/doubled-geometry substrate
L3_Krein	krein	theorem	eq_zero_of_kLinear_and_kAntilinear	lean/InfoGeometry/Canonical/KramersPhaseAxisReduction.lean	206	true	Krein/doubled-geometry substrate
L3_Krein	krein	theorem	kramers_not_scalar_multiple_phaseAxis	lean/InfoGeometry/Canonical/KramersPhaseAxisReduction.lean	242	true	Krein/doubled-geometry substrate
L3_Krein	krein	theorem	kramers_not_kLinear	lean/InfoGeometry/Canonical/KramersPhaseAxisReduction.lean	283	true	Krein/doubled-geometry substrate
L3_Krein	krein	theorem	kramers_no_scalar_phaseAxis_collapse	lean/InfoGeometry/Canonical/KramersPhaseAxisReduction.lean	304	true	Krein/doubled-geometry substrate
L3_Krein	krein	abbrev	GammaS	lean/InfoGeometry/Canonical/KramersSuperchargeBridge.lean	32	false	Krein/doubled-geometry substrate
L3_Krein	krein	abbrev	chiL	lean/InfoGeometry/Canonical/KramersSuperchargeBridge.lean	37	false	Krein/doubled-geometry substrate
L3_Krein	krein	abbrev	chiR	lean/InfoGeometry/Canonical/KramersSuperchargeBridge.lean	42	false	Krein/doubled-geometry substrate
L3_Krein	krein	abbrev	QD	lean/InfoGeometry/Canonical/KramersSuperchargeBridge.lean	47	false	Krein/doubled-geometry substrate
L3_Krein	krein	abbrev	HD	lean/InfoGeometry/Canonical/KramersSuperchargeBridge.lean	52	false	Krein/doubled-geometry substrate
L3_Krein	krein	abbrev	ZD	lean/InfoGeometry/Canonical/KramersSuperchargeBridge.lean	57	false	Krein/doubled-geometry substrate
L3_Krein	krein	abbrev	HK	lean/InfoGeometry/Canonical/KramersSuperchargeBridge.lean	62	false	Krein/doubled-geometry substrate
L3_Krein	krein	theorem	qD_is_odd	lean/InfoGeometry/Canonical/KramersSuperchargeBridge.lean	67	true	Krein/doubled-geometry substrate
L3_Krein	krein	theorem	hD_is_even	lean/InfoGeometry/Canonical/KramersSuperchargeBridge.lean	74	true	Krein/doubled-geometry substrate
L3_Krein	krein	theorem	hD_eq_hK_add_zD	lean/InfoGeometry/Canonical/KramersSuperchargeBridge.lean	81	true	Krein/doubled-geometry substrate
L3_Krein	krein	theorem	theta_phasePartner_eq_neg_phasePartner_theta	lean/InfoGeometry/Canonical/KramersSuperchargeBridge.lean	93	true	Krein/doubled-geometry substrate
L3_Krein	krein	theorem	kramersPair_phasePartner_bridge	lean/InfoGeometry/Canonical/KramersSuperchargeBridge.lean	108	true	Krein/doubled-geometry substrate
L3_Krein	krein	theorem	kramers_conjugated_qD_is_odd_of_commute_GammaS	lean/InfoGeometry/Canonical/KramersSuperchargeBridge.lean	125	true	Krein/doubled-geometry substrate
L3_Krein	krein	theorem	majorana_fixed_closed_of_commute	lean/InfoGeometry/Canonical/KramersSuperchargeBridge.lean	153	true	Krein/doubled-geometry substrate
L3_Krein	krein	theorem	majorana_closed_chiL_of_commute	lean/InfoGeometry/Canonical/KramersSuperchargeBridge.lean	169	true	Krein/doubled-geometry substrate
L3_Krein	krein	theorem	majorana_closed_chiR_of_commute	lean/InfoGeometry/Canonical/KramersSuperchargeBridge.lean	180	true	Krein/doubled-geometry substrate
L3_Krein	krein	theorem	commute_C_QD_of_commute_C_chi	lean/InfoGeometry/Canonical/KramersSuperchargeBridge.lean	191	true	Krein/doubled-geometry substrate
L3_Krein	krein	theorem	commute_C_HD_of_commute_C_QD	lean/InfoGeometry/Canonical/KramersSuperchargeBridge.lean	209	true	Krein/doubled-geometry substrate
L3_Krein	krein	theorem	majorana_closed_QD_of_commute_chi	lean/InfoGeometry/Canonical/KramersSuperchargeBridge.lean	227	true	Krein/doubled-geometry substrate
L3_Krein	krein	theorem	majorana_closed_HD_of_commute_chi	lean/InfoGeometry/Canonical/KramersSuperchargeBridge.lean	241	true	Krein/doubled-geometry substrate
L3_Krein	krein	theorem	commute_C_ZD_of_commute_chi_and_Q0	lean/InfoGeometry/Canonical/KramersSuperchargeBridge.lean	260	true	Krein/doubled-geometry substrate
L3_Krein	krein	theorem	commute_C_HK_of_commute_chi_and_Q0	lean/InfoGeometry/Canonical/KramersSuperchargeBridge.lean	302	true	Krein/doubled-geometry substrate
L3_Krein	krein	theorem	majorana_closed_ZD_of_commute_chi_and_Q0	lean/InfoGeometry/Canonical/KramersSuperchargeBridge.lean	326	true	Krein/doubled-geometry substrate
L3_Krein	krein	theorem	majorana_closed_HK_of_commute_chi_and_Q0	lean/InfoGeometry/Canonical/KramersSuperchargeBridge.lean	342	true	Krein/doubled-geometry substrate
L3_Krein	krein	theorem	majorana_closed_HK_and_ZD_of_commute_chi_and_Q0	lean/InfoGeometry/Canonical/KramersSuperchargeBridge.lean	361	true	Krein/doubled-geometry substrate
L4_ModularTransport	transport	theorem	transportDirac_sq_eq_transportMetricOp	lean/InfoGeometry/Canonical/KreinDiracPolarizationBridge.lean	61	true	modular/transport/flow substrate
L4_ModularTransport	transport	def	transportDiracFlow	lean/InfoGeometry/Canonical/KreinDiracSpectralLift.lean	44	false	modular/transport/flow substrate
L5_ThermodynamicClosure	thermo	structure	ResidueContourHolonomyData	lean/InfoGeometry/Canonical/LiteratureGrandCanonicalWeylTKK.lean	48	false	thermodynamic/free-energy/closure substrate
L5_ThermodynamicClosure	thermo	theorem	contourHolonomy_eq_lapseResidue	lean/InfoGeometry/Canonical/LiteratureGrandCanonicalWeylTKK.lean	67	true	thermodynamic/free-energy/closure substrate
L5_ThermodynamicClosure	thermo	structure	SimplePoleResidueData	lean/InfoGeometry/Canonical/LiteratureGrandCanonicalWeylTKK.lean	86	false	thermodynamic/free-energy/closure substrate
L5_ThermodynamicClosure	thermo	theorem	beta_eq_four_pi_residue	lean/InfoGeometry/Canonical/LiteratureGrandCanonicalWeylTKK.lean	98	true	thermodynamic/free-energy/closure substrate
L5_ThermodynamicClosure	thermo	def	canonicalSingularAction	lean/InfoGeometry/Canonical/LiteratureGrandCanonicalWeylTKK.lean	104	false	thermodynamic/free-energy/closure substrate
L5_ThermodynamicClosure	thermo	def	grandCanonicalSingularAction	lean/InfoGeometry/Canonical/LiteratureGrandCanonicalWeylTKK.lean	114	false	thermodynamic/free-energy/closure substrate
L5_ThermodynamicClosure	thermo	theorem	grandCanonicalSingularAction_eq	lean/InfoGeometry/Canonical/LiteratureGrandCanonicalWeylTKK.lean	120	true	thermodynamic/free-energy/closure substrate
L5_ThermodynamicClosure	thermo	theorem	grandCanonicalSingularAction_eq_canonical_sub_muN	lean/InfoGeometry/Canonical/LiteratureGrandCanonicalWeylTKK.lean	131	true	thermodynamic/free-energy/closure substrate
L5_ThermodynamicClosure	thermo	def	toSimplePoleResidueData	lean/InfoGeometry/Canonical/LiteratureGrandCanonicalWeylTKK.lean	148	false	thermodynamic/free-energy/closure substrate
L5_ThermodynamicClosure	thermo	def	grandCanonicalContourHolonomyAction	lean/InfoGeometry/Canonical/LiteratureGrandCanonicalWeylTKK.lean	164	false	thermodynamic/free-energy/closure substrate
L5_ThermodynamicClosure	thermo	theorem	grandCanonicalContourHolonomyAction_eq_canonical_sub_muN	lean/InfoGeometry/Canonical/LiteratureGrandCanonicalWeylTKK.lean	176	true	thermodynamic/free-energy/closure substrate
L5_ThermodynamicClosure	thermo	structure	TolmanKleinRedshiftData	lean/InfoGeometry/Canonical/LiteratureGrandCanonicalWeylTKK.lean	199	false	thermodynamic/free-energy/closure substrate
L5_ThermodynamicClosure	thermo	theorem	temperatureRedshiftInvariant	lean/InfoGeometry/Canonical/LiteratureGrandCanonicalWeylTKK.lean	216	true	thermodynamic/free-energy/closure substrate
L5_ThermodynamicClosure	thermo	theorem	chemicalPotentialRedshiftInvariant	lean/InfoGeometry/Canonical/LiteratureGrandCanonicalWeylTKK.lean	222	true	thermodynamic/free-energy/closure substrate
L4_ModularTransport	transport	structure	WeylGaugeCovariantInterface	lean/InfoGeometry/Canonical/LiteratureGrandCanonicalWeylTKK.lean	240	false	modular/transport/flow substrate
L4_ModularTransport	transport	theorem	curvature_transform_eq	lean/InfoGeometry/Canonical/LiteratureGrandCanonicalWeylTKK.lean	255	true	modular/transport/flow substrate
L4_ModularTransport	transport	structure	TKKThreeGradedClosure	lean/InfoGeometry/Canonical/LiteratureGrandCanonicalWeylTKK.lean	273	false	modular/transport/flow substrate
L4_ModularTransport	transport	theorem	bracketPlusMinusMemZero	lean/InfoGeometry/Canonical/LiteratureGrandCanonicalWeylTKK.lean	294	true	modular/transport/flow substrate
L4_ModularTransport	transport	theorem	bracketZeroPlusMemPlus	lean/InfoGeometry/Canonical/LiteratureGrandCanonicalWeylTKK.lean	301	true	modular/transport/flow substrate
L4_ModularTransport	transport	theorem	bracketZeroMinusMemMinus	lean/InfoGeometry/Canonical/LiteratureGrandCanonicalWeylTKK.lean	308	true	modular/transport/flow substrate
L4_ModularTransport	transport	theorem	bracketZeroZeroMemZero	lean/InfoGeometry/Canonical/LiteratureGrandCanonicalWeylTKK.lean	315	true	modular/transport/flow substrate
L5_ThermodynamicClosure	thermo	structure	KarushKuhnTuckerThermodynamicData	lean/InfoGeometry/Canonical/LiteratureGrandCanonicalWeylTKK.lean	333	true	thermodynamic/free-energy/closure substrate
L5_ThermodynamicClosure	thermo	theorem	packet	lean/InfoGeometry/Canonical/LiteratureGrandCanonicalWeylTKK.lean	346	true	thermodynamic/free-energy/closure substrate
L5_ThermodynamicClosure	thermo	structure	KarushKuhnTuckerResidualCertificate	lean/InfoGeometry/Canonical/LiteratureGrandCanonicalWeylTKK.lean	368	false	thermodynamic/free-energy/closure substrate
L5_ThermodynamicClosure	thermo	def	toThermodynamicData	lean/InfoGeometry/Canonical/LiteratureGrandCanonicalWeylTKK.lean	387	false	thermodynamic/free-energy/closure substrate
L5_ThermodynamicClosure	thermo	theorem	primalFeasible	lean/InfoGeometry/Canonical/LiteratureGrandCanonicalWeylTKK.lean	396	true	thermodynamic/free-energy/closure substrate
L5_ThermodynamicClosure	thermo	theorem	dualFeasible	lean/InfoGeometry/Canonical/LiteratureGrandCanonicalWeylTKK.lean	401	true	thermodynamic/free-energy/closure substrate
L5_ThermodynamicClosure	thermo	theorem	stationarity	lean/InfoGeometry/Canonical/LiteratureGrandCanonicalWeylTKK.lean	406	true	thermodynamic/free-energy/closure substrate
L5_ThermodynamicClosure	thermo	theorem	complementarySlackness	lean/InfoGeometry/Canonical/LiteratureGrandCanonicalWeylTKK.lean	411	true	thermodynamic/free-energy/closure substrate
L5_ThermodynamicClosure	thermo	theorem	finitePartitionAdmissible	lean/InfoGeometry/Canonical/LiteratureGrandCanonicalWeylTKK.lean	417	true	thermodynamic/free-energy/closure substrate
L5_ThermodynamicClosure	thermo	theorem	exactPacket	lean/InfoGeometry/Canonical/LiteratureGrandCanonicalWeylTKK.lean	426	true	thermodynamic/free-energy/closure substrate
L4_ModularTransport	transport	structure	LiteratureWeylGrandCanonicalTKKBridge	lean/InfoGeometry/Canonical/LiteratureGrandCanonicalWeylTKK.lean	449	false	modular/transport/flow substrate
L4_ModularTransport	transport	structure	LiteratureWeylGrandCanonicalTKKKKTBridge	lean/InfoGeometry/Canonical/LiteratureGrandCanonicalWeylTKK.lean	466	false	modular/transport/flow substrate
L4_ModularTransport	transport	structure	ConstructiveLiteratureWeylGrandCanonicalTKKKKTBridge	lean/InfoGeometry/Canonical/LiteratureGrandCanonicalWeylTKK.lean	477	false	modular/transport/flow substrate
L5_ThermodynamicClosure	thermo	def	toKKTBridge	lean/InfoGeometry/Canonical/LiteratureGrandCanonicalWeylTKK.lean	491	false	thermodynamic/free-energy/closure substrate
L5_ThermodynamicClosure	thermo	theorem	exactKKTOptimizationPacket	lean/InfoGeometry/Canonical/LiteratureGrandCanonicalWeylTKK.lean	503	true	thermodynamic/free-energy/closure substrate
L5_ThermodynamicClosure	thermo	theorem	grandCanonicalActionAffine	lean/InfoGeometry/Canonical/LiteratureGrandCanonicalWeylTKK.lean	513	true	thermodynamic/free-energy/closure substrate
L5_ThermodynamicClosure	thermo	theorem	grandCanonicalWeylTKKKKTExactPacket	lean/InfoGeometry/Canonical/LiteratureGrandCanonicalWeylTKK.lean	530	true	thermodynamic/free-energy/closure substrate
L5_ThermodynamicClosure	thermo	theorem	inverseTemperatureFromResidue	lean/InfoGeometry/Canonical/LiteratureGrandCanonicalWeylTKK.lean	566	true	thermodynamic/free-energy/closure substrate
L5_ThermodynamicClosure	thermo	theorem	grandCanonicalActionAffine	lean/InfoGeometry/Canonical/LiteratureGrandCanonicalWeylTKK.lean	572	true	thermodynamic/free-energy/closure substrate
L5_ThermodynamicClosure	thermo	theorem	contourHolonomyReadsLapseResidue	lean/InfoGeometry/Canonical/LiteratureGrandCanonicalWeylTKK.lean	583	true	thermodynamic/free-energy/closure substrate
L5_ThermodynamicClosure	thermo	theorem	contourHolonomyGrandCanonicalActionAffine	lean/InfoGeometry/Canonical/LiteratureGrandCanonicalWeylTKK.lean	596	true	thermodynamic/free-energy/closure substrate
L4_ModularTransport	transport	theorem	weylCurvatureInvariant	lean/InfoGeometry/Canonical/LiteratureGrandCanonicalWeylTKK.lean	611	true	modular/transport/flow substrate
L4_ModularTransport	transport	theorem	tkkPlusMinusClosesInZero	lean/InfoGeometry/Canonical/LiteratureGrandCanonicalWeylTKK.lean	619	true	modular/transport/flow substrate
L4_ModularTransport	transport	structure	WeylCoadjointMetriplecticBridge	lean/InfoGeometry/Canonical/LiteratureGrandCanonicalWeylTKK.lean	644	false	modular/transport/flow substrate
L4_ModularTransport	transport	theorem	entropyFoliation_transverseOnsager_weylCovariant_packet	lean/InfoGeometry/Canonical/LiteratureGrandCanonicalWeylTKK.lean	666	true	modular/transport/flow substrate
L4_ModularTransport	transport	theorem	squareEntropyFoliation_transverseOnsager_weylCovariant_packet	lean/InfoGeometry/Canonical/LiteratureGrandCanonicalWeylTKK.lean	718	true	modular/transport/flow substrate
L5_ThermodynamicClosure	thermo	theorem	kktOptimizationPacket	lean/InfoGeometry/Canonical/LiteratureGrandCanonicalWeylTKK.lean	758	true	thermodynamic/free-energy/closure substrate
L5_ThermodynamicClosure	thermo	theorem	grandCanonicalActionAffine	lean/InfoGeometry/Canonical/LiteratureGrandCanonicalWeylTKK.lean	776	true	thermodynamic/free-energy/closure substrate
L3_Krein	krein	structure	HodgeSelfDualSplit	lean/InfoGeometry/Canonical/LiteratureTwistorHodgePalatial.lean	38	false	Krein/doubled-geometry substrate
L3_Krein	krein	theorem	hodgeStar_eq_self_of_mem	lean/InfoGeometry/Canonical/LiteratureTwistorHodgePalatial.lean	51	true	Krein/doubled-geometry substrate
L3_Krein	krein	theorem	hodgeStar_eq_neg_of_anti_mem	lean/InfoGeometry/Canonical/LiteratureTwistorHodgePalatial.lean	57	true	Krein/doubled-geometry substrate
L4_ModularTransport	transport	structure	PenroseContourIntegralData	lean/InfoGeometry/Canonical/LiteratureTwistorHodgePalatial.lean	74	false	modular/transport/flow substrate
L4_ModularTransport	transport	theorem	contourReadout_eq	lean/InfoGeometry/Canonical/LiteratureTwistorHodgePalatial.lean	93	true	modular/transport/flow substrate
L4_ModularTransport	transport	structure	PenroseHodgeIntegralData	lean/InfoGeometry/Canonical/LiteratureTwistorHodgePalatial.lean	106	false	modular/transport/flow substrate
L4_ModularTransport	transport	theorem	contourReadout_eq_field	lean/InfoGeometry/Canonical/LiteratureTwistorHodgePalatial.lean	123	true	modular/transport/flow substrate
L3_Krein	krein	theorem	representedForm_mem_hodge_sector	lean/InfoGeometry/Canonical/LiteratureTwistorHodgePalatial.lean	132	true	Krein/doubled-geometry substrate
L2_Operator	operator	structure	PalatialTwistorOperatorAlgebra	lean/InfoGeometry/Canonical/LiteratureTwistorHodgePalatial.lean	148	false	operator-algebraic bridge substrate
L2_Operator	operator	theorem	coordinate_derivative_commutator_eq	lean/InfoGeometry/Canonical/LiteratureTwistorHodgePalatial.lean	164	true	operator-algebraic bridge substrate
L4_ModularTransport	transport	structure	PalatialPenroseHodgeBridge	lean/InfoGeometry/Canonical/LiteratureTwistorHodgePalatial.lean	179	false	modular/transport/flow substrate
L4_ModularTransport	transport	theorem	operatorRealization_eq_contourField	lean/InfoGeometry/Canonical/LiteratureTwistorHodgePalatial.lean	195	true	modular/transport/flow substrate
L4_ModularTransport	transport	theorem	contourReadout_eq_operatorRealization	lean/InfoGeometry/Canonical/LiteratureTwistorHodgePalatial.lean	201	true	modular/transport/flow substrate
L2_Operator	operator	theorem	palatial_commutator_law	lean/InfoGeometry/Canonical/LiteratureTwistorHodgePalatial.lean	212	true	operator-algebraic bridge substrate
L3_Krein	krein	theorem	root_positive_chiral_hodge_loop_is_projector	lean/InfoGeometry/Canonical/LiteratureTwistorHodgePalatial.lean	236	true	Krein/doubled-geometry substrate
L3_Krein	krein	theorem	root_negative_chiral_hodge_loop_is_projector	lean/InfoGeometry/Canonical/LiteratureTwistorHodgePalatial.lean	246	true	Krein/doubled-geometry substrate
L4_ModularTransport	transport	structure	TypeIIILogDetRNPackage	lean/InfoGeometry/Canonical/LogDetRadonNikodymMechanism.lean	69	false	modular/transport/flow substrate
L3_Krein	krein	structure	WeylBoundarySpinorPair	lean/InfoGeometry/Canonical/MajoranaKitaevSpinorBridge.lean	39	false	Krein/doubled-geometry substrate
L3_Krein	krein	structure	MajoranaKitaevSpinorRegularizationPackage	lean/InfoGeometry/Canonical/MajoranaKitaevSpinorBridge.lean	56	false	Krein/doubled-geometry substrate
L3_Krein	krein	theorem	polarizationOdd_F_of_chiralityPolarization_eq_kkChirality	lean/InfoGeometry/Canonical/MajoranaKitaevSpinorBridge.lean	87	true	Krein/doubled-geometry substrate
L3_Krein	krein	def	weylBoundarySpinorPair_of_nontrivial_chiralKernelSlices_of_identifiedChirality	lean/InfoGeometry/Canonical/MajoranaKitaevSpinorBridge.lean	104	false	Krein/doubled-geometry substrate
L3_Krein	krein	def	majoranaKitaevSpinorRegularizationPackage_of_nonzero_analyticalIndex_of_identifiedChiralKernelSlices	lean/InfoGeometry/Canonical/MajoranaKitaevSpinorBridge.lean	162	false	Krein/doubled-geometry substrate
L3_Krein	krein	def	weylBoundarySpinorPair_of_simplifiedBoundaryModel	lean/InfoGeometry/Canonical/MajoranaKitaevSpinorBridge.lean	200	false	Krein/doubled-geometry substrate
L2_Operator	operator	theorem	exists_nontrivial_regularization_pair_of_simplifiedBoundaryModel	lean/InfoGeometry/Canonical/MajoranaKitaevSpinorBridge.lean	231	true	operator-algebraic bridge substrate
L3_Krein	krein	def	majoranaKitaevSpinorRegularizationPackage_of_simplifiedBoundaryModel	lean/InfoGeometry/Canonical/MajoranaKitaevSpinorBridge.lean	265	false	Krein/doubled-geometry substrate
L1_Projective	projective	theorem	projectiveDynamics_J_eq_projectiveMap_tomitaAtomSeed_J	lean/InfoGeometry/Canonical/MajoranaKreinCartanSplit.lean	47	true	projection/support/compression substrate
L1_Projective	projective	theorem	projectiveDynamics_epsilon_eq_projectiveMap_tomitaAtomSeed_eps	lean/InfoGeometry/Canonical/MajoranaKreinCartanSplit.lean	53	true	projection/support/compression substrate
L1_Projective	projective	theorem	projectiveDynamics_I_eq_projectiveMap_tomitaAtomSeed_phaseAxis	lean/InfoGeometry/Canonical/MajoranaKreinCartanSplit.lean	59	true	projection/support/compression substrate
L1_Projective	projective	theorem	projectiveDynamics_tomitaAtomSeed_J_comp_eps	lean/InfoGeometry/Canonical/MajoranaKreinCartanSplit.lean	65	true	projection/support/compression substrate
L1_Projective	projective	theorem	projectiveDynamics_tomitaAtomSeed_commute	lean/InfoGeometry/Canonical/MajoranaKreinCartanSplit.lean	73	true	projection/support/compression substrate
L4_ModularTransport	transport	theorem	comparisonTransportGenerator_eq_gauge_add_source	lean/InfoGeometry/Canonical/MajoranaKreinCartanSplit.lean	84	true	modular/transport/flow substrate
L4_ModularTransport	transport	theorem	comparisonGaugeGenerator_eq_phaseLinearPart_comparisonTransportGenerator	lean/InfoGeometry/Canonical/MajoranaKreinCartanSplit.lean	96	true	modular/transport/flow substrate
L4_ModularTransport	transport	theorem	comparisonSourceGenerator_eq_phaseAntilinearPart_comparisonTransportGenerator	lean/InfoGeometry/Canonical/MajoranaKreinCartanSplit.lean	104	true	modular/transport/flow substrate
L4_ModularTransport	transport	theorem	comparisonGaugeGenerator_isPhaseLinear	lean/InfoGeometry/Canonical/MajoranaKreinCartanSplit.lean	112	true	modular/transport/flow substrate
L4_ModularTransport	transport	theorem	comparisonSourceGenerator_isPhaseAntilinear	lean/InfoGeometry/Canonical/MajoranaKreinCartanSplit.lean	121	true	modular/transport/flow substrate
L4_ModularTransport	transport	theorem	comparisonGaugeDynamics_eq_transportCommutator_phaseLinearPart	lean/InfoGeometry/Canonical/MajoranaKreinCartanSplit.lean	130	true	modular/transport/flow substrate
L4_ModularTransport	transport	theorem	comparisonSourceDynamics_eq_transportCommutator_phaseAntilinearPart	lean/InfoGeometry/Canonical/MajoranaKreinCartanSplit.lean	140	true	modular/transport/flow substrate
L4_ModularTransport	transport	theorem	comparisonMetricReadout_eq_metricOfGauge_add_metricOfSource	lean/InfoGeometry/Canonical/MajoranaKreinCartanSplit.lean	150	true	modular/transport/flow substrate
L4_ModularTransport	transport	theorem	comparisonMetricReadout_eq_metricOf_phaseLinearPart_add_metricOf_phaseAntilinearPart	lean/InfoGeometry/Canonical/MajoranaKreinCartanSplit.lean	165	true	modular/transport/flow substrate
L4_ModularTransport	transport	theorem	comparisonPhaseReadout_eq_berryOfGauge_add_berryOfSource	lean/InfoGeometry/Canonical/MajoranaKreinCartanSplit.lean	184	true	modular/transport/flow substrate
L4_ModularTransport	transport	theorem	comparisonPhaseReadout_eq_berryOf_phaseLinearPart_add_berryOf_phaseAntilinearPart	lean/InfoGeometry/Canonical/MajoranaKreinCartanSplit.lean	199	true	modular/transport/flow substrate
L4_ModularTransport	transport	theorem	isPotentialKillingOperator_iff_comparisonReadoutStationary	lean/InfoGeometry/Canonical/MajoranaKreinCartanSplit.lean	220	true	modular/transport/flow substrate
L4_ModularTransport	transport	theorem	comparisonReadout_kSplit_eq_zero_of_isPotentialKillingOperator	lean/InfoGeometry/Canonical/MajoranaKreinCartanSplit.lean	236	true	modular/transport/flow substrate
L4_ModularTransport	transport	theorem	comparisonReadout_pair_eq_zero_of_equilibriumSeed	lean/InfoGeometry/Canonical/MajoranaKreinCartanSplit.lean	272	true	modular/transport/flow substrate
L4_ModularTransport	transport	theorem	comparisonReadout_phasePart_eq_zero_of_isPotentialKillingOperator	lean/InfoGeometry/Canonical/MajoranaKreinCartanSplit.lean	284	true	modular/transport/flow substrate
L4_ModularTransport	transport	theorem	comparisonReadout_phasePart_eq_zero_of_equilibriumSeed	lean/InfoGeometry/Canonical/MajoranaKreinCartanSplit.lean	317	true	modular/transport/flow substrate
L4_ModularTransport	transport	theorem	comparisonReadout_phasePart_eq_zero_of_firstVariation_eq_zero_of_probeFaithful	lean/InfoGeometry/Canonical/MajoranaKreinCartanSplit.lean	354	true	modular/transport/flow substrate
L4_ModularTransport	transport	def	packetOfCanonicalDIIIProxy	lean/InfoGeometry/Canonical/MajoranaLiftPacketBridge.lean	42	false	modular/transport/flow substrate
L4_ModularTransport	transport	theorem	packetOfCanonicalDIIIProxy_root_laws	lean/InfoGeometry/Canonical/MajoranaLiftPacketBridge.lean	68	true	modular/transport/flow substrate
L4_ModularTransport	transport	theorem	packetOfCanonicalDIIIProxy_concreteCAR	lean/InfoGeometry/Canonical/MajoranaLiftPacketBridge.lean	77	true	modular/transport/flow substrate
L4_ModularTransport	transport	theorem	unifiedPackage_projected_fermionic_closure	lean/InfoGeometry/Canonical/MajoranaLiftPacketBridge.lean	88	true	modular/transport/flow substrate
L4_ModularTransport	transport	theorem	onsager_phaseChannel_signFlip	lean/InfoGeometry/Canonical/MajoranaLiftPacketBridge.lean	105	true	modular/transport/flow substrate
L4_ModularTransport	transport	structure	MetricAdjointData	lean/InfoGeometry/Canonical/MetricTransportWitness.lean	23	true	modular/transport/flow substrate
L4_ModularTransport	transport	structure	MoorePenroseInverseG	lean/InfoGeometry/Canonical/MetricTransportWitness.lean	32	true	modular/transport/flow substrate
L4_ModularTransport	transport	structure	SimilarityTransportWitness	lean/InfoGeometry/Canonical/MetricTransportWitness.lean	43	true	modular/transport/flow substrate
L4_ModularTransport	transport	structure	MetricCompensatorWitness	lean/InfoGeometry/Canonical/MetricTransportWitness.lean	92	false	modular/transport/flow substrate
L4_ModularTransport	transport	structure	LocalGaugeMetricTransportWitness	lean/InfoGeometry/Canonical/MetricTransportWitness.lean	100	true	modular/transport/flow substrate
L3_Krein	krein	def	modularHamiltonianDoubledExpr	lean/InfoGeometry/Canonical/ModularHamiltonianDoubledBridge.lean	49	false	Krein/doubled-geometry substrate
L3_Krein	krein	theorem	modularHamiltonian_eq_doubledExpr	lean/InfoGeometry/Canonical/ModularHamiltonianDoubledBridge.lean	59	true	Krein/doubled-geometry substrate
L3_Krein	krein	theorem	modularHamiltonian_eq_phaseAxisForm	lean/InfoGeometry/Canonical/ModularHamiltonianDoubledBridge.lean	70	true	Krein/doubled-geometry substrate
L4_ModularTransport	transport	theorem	canonicalTomitaLogData_exp_deltaLog	lean/InfoGeometry/Canonical/ModularHamiltonianDoubledBridge.lean	83	true	modular/transport/flow substrate
L4_ModularTransport	transport	theorem	canonicalTomitaLogData_Delta_eq_exp_deltaLog	lean/InfoGeometry/Canonical/ModularHamiltonianDoubledBridge.lean	91	true	modular/transport/flow substrate
L4_ModularTransport	transport	theorem	canonicalTomita_modularHamiltonian_exp_neg_eq_Delta	lean/InfoGeometry/Canonical/ModularHamiltonianDoubledBridge.lean	102	true	modular/transport/flow substrate
L4_ModularTransport	transport	theorem	canonicalTomita_deltaLog_eq_neg_superHamiltonian_comp_phaseAxisK	lean/InfoGeometry/Canonical/ModularHamiltonianDoubledBridge.lean	115	true	modular/transport/flow substrate
L4_ModularTransport	transport	theorem	canonicalTomita_generator_eq_deltaLog_comp_phaseAxisK	lean/InfoGeometry/Canonical/ModularHamiltonianDoubledBridge.lean	124	true	modular/transport/flow substrate
L4_ModularTransport	transport	theorem	canonicalTomita_generator_eq_doubledExpr	lean/InfoGeometry/Canonical/ModularHamiltonianDoubledBridge.lean	137	true	modular/transport/flow substrate
L4_ModularTransport	transport	theorem	canonicalTomita_generator_eq_deltaLog_comp_modular_j_comp_spectral_epsilon	lean/InfoGeometry/Canonical/ModularHamiltonianDoubledBridge.lean	145	true	modular/transport/flow substrate
L4_ModularTransport	transport	theorem	canonicalTomita_flow_eq_exp_time_generator	lean/InfoGeometry/Canonical/ModularHamiltonianDoubledBridge.lean	161	true	modular/transport/flow substrate
L4_ModularTransport	transport	theorem	canonicalTomita_adjointFlow_eq_exp_generator_conjugation	lean/InfoGeometry/Canonical/ModularHamiltonianDoubledBridge.lean	173	true	modular/transport/flow substrate
L4_ModularTransport	transport	theorem	projectedEven_superHamiltonian_eq_canonicalTomita_generator	lean/InfoGeometry/Canonical/ModularHamiltonianDoubledBridge.lean	188	true	modular/transport/flow substrate
L4_ModularTransport	transport	theorem	projectedEven_superHamiltonian_eq_doubledExpr	lean/InfoGeometry/Canonical/ModularHamiltonianDoubledBridge.lean	198	true	modular/transport/flow substrate
L2_Operator	operator	theorem	log_defined_on_Preg	lean/InfoGeometry/Canonical/ModularHamiltonianPregSupportBridge.lean	43	true	operator-algebraic bridge substrate
L2_Operator	operator	theorem	log_defined_on_	lean/InfoGeometry/Canonical/ModularHamiltonianPregSupportBridge.lean	54	true	operator-algebraic bridge substrate
L2_Operator	operator	theorem	log_defined_on_Preg_of_regularSpectrumPositive	lean/InfoGeometry/Canonical/ModularHamiltonianPregSupportBridge.lean	65	true	operator-algebraic bridge substrate
L2_Operator	operator	def	K_neg_log_PregDelta	lean/InfoGeometry/Canonical/ModularHamiltonianPregSupportBridge.lean	79	false	operator-algebraic bridge substrate
L2_Operator	operator	theorem	K_neg_log_PregDelta_eq_Kreg	lean/InfoGeometry/Canonical/ModularHamiltonianPregSupportBridge.lean	87	true	operator-algebraic bridge substrate
L2_Operator	operator	theorem	Kambient_eq_compress_Preg_K_neg_log_PregDelta	lean/InfoGeometry/Canonical/ModularHamiltonianPregSupportBridge.lean	96	true	operator-algebraic bridge substrate
L2_Operator	operator	theorem	K_neg_log_PregDelta_support_package	lean/InfoGeometry/Canonical/ModularHamiltonianPregSupportBridge.lean	110	true	operator-algebraic bridge substrate
L3_Krein	krein	theorem	Delta_reg_eq_compress_Preg_canonicalDelta	lean/InfoGeometry/Canonical/ModularHamiltonianPregSupportBridge.lean	136	true	Krein/doubled-geometry substrate
L3_Krein	krein	theorem	Delta_reg_eq_compress_Preg_exp_canonicalDeltaLog	lean/InfoGeometry/Canonical/ModularHamiltonianPregSupportBridge.lean	149	true	Krein/doubled-geometry substrate
L3_Krein	krein	theorem	Kambient_eq_compress_Preg_neg_canonicalDeltaLog	lean/InfoGeometry/Canonical/ModularHamiltonianPregSupportBridge.lean	172	true	Krein/doubled-geometry substrate
L3_Krein	krein	theorem	canonicalTomita_support_package_on_Preg_of_certifiedReduction	lean/InfoGeometry/Canonical/ModularHamiltonianPregSupportBridge.lean	186	true	Krein/doubled-geometry substrate
L3_Krein	krein	theorem	canonicalTomita_no_log_on_Pzero_of_certifiedReduction	lean/InfoGeometry/Canonical/ModularHamiltonianPregSupportBridge.lean	214	true	Krein/doubled-geometry substrate
L3_Krein	krein	theorem	Kphys_eq_metric_compress_of_canonicalTomita	lean/InfoGeometry/Canonical/ModularHamiltonianPregSupportBridge.lean	224	true	Krein/doubled-geometry substrate
L4_ModularTransport	transport	def	modularHessian	lean/InfoGeometry/Canonical/ModularHessian.lean	34	false	modular/transport/flow substrate
L4_ModularTransport	transport	def	fisherPart	lean/InfoGeometry/Canonical/ModularHessian.lean	43	false	modular/transport/flow substrate
L4_ModularTransport	transport	def	vortexPart	lean/InfoGeometry/Canonical/ModularHessian.lean	52	false	modular/transport/flow substrate
L4_ModularTransport	transport	def	IsReferenceGaugeFixed	lean/InfoGeometry/Canonical/ModularHessian.lean	61	true	modular/transport/flow substrate
L1_Projective	projective	theorem	generalizedKL_scale_shape_split	lean/InfoGeometry/Canonical/ModularKLDivergenceBridge.lean	43	true	projection/support/compression substrate
L1_Projective	projective	theorem	generalizedKL_eq_klLike_add_massSlack	lean/InfoGeometry/Canonical/ModularKLDivergenceBridge.lean	59	true	projection/support/compression substrate
L1_Projective	projective	theorem	generalizedKL_scale_shape_terms_nonneg	lean/InfoGeometry/Canonical/ModularKLDivergenceBridge.lean	72	true	projection/support/compression substrate
L1_Projective	projective	theorem	generalizedKL_scale_shape_mass_term_pos_of_mass_ne	lean/InfoGeometry/Canonical/ModularKLDivergenceBridge.lean	99	true	projection/support/compression substrate
L1_Projective	projective	theorem	generalizedKL_scale_shape_split_with_nonneg	lean/InfoGeometry/Canonical/ModularKLDivergenceBridge.lean	116	true	projection/support/compression substrate
L1_Projective	projective	def	generalizedKL_activeShapeTerm	lean/InfoGeometry/Canonical/ModularKLDivergenceBridge.lean	155	false	projection/support/compression substrate
L1_Projective	projective	def	generalizedKL_kernelMassTerm	lean/InfoGeometry/Canonical/ModularKLDivergenceBridge.lean	164	false	projection/support/compression substrate
L4_ModularTransport	transport	theorem	relativeModularScaleShapeSplit_eq_drazinActiveKernelSplit	lean/InfoGeometry/Canonical/ModularKLDivergenceBridge.lean	178	true	modular/transport/flow substrate
L4_ModularTransport	transport	theorem	relativeModularScaleShapeSplit_eq_drazinActiveKernelSplit_with_dilationGap	lean/InfoGeometry/Canonical/ModularKLDivergenceBridge.lean	210	true	modular/transport/flow substrate
L4_ModularTransport	transport	theorem	relativeModular_scaleShapeSplit_eq_projectiveGaugeSplit	lean/InfoGeometry/Canonical/ModularKLDivergenceBridge.lean	254	true	modular/transport/flow substrate
L4_ModularTransport	transport	theorem	relativeModular_scaleShapeSplit_eq_projectiveGaugeSplit_of_wedgeCalibrated	lean/InfoGeometry/Canonical/ModularKLDivergenceBridge.lean	300	true	modular/transport/flow substrate
L1_Projective	projective	theorem	positiveRay_logGenerator_eq_relativeModularPotential_ae	lean/InfoGeometry/Canonical/ModularKLDivergenceBridge.lean	370	true	projection/support/compression substrate
L1_Projective	projective	theorem	positiveRay_logGenerator_eq_relativeModularPotential	lean/InfoGeometry/Canonical/ModularKLDivergenceBridge.lean	387	true	projection/support/compression substrate
L1_Projective	projective	theorem	positiveRay_logGenerator_eq_neg_relativeLogDensity	lean/InfoGeometry/Canonical/ModularKLDivergenceBridge.lean	402	true	projection/support/compression substrate
L3_Krein	krein	def	IsFixedBy	lean/InfoGeometry/Canonical/ModularKramersBridge.lean	43	true	Krein/doubled-geometry substrate
L4_ModularTransport	transport	def	IsFixedByModularFlow	lean/InfoGeometry/Canonical/ModularKramersBridge.lean	47	true	modular/transport/flow substrate
L3_Krein	krein	theorem	kramers_preserves_modularConjugation_fixed_of_commute	lean/InfoGeometry/Canonical/ModularKramersBridge.lean	54	true	Krein/doubled-geometry substrate
L4_ModularTransport	transport	theorem	kramers_preserves_modularFlow_fixed_of_commute	lean/InfoGeometry/Canonical/ModularKramersBridge.lean	72	true	modular/transport/flow substrate
L4_ModularTransport	transport	theorem	theta_commutes_modularFlow_of_commute_generator	lean/InfoGeometry/Canonical/ModularKramersBridge.lean	95	true	modular/transport/flow substrate
L4_ModularTransport	transport	theorem	theta_preserves_modular_fixedSector_of_commute_flow	lean/InfoGeometry/Canonical/ModularKramersBridge.lean	108	true	modular/transport/flow substrate
L4_ModularTransport	transport	theorem	majoranaFix_preserved_under_modularFlow_of_commute_C	lean/InfoGeometry/Canonical/ModularKramersBridge.lean	123	true	modular/transport/flow substrate
L4_ModularTransport	transport	theorem	phaseAxisK_commutes_modularFlow_of_IsPhaseLinear	lean/InfoGeometry/Canonical/ModularKramersBridge.lean	147	true	modular/transport/flow substrate
L3_Krein	krein	theorem	modularConjugation_equivariant_kramersPair_of_commute	lean/InfoGeometry/Canonical/ModularKramersBridge.lean	163	true	Krein/doubled-geometry substrate
L3_Krein	krein	theorem	canonical_seed_phaseAxis_eq_phaseAxisK	lean/InfoGeometry/Canonical/ModularOrientationContract.lean	47	true	Krein/doubled-geometry substrate
L3_Krein	krein	theorem	canonical_phaseAxis_eq_modular_j_comp_spectral_epsilon	lean/InfoGeometry/Canonical/ModularOrientationContract.lean	56	true	Krein/doubled-geometry substrate
L3_Krein	krein	theorem	phaseAxis_flip_sq_eq_neg_id	lean/InfoGeometry/Canonical/ModularOrientationContract.lean	64	true	Krein/doubled-geometry substrate
L2_Operator	operator	def	commutantAction	lean/InfoGeometry/Canonical/ModularOrientationContract.lean	76	false	operator-algebraic bridge substrate
L2_Operator	operator	theorem	commutantAction_invariant_under_modular_j_flip	lean/InfoGeometry/Canonical/ModularOrientationContract.lean	81	true	operator-algebraic bridge substrate
L4_ModularTransport	transport	theorem	modularTransportGenerator_neg	lean/InfoGeometry/Canonical/ModularOrientationContract.lean	99	true	modular/transport/flow substrate
L4_ModularTransport	transport	theorem	modularTransportFlow_neg_generator_eq_time_reverse	lean/InfoGeometry/Canonical/ModularOrientationContract.lean	109	true	modular/transport/flow substrate
L4_ModularTransport	transport	theorem	phaseAxisFlow_flip_eq_time_reverse	lean/InfoGeometry/Canonical/ModularOrientationContract.lean	120	true	modular/transport/flow substrate
L3_Krein	krein	theorem	orientationFlip_swaps_vacuum_polarizations_plus	lean/InfoGeometry/Canonical/ModularOrientationContract.lean	129	true	Krein/doubled-geometry substrate
L3_Krein	krein	theorem	orientationFlip_swaps_vacuum_polarizations_minus	lean/InfoGeometry/Canonical/ModularOrientationContract.lean	140	true	Krein/doubled-geometry substrate
L4_ModularTransport	transport	theorem	projectorFlux_orientation_contract	lean/InfoGeometry/Canonical/ModularOrientationContract.lean	151	true	modular/transport/flow substrate
L4_ModularTransport	transport	theorem	orientationFlip_equivalence_package	lean/InfoGeometry/Canonical/ModularOrientationContract.lean	165	true	modular/transport/flow substrate
L4_ModularTransport	transport	structure	BackgroundModularFlow	lean/InfoGeometry/Canonical/ModularSourceBridge.lean	25	false	modular/transport/flow substrate
L4_ModularTransport	transport	def	activeModularConjugation	lean/InfoGeometry/Canonical/ModularSpectralConjugationBridge.lean	36	false	modular/transport/flow substrate
L4_ModularTransport	transport	theorem	activeModularConjugation_eq_modular_j_mul_active	lean/InfoGeometry/Canonical/ModularSpectralConjugationBridge.lean	50	true	modular/transport/flow substrate
L4_ModularTransport	transport	theorem	activeModularConjugation_mul_P_D_eq_zero	lean/InfoGeometry/Canonical/ModularSpectralConjugationBridge.lean	72	true	modular/transport/flow substrate
L4_ModularTransport	transport	theorem	P_D_mul_activeModularConjugation_eq_zero	lean/InfoGeometry/Canonical/ModularSpectralConjugationBridge.lean	102	true	modular/transport/flow substrate
L4_ModularTransport	transport	theorem	activeModularConjugation_eq_modular_j_mul_spectralProjector	lean/InfoGeometry/Canonical/ModularSpectralConjugationBridge.lean	139	true	modular/transport/flow substrate
L4_ModularTransport	transport	theorem	clockAxis_eq_modular_j_mul_modularSign	lean/InfoGeometry/Canonical/ModularSpectralConjugationBridge.lean	163	true	modular/transport/flow substrate
L4_ModularTransport	transport	theorem	activeModularConjugation_eq_modular_j_mul_spectralProjector_of_modularSign	lean/InfoGeometry/Canonical/ModularSpectralConjugationBridge.lean	183	true	modular/transport/flow substrate
L4_ModularTransport	transport	structure	HasModularSpectralWedge	lean/InfoGeometry/Canonical/ModularSpectralWedge.lean	31	false	modular/transport/flow substrate
L4_ModularTransport	transport	def	wedgeSign	lean/InfoGeometry/Canonical/ModularSpectralWedge.lean	62	false	modular/transport/flow substrate
L4_ModularTransport	transport	def	activeProjector	lean/InfoGeometry/Canonical/ModularSpectralWedge.lean	67	false	modular/transport/flow substrate
L4_ModularTransport	transport	theorem	wedgeSign_sq	lean/InfoGeometry/Canonical/ModularSpectralWedge.lean	75	true	modular/transport/flow substrate
L4_ModularTransport	transport	theorem	wedgeSign_sq_eq_activeProjector	lean/InfoGeometry/Canonical/ModularSpectralWedge.lean	105	true	modular/transport/flow substrate
L4_ModularTransport	transport	structure	IsCompatibleWedge	lean/InfoGeometry/Canonical/ModularSpectralWedgeBridge.lean	27	true	modular/transport/flow substrate
L4_ModularTransport	transport	theorem	owned_epsilon_sq	lean/InfoGeometry/Canonical/ModularSpectralWedgeBridge.lean	41	true	modular/transport/flow substrate
L4_ModularTransport	transport	theorem	owned_epsilon_mul_P_D_eq_zero	lean/InfoGeometry/Canonical/ModularSpectralWedgeBridge.lean	50	true	modular/transport/flow substrate
L4_ModularTransport	transport	theorem	P_D_mul_owned_epsilon_eq_zero	lean/InfoGeometry/Canonical/ModularSpectralWedgeBridge.lean	65	true	modular/transport/flow substrate
L4_ModularTransport	transport	structure	WedgeCalibrated	lean/InfoGeometry/Canonical/ModularSpectralWedgeBridge.lean	90	true	modular/transport/flow substrate
L4_ModularTransport	transport	theorem	flow_commutes_wedgeSign	lean/InfoGeometry/Canonical/ModularSpectralWedgeBridge.lean	105	true	modular/transport/flow substrate
L4_ModularTransport	transport	theorem	flow_commutes_pzero	lean/InfoGeometry/Canonical/ModularSpectralWedgeBridge.lean	114	true	modular/transport/flow substrate
L4_ModularTransport	transport	theorem	flow_mul_activeProjector_eq_activeProjector_mul_flow	lean/InfoGeometry/Canonical/ModularSpectralWedgeBridge.lean	126	true	modular/transport/flow substrate
L4_ModularTransport	transport	def	canonicalBivectorSeed	lean/InfoGeometry/Canonical/ModularSuperchargeClosure.lean	68	false	modular/transport/flow substrate
L4_ModularTransport	transport	abbrev	canonicalModularSeed	lean/InfoGeometry/Canonical/ModularSuperchargeClosure.lean	75	false	modular/transport/flow substrate
L4_ModularTransport	transport	def	lorentzBivectorSeed	lean/InfoGeometry/Canonical/ModularSuperchargeClosure.lean	85	false	modular/transport/flow substrate
L4_ModularTransport	transport	theorem	canonicalBivectorSeed_mul_owned_epsilon_eq_neg_superHamiltonian_mul_modular_j_mul_spectralProjector	lean/InfoGeometry/Canonical/ModularSuperchargeClosure.lean	95	true	modular/transport/flow substrate
L4_ModularTransport	transport	theorem	canonicalBivectorSeed_mul_modularSign_eq_neg_superHamiltonian_mul_modular_j_mul_spectralProjector	lean/InfoGeometry/Canonical/ModularSuperchargeClosure.lean	138	true	modular/transport/flow substrate
L3_Krein	krein	theorem	supercharge_eq_commutator_spectralProjector_modularSign_add_commutator_spectralProjector_GammaG_sub_modularSign	lean/InfoGeometry/Canonical/ModularSuperchargeClosure.lean	165	true	Krein/doubled-geometry substrate
L3_Krein	krein	theorem	supercharge_eq_commutator_spectralProjector_spectral_epsilon_add_commutator_spectralProjector_GammaG_sub_spectral_epsilon	lean/InfoGeometry/Canonical/ModularSuperchargeClosure.lean	184	true	Krein/doubled-geometry substrate
L4_ModularTransport	transport	theorem	cp003_singular_surrogate_commutator_closure	lean/InfoGeometry/Canonical/ModularSuperchargeClosure.lean	202	true	modular/transport/flow substrate
L4_ModularTransport	transport	theorem	superHamiltonian_eq_modularTransportGenerator_canonicalSeed	lean/InfoGeometry/Canonical/ModularSuperchargeClosure.lean	217	true	modular/transport/flow substrate
L4_ModularTransport	transport	theorem	superHamiltonian_eq_modularTransportGenerator_lorentzBivectorSeed	lean/InfoGeometry/Canonical/ModularSuperchargeClosure.lean	246	true	modular/transport/flow substrate
L4_ModularTransport	transport	def	lorentzChiralConeOrbit	lean/InfoGeometry/Canonical/ModularSuperchargeClosure.lean	262	false	modular/transport/flow substrate
L4_ModularTransport	transport	structure	ModularSuperchargeCompatibility	lean/InfoGeometry/Canonical/ModularSuperchargeClosure.lean	277	false	modular/transport/flow substrate
L4_ModularTransport	transport	def	HD	lean/InfoGeometry/Canonical/ModularSuperchargeClosure.lean	286	false	modular/transport/flow substrate
L4_ModularTransport	transport	def	AMod	lean/InfoGeometry/Canonical/ModularSuperchargeClosure.lean	291	false	modular/transport/flow substrate
L4_ModularTransport	transport	theorem	hHD_eq_AMod	lean/InfoGeometry/Canonical/ModularSuperchargeClosure.lean	297	true	modular/transport/flow substrate
L4_ModularTransport	transport	theorem	hD_fixed_under_modularAdjointFlow	lean/InfoGeometry/Canonical/ModularSuperchargeClosure.lean	307	true	modular/transport/flow substrate
L4_ModularTransport	transport	theorem	hD_fixed_under_wedgeAdjointFlow	lean/InfoGeometry/Canonical/ModularSuperchargeClosure.lean	328	true	modular/transport/flow substrate
L4_ModularTransport	transport	theorem	modularGenerator_eq_canonicalKinetic_plus_canonicalDefectCentral	lean/InfoGeometry/Canonical/ModularSuperchargeClosure.lean	342	true	modular/transport/flow substrate
L4_ModularTransport	transport	theorem	exists_modularGenerator_split_with_drazin_lane_centrality	lean/InfoGeometry/Canonical/ModularSuperchargeClosure.lean	365	true	modular/transport/flow substrate
L4_ModularTransport	transport	theorem	flow_at_wedgeParameter_of_flowEqUnruh	lean/InfoGeometry/Canonical/ModularSuperchargeClosure.lean	389	true	modular/transport/flow substrate
L4_ModularTransport	transport	theorem	flow_eq_unruh_modular_polynomial_of_flowEqUnruh	lean/InfoGeometry/Canonical/ModularSuperchargeClosure.lean	410	true	modular/transport/flow substrate
L4_ModularTransport	transport	theorem	flow_at_wedgeParameter_of_wedgeCompatibility	lean/InfoGeometry/Canonical/ModularSuperchargeClosure.lean	442	true	modular/transport/flow substrate
L4_ModularTransport	transport	theorem	flow_eq_unruh_modular_polynomial_of_wedgeCompatibility	lean/InfoGeometry/Canonical/ModularSuperchargeClosure.lean	463	true	modular/transport/flow substrate
L4_ModularTransport	transport	structure	CanonicalSeedTomitaCompatibility	lean/InfoGeometry/Canonical/ModularSuperchargeClosure.lean	493	false	modular/transport/flow substrate
L4_ModularTransport	transport	theorem	superHamiltonian_eq_tomitaGenerator	lean/InfoGeometry/Canonical/ModularSuperchargeClosure.lean	507	true	modular/transport/flow substrate
L4_ModularTransport	transport	theorem	canonicalSeed_flow_eq_tomitaFlow	lean/InfoGeometry/Canonical/ModularSuperchargeClosure.lean	527	true	modular/transport/flow substrate
L4_ModularTransport	transport	theorem	canonicalSeed_adjointFlow_eq_tomitaAdjointFlow	lean/InfoGeometry/Canonical/ModularSuperchargeClosure.lean	538	true	modular/transport/flow substrate
L4_ModularTransport	transport	theorem	superHamiltonian_fixed_under_tomitaAdjointFlow	lean/InfoGeometry/Canonical/ModularSuperchargeClosure.lean	552	true	modular/transport/flow substrate
L4_ModularTransport	transport	theorem	tomitaFlow_at_wedgeParameter	lean/InfoGeometry/Canonical/ModularSuperchargeClosure.lean	600	true	modular/transport/flow substrate
L4_ModularTransport	transport	def	canonicalTomitaLogData	lean/InfoGeometry/Canonical/ModularSuperchargeClosure.lean	629	false	modular/transport/flow substrate
L4_ModularTransport	transport	theorem	canonicalTomitaLogData_deltaLog	lean/InfoGeometry/Canonical/ModularSuperchargeClosure.lean	641	true	modular/transport/flow substrate
L4_ModularTransport	transport	def	canonicalSeedTomitaCompatibility	lean/InfoGeometry/Canonical/ModularSuperchargeClosure.lean	651	false	modular/transport/flow substrate
L4_ModularTransport	transport	theorem	superHamiltonian_eq_canonicalTomitaGenerator	lean/InfoGeometry/Canonical/ModularSuperchargeClosure.lean	662	true	modular/transport/flow substrate
L4_ModularTransport	transport	theorem	canonicalSeed_flow_eq_canonicalTomitaFlow	lean/InfoGeometry/Canonical/ModularSuperchargeClosure.lean	677	true	modular/transport/flow substrate
L4_ModularTransport	transport	theorem	superHamiltonian_fixed_under_canonicalTomitaAdjointFlow	lean/InfoGeometry/Canonical/ModularSuperchargeClosure.lean	692	true	modular/transport/flow substrate
L4_ModularTransport	transport	theorem	canonicalTomitaFlow_commutes_spectralComplementaryProjector_of_wedgeCalibrated	lean/InfoGeometry/Canonical/ModularSuperchargeClosure.lean	710	true	modular/transport/flow substrate
L4_ModularTransport	transport	theorem	canonicalTomitaFlow_commutes_activeProjector_of_wedgeCalibrated	lean/InfoGeometry/Canonical/ModularSuperchargeClosure.lean	732	true	modular/transport/flow substrate
L4_ModularTransport	transport	def	canonicalRelativeModularOperator	lean/InfoGeometry/Canonical/ModularSuperchargeClosure.lean	762	false	modular/transport/flow substrate
L4_ModularTransport	transport	theorem	canonicalRelativeModularOperator_commutes_spectralProjector_of_wedgeCalibrated	lean/InfoGeometry/Canonical/ModularSuperchargeClosure.lean	771	true	modular/transport/flow substrate
L4_ModularTransport	transport	theorem	canonicalRelativeModularOperator_mixed_blocks_zero_of_wedgeCalibrated	lean/InfoGeometry/Canonical/ModularSuperchargeClosure.lean	805	true	modular/transport/flow substrate
L4_ModularTransport	transport	theorem	canonicalRelativeModularOperator_activeApex_split_of_wedgeCalibrated	lean/InfoGeometry/Canonical/ModularSuperchargeClosure.lean	904	true	modular/transport/flow substrate
L4_ModularTransport	transport	def	canonicalInternalModularHamiltonian	lean/InfoGeometry/Canonical/ModularSuperchargeClosure.lean	946	false	modular/transport/flow substrate
L4_ModularTransport	transport	theorem	superHamiltonian_eq_two_pi_smul_canonicalInternalModularHamiltonian	lean/InfoGeometry/Canonical/ModularSuperchargeClosure.lean	955	true	modular/transport/flow substrate
L4_ModularTransport	transport	def	internalUnruhFlowOfModularTime	lean/InfoGeometry/Canonical/ModularSuperchargeClosure.lean	981	false	modular/transport/flow substrate
L4_ModularTransport	transport	theorem	canonicalSeedFlow_eq_internalUnruhFlowOfModularTime	lean/InfoGeometry/Canonical/ModularSuperchargeClosure.lean	991	true	modular/transport/flow substrate
L4_ModularTransport	transport	def	canonicalSeedFlowEqUnruhTarget	lean/InfoGeometry/Canonical/ModularSuperchargeClosure.lean	1015	true	modular/transport/flow substrate
L4_ModularTransport	transport	theorem	canonicalSeedFlowEqUnruhTarget_iff_superHamiltonian_exponential	lean/InfoGeometry/Canonical/ModularSuperchargeClosure.lean	1025	true	modular/transport/flow substrate
L4_ModularTransport	transport	def	canonicalSeedAdditiveModularFlow	lean/InfoGeometry/Canonical/ModularSuperchargeClosure.lean	1074	false	modular/transport/flow substrate
L4_ModularTransport	transport	def	canonicalSeedFlowUnitCocycle	lean/InfoGeometry/Canonical/ModularSuperchargeClosure.lean	1085	false	modular/transport/flow substrate
L4_ModularTransport	transport	theorem	canonicalSeedFlowUnitCocycle_isConnesCocycle	lean/InfoGeometry/Canonical/ModularSuperchargeClosure.lean	1095	true	modular/transport/flow substrate
L4_ModularTransport	transport	theorem	canonicalSeedFlowUnitCocycle_chainRule	lean/InfoGeometry/Canonical/ModularSuperchargeClosure.lean	1110	true	modular/transport/flow substrate
L4_ModularTransport	transport	theorem	canonicalSeed_kms_relation_of_structural	lean/InfoGeometry/Canonical/ModularSuperchargeClosure.lean	1128	true	modular/transport/flow substrate
L4_ModularTransport	transport	theorem	canonicalSeedAdditiveModularFlow_kms_of_structural	lean/InfoGeometry/Canonical/ModularSuperchargeClosure.lean	1172	true	modular/transport/flow substrate
L4_ModularTransport	transport	theorem	operatorialKMSCondition_lorentzBivectorSeed_of_structural	lean/InfoGeometry/Canonical/ModularSuperchargeClosure.lean	1200	true	modular/transport/flow substrate
L4_ModularTransport	transport	theorem	canonicalSeed_kms_relation_of_pairwise_commute	lean/InfoGeometry/Canonical/ModularSuperchargeClosure.lean	1236	true	modular/transport/flow substrate
L4_ModularTransport	transport	theorem	canonicalSeed_kms_relation_beta_zero_of_pairwise_commute	lean/InfoGeometry/Canonical/ModularSuperchargeClosure.lean	1275	true	modular/transport/flow substrate
L4_ModularTransport	transport	structure	BorchersSpectrumCompatibility	lean/InfoGeometry/Canonical/ModularSuperchargeClosure.lean	1301	false	modular/transport/flow substrate
L4_ModularTransport	transport	theorem	superHamiltonian_fixed_under_modularAdjointFlow_of_borchersSpectrumCompatibility	lean/InfoGeometry/Canonical/ModularSuperchargeClosure.lean	1313	true	modular/transport/flow substrate
L4_ModularTransport	transport	theorem	canonicalSeedFlowEqUnruhTarget_of_generator_identification	lean/InfoGeometry/Canonical/ModularSuperchargeClosure.lean	1338	true	modular/transport/flow substrate
L4_ModularTransport	transport	theorem	canonicalSeedFlowEqUnruhTarget_of_superHamiltonian_identification	lean/InfoGeometry/Canonical/ModularSuperchargeClosure.lean	1374	true	modular/transport/flow substrate
L4_ModularTransport	transport	theorem	unruh_exponential_witness_of_modularHamiltonian_sq_one	lean/InfoGeometry/Canonical/ModularSuperchargeClosure.lean	1408	true	modular/transport/flow substrate
L4_ModularTransport	transport	theorem	canonicalSeedFlowEqUnruhTarget_of_superHamiltonian_identification_of_modularHamiltonian_sq_one	lean/InfoGeometry/Canonical/ModularSuperchargeClosure.lean	1457	true	modular/transport/flow substrate
L4_ModularTransport	transport	structure	SuperHamiltonianWedgeCalibration	lean/InfoGeometry/Canonical/ModularSuperchargeClosure.lean	1475	false	modular/transport/flow substrate
L4_ModularTransport	transport	abbrev	BisognanoWichmannCalibration	lean/InfoGeometry/Canonical/ModularSuperchargeClosure.lean	1488	false	modular/transport/flow substrate
L4_ModularTransport	transport	theorem	canonicalInternalModularHamiltonian_eq_modularHamiltonian_of_bwCalibration	lean/InfoGeometry/Canonical/ModularSuperchargeClosure.lean	1496	true	modular/transport/flow substrate
L4_ModularTransport	transport	theorem	canonicalSeedFlowEqUnruhTarget_of_wedgeCalibration	lean/InfoGeometry/Canonical/ModularSuperchargeClosure.lean	1531	true	modular/transport/flow substrate
L4_ModularTransport	transport	theorem	canonicalSeedFlowEqUnruhTarget_of_bwCalibration	lean/InfoGeometry/Canonical/ModularSuperchargeClosure.lean	1543	true	modular/transport/flow substrate
L4_ModularTransport	transport	theorem	hasDerivAt_unruhFlowOfModularTime_zero	lean/InfoGeometry/Canonical/ModularSuperchargeClosure.lean	1553	true	modular/transport/flow substrate
L4_ModularTransport	transport	theorem	superHamiltonian_eq_two_pi_modularHamiltonian_of_canonicalSeedFlowEqUnruhTarget	lean/InfoGeometry/Canonical/ModularSuperchargeClosure.lean	1632	true	modular/transport/flow substrate
L4_ModularTransport	transport	theorem	canonicalSeedFlowEqUnruhTarget_iff_superHamiltonian_eq_two_pi_modularHamiltonian	lean/InfoGeometry/Canonical/ModularSuperchargeClosure.lean	1685	true	modular/transport/flow substrate
L4_ModularTransport	transport	theorem	canonicalSeedFlowEqUnruhTarget_iff_superHamiltonian_eq_two_pi_modularSign	lean/InfoGeometry/Canonical/ModularSuperchargeClosure.lean	1707	true	modular/transport/flow substrate
L4_ModularTransport	transport	theorem	canonicalSeed_flow_at_wedgeParameter_of_flowEqUnruh	lean/InfoGeometry/Canonical/ModularSuperchargeClosure.lean	1747	true	modular/transport/flow substrate
L4_ModularTransport	transport	theorem	canonicalTomitaFlow_at_wedgeParameter_of_flowEqUnruh	lean/InfoGeometry/Canonical/ModularSuperchargeClosure.lean	1781	true	modular/transport/flow substrate
L4_ModularTransport	transport	structure	CanonicalSeedUnruhCompatibility	lean/InfoGeometry/Canonical/ModularSuperchargeClosure.lean	1823	false	modular/transport/flow substrate
L4_ModularTransport	transport	def	toWedgeBoostModularCompatibility	lean/InfoGeometry/Canonical/ModularSuperchargeClosure.lean	1835	false	modular/transport/flow substrate
L4_ModularTransport	transport	theorem	flow_at_wedgeParameter	lean/InfoGeometry/Canonical/ModularSuperchargeClosure.lean	1845	true	modular/transport/flow substrate
L4_ModularTransport	transport	theorem	tomitaFlow_at_wedgeParameter	lean/InfoGeometry/Canonical/ModularSuperchargeClosure.lean	1865	true	modular/transport/flow substrate
L4_ModularTransport	transport	theorem	flow_eq_unruh_modular_polynomial	lean/InfoGeometry/Canonical/ModularSuperchargeClosure.lean	1884	true	modular/transport/flow substrate
L4_ModularTransport	transport	theorem	superHamiltonian_eq_two_pi_modularHamiltonian	lean/InfoGeometry/Canonical/ModularSuperchargeClosure.lean	1924	true	modular/transport/flow substrate
L4_ModularTransport	transport	def	toSuperHamiltonianWedgeCalibration	lean/InfoGeometry/Canonical/ModularSuperchargeClosure.lean	1941	false	modular/transport/flow substrate
L4_ModularTransport	transport	theorem	hFlowEqUnruh	lean/InfoGeometry/Canonical/ModularSuperchargeClosure.lean	1956	true	modular/transport/flow substrate
L4_ModularTransport	transport	def	toCanonicalSeedUnruhCompatibility	lean/InfoGeometry/Canonical/ModularSuperchargeClosure.lean	1966	false	modular/transport/flow substrate
L4_ModularTransport	transport	def	canonicalSeedUnruhCompatibilityEquivSuperHamiltonianWedgeCalibration	lean/InfoGeometry/Canonical/ModularSuperchargeClosure.lean	1979	false	modular/transport/flow substrate
L4_ModularTransport	transport	theorem	canonicalSeedUnruhCompatibility_corridor_leftInverse	lean/InfoGeometry/Canonical/ModularSuperchargeClosure.lean	1991	true	modular/transport/flow substrate
L4_ModularTransport	transport	theorem	canonicalSeedUnruhCompatibility_corridor_rightInverse	lean/InfoGeometry/Canonical/ModularSuperchargeClosure.lean	2003	true	modular/transport/flow substrate
L4_ModularTransport	transport	theorem	superHamiltonian_fixed_under_modularAdjointFlow_canonicalSeed	lean/InfoGeometry/Canonical/ModularSuperchargeClosure.lean	2021	true	modular/transport/flow substrate
L4_ModularTransport	transport	theorem	superHamiltonian_fixed_under_wedgeAdjointFlow_canonicalSeed	lean/InfoGeometry/Canonical/ModularSuperchargeClosure.lean	2048	true	modular/transport/flow substrate
L4_ModularTransport	transport	theorem	projectedEvenGenerator_fixed_under_lorentzChiralConeOrbit	lean/InfoGeometry/Canonical/ModularSuperchargeClosure.lean	2076	true	modular/transport/flow substrate
L4_ModularTransport	transport	theorem	projectedEvenGenerator_fixed_under_lorentzWedgeOrbit	lean/InfoGeometry/Canonical/ModularSuperchargeClosure.lean	2092	true	modular/transport/flow substrate
L4_ModularTransport	transport	theorem	modularGenerator_eq_canonicalKinetic_plus_canonicalDefectCentral_canonicalSeed	lean/InfoGeometry/Canonical/ModularSuperchargeClosure.lean	2107	true	modular/transport/flow substrate
L4_ModularTransport	transport	theorem	exists_modularGenerator_split_with_drazin_lane_centrality_canonicalSeed	lean/InfoGeometry/Canonical/ModularSuperchargeClosure.lean	2125	true	modular/transport/flow substrate
L4_ModularTransport	transport	theorem	exists_lorentzBivectorGenerator_split_with_drazin_lane_centrality	lean/InfoGeometry/Canonical/ModularSuperchargeClosure.lean	2144	true	modular/transport/flow substrate
L2_Operator	operator	def	idCertifiedInverseKernel	lean/InfoGeometry/Canonical/ModularSuperchargeClosure.lean	2163	false	operator-algebraic bridge substrate
L2_Operator	operator	theorem	supercharge_idCertifiedInverseKernel_eq_zero	lean/InfoGeometry/Canonical/ModularSuperchargeClosure.lean	2175	true	operator-algebraic bridge substrate
L3_Krein	krein	theorem	superHamiltonianK_idCertifiedInverseKernel_eq_zero	lean/InfoGeometry/Canonical/ModularSuperchargeClosure.lean	2197	true	Krein/doubled-geometry substrate
L4_ModularTransport	transport	theorem	not_forall_superHamiltonian_eq_two_pi_modularHamiltonian	lean/InfoGeometry/Canonical/ModularSuperchargeClosure.lean	2215	true	modular/transport/flow substrate
L5_ThermodynamicClosure	thermo	theorem	classical_surprisal_eq_neg_logDensity	lean/InfoGeometry/Canonical/ModularSurprisalThermoPacket.lean	36	true	thermodynamic/free-energy/closure substrate
L1_Projective	projective	theorem	representativeModularPotential_eq_negative_relativeLogDensity	lean/InfoGeometry/Canonical/ModularSurprisalThermoPacket.lean	49	true	projection/support/compression substrate
L1_Projective	projective	theorem	relativeModularPotential_eq_negative_relativeLogDensity	lean/InfoGeometry/Canonical/ModularSurprisalThermoPacket.lean	60	true	projection/support/compression substrate
L5_ThermodynamicClosure	thermo	theorem	kmsLogPartition_eq_routerMassieu	lean/InfoGeometry/Canonical/ModularSurprisalThermoPacket.lean	76	true	thermodynamic/free-energy/closure substrate
L5_ThermodynamicClosure	thermo	theorem	finiteKMS_beta_mul_freeEnergy_eq_neg_massieu	lean/InfoGeometry/Canonical/ModularSurprisalThermoPacket.lean	85	true	thermodynamic/free-energy/closure substrate
L5_ThermodynamicClosure	thermo	theorem	finiteKMS_beta_mul_freeEnergy_eq_neg_logPartition	lean/InfoGeometry/Canonical/ModularSurprisalThermoPacket.lean	95	true	thermodynamic/free-energy/closure substrate
L5_ThermodynamicClosure	thermo	theorem	legendre_fisher_entropy_inverse_packet	lean/InfoGeometry/Canonical/ModularSurprisalThermoPacket.lean	115	true	thermodynamic/free-energy/closure substrate
L2_Operator	operator	structure	ModularHamiltonianSurprisalContext	lean/InfoGeometry/Canonical/ModularSurprisalThermoPacket.lean	141	false	operator-algebraic bridge substrate
L2_Operator	operator	theorem	modularHamiltonian_eq_supplied_negativeLog	lean/InfoGeometry/Canonical/ModularSurprisalThermoPacket.lean	154	true	operator-algebraic bridge substrate
L2_Operator	operator	theorem	canonicalDefectCentral_is_operatorial_drazin_lane_central	lean/InfoGeometry/Canonical/ModularSurprisalThermoPacket.lean	174	true	operator-algebraic bridge substrate
L2_Operator	operator	theorem	canonicalDefectCentral_is_operatorial_defect_supported	lean/InfoGeometry/Canonical/ModularSurprisalThermoPacket.lean	186	true	operator-algebraic bridge substrate
L2_Operator	operator	theorem	superHamiltonian_operatorial_drazin_split_packet	lean/InfoGeometry/Canonical/ModularSurprisalThermoPacket.lean	200	true	operator-algebraic bridge substrate
L3_Krein	krein	theorem	superHamiltonianK_operatorial_drazin_split_packet	lean/InfoGeometry/Canonical/ModularSurprisalThermoPacket.lean	214	true	Krein/doubled-geometry substrate
L4_ModularTransport	transport	theorem	defectiveLogPotential_chain_rule_packet	lean/InfoGeometry/Canonical/ModularSurprisalThermoPacket.lean	236	true	modular/transport/flow substrate
L3_Krein	krein	structure	BoundedTomitaKreinDatum	lean/InfoGeometry/Canonical/ModularTomitaGeometry.lean	76	false	Krein/doubled-geometry substrate
L3_Krein	krein	def	canonical	lean/InfoGeometry/Canonical/ModularTomitaGeometry.lean	125	true	Krein/doubled-geometry substrate
L2_Operator	operator	def	modularDerivation	lean/InfoGeometry/Canonical/ModularTomitaGeometry.lean	157	false	operator-algebraic bridge substrate
L2_Operator	operator	def	withWeylShift	lean/InfoGeometry/Canonical/ModularTomitaGeometry.lean	170	false	operator-algebraic bridge substrate
L2_Operator	operator	theorem	modularDerivation_withWeylShift_eq	lean/InfoGeometry/Canonical/ModularTomitaGeometry.lean	185	true	operator-algebraic bridge substrate
L2_Operator	operator	theorem	isModularMonogenic_withWeylShift_iff	lean/InfoGeometry/Canonical/ModularTomitaGeometry.lean	197	true	operator-algebraic bridge substrate
L2_Operator	operator	def	IsModularMonogenic	lean/InfoGeometry/Canonical/ModularTomitaGeometry.lean	206	true	operator-algebraic bridge substrate
L2_Operator	operator	theorem	isModularMonogenic_iff_commutes	lean/InfoGeometry/Canonical/ModularTomitaGeometry.lean	211	true	operator-algebraic bridge substrate
L2_Operator	operator	theorem	isModularMonogenic_one	lean/InfoGeometry/Canonical/ModularTomitaGeometry.lean	223	true	operator-algebraic bridge substrate
L2_Operator	operator	theorem	modularHamiltonian_isModularMonogenic	lean/InfoGeometry/Canonical/ModularTomitaGeometry.lean	229	true	operator-algebraic bridge substrate
L2_Operator	operator	theorem	modularDerivation_mul	lean/InfoGeometry/Canonical/ModularTomitaGeometry.lean	235	true	operator-algebraic bridge substrate
L2_Operator	operator	theorem	IsModularMonogenic.mul	lean/InfoGeometry/Canonical/ModularTomitaGeometry.lean	242	true	operator-algebraic bridge substrate
L2_Operator	operator	theorem	delta_exp_relation	lean/InfoGeometry/Canonical/ModularTomitaGeometry.lean	253	true	operator-algebraic bridge substrate
L3_Krein	krein	theorem	phaseAxis_square	lean/InfoGeometry/Canonical/ModularTomitaGeometry.lean	259	true	Krein/doubled-geometry substrate
L2_Operator	operator	def	modularResolventDenominator	lean/InfoGeometry/Canonical/ModularTomitaGeometry.lean	267	false	operator-algebraic bridge substrate
L2_Operator	operator	structure	ModularResolventWitness	lean/InfoGeometry/Canonical/ModularTomitaGeometry.lean	272	false	operator-algebraic bridge substrate
L2_Operator	operator	theorem	left_inverse_apply	lean/InfoGeometry/Canonical/ModularTomitaGeometry.lean	291	true	operator-algebraic bridge substrate
L2_Operator	operator	theorem	right_inverse_apply	lean/InfoGeometry/Canonical/ModularTomitaGeometry.lean	296	true	operator-algebraic bridge substrate
L2_Operator	operator	structure	ModularCoreProjectionWitness	lean/InfoGeometry/Canonical/ModularTomitaGeometry.lean	311	false	operator-algebraic bridge substrate
L2_Operator	operator	theorem	Pcore_idempotent	lean/InfoGeometry/Canonical/ModularTomitaGeometry.lean	342	true	operator-algebraic bridge substrate
L2_Operator	operator	theorem	Pnil_idempotent	lean/InfoGeometry/Canonical/ModularTomitaGeometry.lean	347	true	operator-algebraic bridge substrate
L2_Operator	operator	theorem	Pcore_add_Pnil	lean/InfoGeometry/Canonical/ModularTomitaGeometry.lean	352	true	operator-algebraic bridge substrate
L2_Operator	operator	theorem	Pcore_mul_Pnil	lean/InfoGeometry/Canonical/ModularTomitaGeometry.lean	357	true	operator-algebraic bridge substrate
L2_Operator	operator	theorem	Pnil_mul_Pcore	lean/InfoGeometry/Canonical/ModularTomitaGeometry.lean	362	true	operator-algebraic bridge substrate
L2_Operator	operator	theorem	Pcore_commutes_with_K	lean/InfoGeometry/Canonical/ModularTomitaGeometry.lean	367	true	operator-algebraic bridge substrate
L2_Operator	operator	theorem	Pnil_power_annihilated	lean/InfoGeometry/Canonical/ModularTomitaGeometry.lean	373	true	operator-algebraic bridge substrate
L2_Operator	operator	def	relativeModularDefect	lean/InfoGeometry/Canonical/ModularTomitaGeometry.lean	385	false	operator-algebraic bridge substrate
L2_Operator	operator	structure	RelativeFredholmDeterminantWitness	lean/InfoGeometry/Canonical/ModularTomitaGeometry.lean	396	false	operator-algebraic bridge substrate
L2_Operator	operator	theorem	traceClass	lean/InfoGeometry/Canonical/ModularTomitaGeometry.lean	419	true	operator-algebraic bridge substrate
L2_Operator	operator	theorem	determinant_spec_holds	lean/InfoGeometry/Canonical/ModularTomitaGeometry.lean	426	true	operator-algebraic bridge substrate
L2_Operator	operator	def	relativePartitionFunction	lean/InfoGeometry/Canonical/ModularTomitaGeometry.lean	435	false	operator-algebraic bridge substrate
L2_Operator	operator	def	relativeCountDensity	lean/InfoGeometry/Canonical/ModularTomitaGeometry.lean	445	false	operator-algebraic bridge substrate
L2_Operator	operator	structure	RelativeModularEntropyBridge	lean/InfoGeometry/Canonical/ModularTomitaGeometry.lean	459	false	operator-algebraic bridge substrate
L2_Operator	operator	theorem	entropy_eq_logDet	lean/InfoGeometry/Canonical/ModularTomitaGeometry.lean	481	true	operator-algebraic bridge substrate
L3_Krein	krein	def	twoStateObservableCorrelation	lean/InfoGeometry/Canonical/ModularTwoStateCorrelation.lean	46	false	Krein/doubled-geometry substrate
L3_Krein	krein	def	twoStateChannelCorrelation	lean/InfoGeometry/Canonical/ModularTwoStateCorrelation.lean	52	false	Krein/doubled-geometry substrate
L3_Krein	krein	def	observableCorrelationGap	lean/InfoGeometry/Canonical/ModularTwoStateCorrelation.lean	59	false	Krein/doubled-geometry substrate
L3_Krein	krein	def	channelCorrelationGap	lean/InfoGeometry/Canonical/ModularTwoStateCorrelation.lean	67	false	Krein/doubled-geometry substrate
L4_ModularTransport	transport	def	stateTransportCorrelation	lean/InfoGeometry/Canonical/ModularTwoStateCorrelation.lean	76	false	modular/transport/flow substrate
L4_ModularTransport	transport	def	stateTransportPhaseShiftedChannelCorrelation	lean/InfoGeometry/Canonical/ModularTwoStateCorrelation.lean	83	false	modular/transport/flow substrate
L4_ModularTransport	transport	def	comparisonTransportCorrelation	lean/InfoGeometry/Canonical/ModularTwoStateCorrelation.lean	92	false	modular/transport/flow substrate
L4_ModularTransport	transport	def	comparisonTransportPhaseShiftedChannelCorrelation	lean/InfoGeometry/Canonical/ModularTwoStateCorrelation.lean	100	false	modular/transport/flow substrate
L3_Krein	krein	theorem	twoStateObservableCorrelation_swap	lean/InfoGeometry/Canonical/ModularTwoStateCorrelation.lean	130	true	Krein/doubled-geometry substrate
L3_Krein	krein	theorem	twoStateChannelCorrelation_swap	lean/InfoGeometry/Canonical/ModularTwoStateCorrelation.lean	141	true	Krein/doubled-geometry substrate
L3_Krein	krein	theorem	twoStateChannelCorrelation_self_eq_channelCorrelationAtState	lean/InfoGeometry/Canonical/ModularTwoStateCorrelation.lean	150	true	Krein/doubled-geometry substrate
L3_Krein	krein	theorem	comparisonGeneratorMetric_eq_twoStateChannelCorrelation_self	lean/InfoGeometry/Canonical/ModularTwoStateCorrelation.lean	159	true	Krein/doubled-geometry substrate
L3_Krein	krein	theorem	channelCorrelationGap_eq_comparisonGeneratorMetric_sub_reference	lean/InfoGeometry/Canonical/ModularTwoStateCorrelation.lean	169	true	Krein/doubled-geometry substrate
L3_Krein	krein	theorem	observableCorrelationGap_swap	lean/InfoGeometry/Canonical/ModularTwoStateCorrelation.lean	186	true	Krein/doubled-geometry substrate
L3_Krein	krein	theorem	channelCorrelationGap_swap	lean/InfoGeometry/Canonical/ModularTwoStateCorrelation.lean	198	true	Krein/doubled-geometry substrate
L4_ModularTransport	transport	theorem	stateTransportedOperator_zero	lean/InfoGeometry/Canonical/ModularTwoStateCorrelation.lean	208	true	modular/transport/flow substrate
L4_ModularTransport	transport	theorem	comparisonTransportedObservable_zero	lean/InfoGeometry/Canonical/ModularTwoStateCorrelation.lean	215	true	modular/transport/flow substrate
L4_ModularTransport	transport	theorem	stateTransportCorrelation_zero	lean/InfoGeometry/Canonical/ModularTwoStateCorrelation.lean	223	true	modular/transport/flow substrate
L4_ModularTransport	transport	theorem	stateTransportPhaseShiftedChannelCorrelation_zero	lean/InfoGeometry/Canonical/ModularTwoStateCorrelation.lean	232	true	modular/transport/flow substrate
L4_ModularTransport	transport	theorem	comparisonTransportCorrelation_zero	lean/InfoGeometry/Canonical/ModularTwoStateCorrelation.lean	243	true	modular/transport/flow substrate
L4_ModularTransport	transport	theorem	comparisonTransportCorrelation_eq_stateTransportCorrelation	lean/InfoGeometry/Canonical/ModularTwoStateCorrelation.lean	253	true	modular/transport/flow substrate
L4_ModularTransport	transport	theorem	comparisonTransportPhaseShiftedChannelCorrelation_eq_stateTransportPhaseShiftedChannelCorrelation	lean/InfoGeometry/Canonical/ModularTwoStateCorrelation.lean	263	true	modular/transport/flow substrate
L4_ModularTransport	transport	theorem	comparisonTransportPhaseShiftedChannelCorrelation_zero	lean/InfoGeometry/Canonical/ModularTwoStateCorrelation.lean	274	true	modular/transport/flow substrate
L4_ModularTransport	transport	theorem	hasDerivAt_stateTransportPhaseShiftedChannelCorrelation_at_zero	lean/InfoGeometry/Canonical/ModularTwoStateCorrelation.lean	290	true	modular/transport/flow substrate
L4_ModularTransport	transport	theorem	deriv_stateTransportPhaseShiftedChannelCorrelation_at_zero_eq_stateQGTMetricReadout	lean/InfoGeometry/Canonical/ModularTwoStateCorrelation.lean	345	true	modular/transport/flow substrate
L4_ModularTransport	transport	theorem	deriv_comparisonTransportPhaseShiftedChannelCorrelation_at_zero_eq_comparisonMetricReadout	lean/InfoGeometry/Canonical/ModularTwoStateCorrelation.lean	364	true	modular/transport/flow substrate
L2_Operator	operator	theorem	relativeModularOperator_eq_exp_relativeLogDensityOperator	lean/InfoGeometry/Canonical/ModularWeldBridge.lean	68	true	operator-algebraic bridge substrate
L2_Operator	operator	theorem	relativeLogDensityOperator_self	lean/InfoGeometry/Canonical/ModularWeldBridge.lean	145	true	operator-algebraic bridge substrate
L2_Operator	operator	theorem	relativeLogDensityOperator_cocycle	lean/InfoGeometry/Canonical/ModularWeldBridge.lean	162	true	operator-algebraic bridge substrate
L2_Operator	operator	theorem	relativeModularOperator_eq_exp_relativeLogDensityOperator_self	lean/InfoGeometry/Canonical/ModularWeldBridge.lean	182	true	operator-algebraic bridge substrate
L2_Operator	operator	theorem	exp_relativeLogDensityOperator_self	lean/InfoGeometry/Canonical/ModularWeldBridge.lean	190	true	operator-algebraic bridge substrate
L2_Operator	operator	theorem	tomita_modularSign_flowUnitCocycle_isConnesCocycle	lean/InfoGeometry/Canonical/ModularWeldBridge.lean	221	true	operator-algebraic bridge substrate
L2_Operator	operator	theorem	tomita_modularSign_flow_one	lean/InfoGeometry/Canonical/ModularWeldBridge.lean	234	true	operator-algebraic bridge substrate
L2_Operator	operator	theorem	tomita_modularSign_flowUnitCocycle_cocycle	lean/InfoGeometry/Canonical/ModularWeldBridge.lean	247	true	operator-algebraic bridge substrate
L3_Krein	krein	def	IsMoorePenroseInverse	lean/InfoGeometry/Canonical/MoorePenrose.lean	29	true	Krein/doubled-geometry substrate
L3_Krein	krein	theorem	mk	lean/InfoGeometry/Canonical/MoorePenrose.lean	41	true	Krein/doubled-geometry substrate
L3_Krein	krein	theorem	aba_eq_a	lean/InfoGeometry/Canonical/MoorePenrose.lean	51	true	Krein/doubled-geometry substrate
L3_Krein	krein	theorem	bab_eq_b	lean/InfoGeometry/Canonical/MoorePenrose.lean	55	true	Krein/doubled-geometry substrate
L3_Krein	krein	theorem	ab_star	lean/InfoGeometry/Canonical/MoorePenrose.lean	59	true	Krein/doubled-geometry substrate
L3_Krein	krein	theorem	ba_star	lean/InfoGeometry/Canonical/MoorePenrose.lean	63	true	Krein/doubled-geometry substrate
L3_Krein	krein	lemma	star_mul_triple	lean/InfoGeometry/Canonical/MoorePenrose.lean	67	true	Krein/doubled-geometry substrate
L3_Krein	krein	theorem	unique	lean/InfoGeometry/Canonical/MoorePenrose.lean	82	true	Krein/doubled-geometry substrate
L3_Krein	krein	theorem	star_isMoorePenroseInverse	lean/InfoGeometry/Canonical/MoorePenrose.lean	91	true	Krein/doubled-geometry substrate
L3_Krein	krein	theorem	star_eq_self_of_selfAdjoint	lean/InfoGeometry/Canonical/MoorePenrose.lean	104	true	Krein/doubled-geometry substrate
L3_Krein	krein	def	rightProjector	lean/InfoGeometry/Canonical/MoorePenrose.lean	114	false	Krein/doubled-geometry substrate
L3_Krein	krein	def	leftProjector	lean/InfoGeometry/Canonical/MoorePenrose.lean	118	false	Krein/doubled-geometry substrate
L3_Krein	krein	lemma	right_projector_idempotent_root	lean/InfoGeometry/Canonical/MoorePenrose.lean	122	true	Krein/doubled-geometry substrate
L3_Krein	krein	theorem	rightProjector_idempotent	lean/InfoGeometry/Canonical/MoorePenrose.lean	130	true	Krein/doubled-geometry substrate
L3_Krein	krein	theorem	rightProjector_star	lean/InfoGeometry/Canonical/MoorePenrose.lean	138	true	Krein/doubled-geometry substrate
L3_Krein	krein	lemma	left_projector_idempotent_root	lean/InfoGeometry/Canonical/MoorePenrose.lean	144	true	Krein/doubled-geometry substrate
L3_Krein	krein	theorem	leftProjector_idempotent	lean/InfoGeometry/Canonical/MoorePenrose.lean	152	true	Krein/doubled-geometry substrate
L3_Krein	krein	theorem	leftProjector_star	lean/InfoGeometry/Canonical/MoorePenrose.lean	160	true	Krein/doubled-geometry substrate
L3_Krein	krein	theorem	rightProjector_isStarProjection	lean/InfoGeometry/Canonical/MoorePenrose.lean	166	true	Krein/doubled-geometry substrate
L3_Krein	krein	theorem	leftProjector_isStarProjection	lean/InfoGeometry/Canonical/MoorePenrose.lean	173	true	Krein/doubled-geometry substrate
L3_Krein	krein	theorem	rightProjector_complement_isStarProjection	lean/InfoGeometry/Canonical/MoorePenrose.lean	180	true	Krein/doubled-geometry substrate
L3_Krein	krein	theorem	leftProjector_complement_isStarProjection	lean/InfoGeometry/Canonical/MoorePenrose.lean	187	true	Krein/doubled-geometry substrate
L3_Krein	krein	theorem	rightProjector_eq_ownRange_starProjection	lean/InfoGeometry/Canonical/MoorePenrose.lean	206	true	Krein/doubled-geometry substrate
L3_Krein	krein	theorem	leftProjector_eq_ownRange_starProjection	lean/InfoGeometry/Canonical/MoorePenrose.lean	221	true	Krein/doubled-geometry substrate
L3_Krein	krein	theorem	rightProjector_range_eq_range	lean/InfoGeometry/Canonical/MoorePenrose.lean	230	true	Krein/doubled-geometry substrate
L3_Krein	krein	theorem	rightProjector_eq_range_starProjection	lean/InfoGeometry/Canonical/MoorePenrose.lean	250	true	Krein/doubled-geometry substrate
L3_Krein	krein	theorem	leftProjector_range_eq_ker_orthogonal	lean/InfoGeometry/Canonical/MoorePenrose.lean	264	true	Krein/doubled-geometry substrate
L3_Krein	krein	theorem	leftProjector_eq_kerOrthogonal_starProjection	lean/InfoGeometry/Canonical/MoorePenrose.lean	300	true	Krein/doubled-geometry substrate
L3_Krein	krein	def	spectralProjector	lean/InfoGeometry/Canonical/MoorePenrose.lean	318	false	Krein/doubled-geometry substrate
L3_Krein	krein	def	metricProjector	lean/InfoGeometry/Canonical/MoorePenrose.lean	323	false	Krein/doubled-geometry substrate
L3_Krein	krein	def	projectorMismatch	lean/InfoGeometry/Canonical/MoorePenrose.lean	330	false	Krein/doubled-geometry substrate
L3_Krein	krein	def	chiralAnomaly	lean/InfoGeometry/Canonical/MoorePenrose.lean	340	false	Krein/doubled-geometry substrate
L3_Krein	krein	theorem	chiralAnomaly_eq_mismatch_commutator_metric	lean/InfoGeometry/Canonical/MoorePenrose.lean	350	true	Krein/doubled-geometry substrate
L3_Krein	krein	theorem	chiralAnomaly_eq_zero_of_projectorMismatch_eq_zero	lean/InfoGeometry/Canonical/MoorePenrose.lean	363	true	Krein/doubled-geometry substrate
L3_Krein	krein	theorem	projectorMismatch_eq_zero_iff	lean/InfoGeometry/Canonical/MoorePenrose.lean	372	true	Krein/doubled-geometry substrate
L3_Krein	krein	def	epsilon	lean/InfoGeometry/Canonical/MoorePenrose.lean	385	false	Krein/doubled-geometry substrate
L3_Krein	krein	def	chiralScale	lean/InfoGeometry/Canonical/MoorePenrose.lean	390	false	Krein/doubled-geometry substrate
L2_Operator	operator	abbrev	HamiltonianFieldBundle	lean/InfoGeometry/Canonical/NavierStokesNeuralOperatorBridge.lean	23	false	operator-algebraic bridge substrate
L2_Operator	operator	abbrev	VelocityFieldBundle	lean/InfoGeometry/Canonical/NavierStokesNeuralOperatorBridge.lean	27	false	operator-algebraic bridge substrate
L2_Operator	operator	def	modularVelocityOperator	lean/InfoGeometry/Canonical/NavierStokesNeuralOperatorBridge.lean	35	false	operator-algebraic bridge substrate
L2_Operator	operator	theorem	modularVelocityOperator_apply	lean/InfoGeometry/Canonical/NavierStokesNeuralOperatorBridge.lean	44	true	operator-algebraic bridge substrate
L2_Operator	operator	theorem	modularVelocityOperator_zero	lean/InfoGeometry/Canonical/NavierStokesNeuralOperatorBridge.lean	56	true	operator-algebraic bridge substrate
L2_Operator	operator	abbrev	ModularVelocityApproximationContract	lean/InfoGeometry/Canonical/NavierStokesNeuralOperatorBridge.lean	67	false	operator-algebraic bridge substrate
L2_Operator	operator	theorem	modularVelocityOperator_totalCost_le_of_contract	lean/InfoGeometry/Canonical/NavierStokesNeuralOperatorBridge.lean	76	true	operator-algebraic bridge substrate
L2_Operator	operator	theorem	modularVelocityOperator_readoutError_le_of_contract	lean/InfoGeometry/Canonical/NavierStokesNeuralOperatorBridge.lean	95	true	operator-algebraic bridge substrate
L2_Operator	operator	theorem	modularVelocityOperator_momentumResidualError_le_of_contract	lean/InfoGeometry/Canonical/NavierStokesNeuralOperatorBridge.lean	122	true	operator-algebraic bridge substrate
L2_Operator	operator	abbrev	NeuralOperator	lean/InfoGeometry/Canonical/NeuralOperatorCore.lean	19	false	operator-algebraic bridge substrate
L2_Operator	operator	structure	ShapeScaleCost	lean/InfoGeometry/Canonical/NeuralOperatorCore.lean	28	false	operator-algebraic bridge substrate
L2_Operator	operator	def	totalCost	lean/InfoGeometry/Canonical/NeuralOperatorCore.lean	38	false	operator-algebraic bridge substrate
L2_Operator	operator	theorem	totalCost_nonneg	lean/InfoGeometry/Canonical/NeuralOperatorCore.lean	46	true	operator-algebraic bridge substrate
L2_Operator	operator	structure	NeuralOperatorApproximationContract	lean/InfoGeometry/Canonical/NeuralOperatorCore.lean	62	false	operator-algebraic bridge substrate
L2_Operator	operator	theorem	costBound_nonneg	lean/InfoGeometry/Canonical/NeuralOperatorCore.lean	76	true	operator-algebraic bridge substrate
L2_Operator	operator	theorem	operator_totalCost_le_of_contract	lean/InfoGeometry/Canonical/NeuralOperatorCore.lean	85	true	operator-algebraic bridge substrate
L2_Operator	operator	def	pointwiseReadoutError	lean/InfoGeometry/Canonical/NeuralOperatorCore.lean	95	false	operator-algebraic bridge substrate
L2_Operator	operator	theorem	pointwiseReadoutError_nonneg	lean/InfoGeometry/Canonical/NeuralOperatorCore.lean	102	true	operator-algebraic bridge substrate
L2_Operator	operator	theorem	pointwiseReadoutError_le_of_contract	lean/InfoGeometry/Canonical/NeuralOperatorCore.lean	114	true	operator-algebraic bridge substrate
L2_Operator	operator	def	HasNeuralOperatorApproximationAt	lean/InfoGeometry/Canonical/NeuralOperatorCore.lean	135	true	operator-algebraic bridge substrate
L3_Krein	krein	theorem	fisherBilinAt_eq_channelKreinMetricAtState	lean/InfoGeometry/Canonical/NoetherRelationalBridge.lean	42	true	Krein/doubled-geometry substrate
L4_ModularTransport	transport	structure	NormalSemisimpleAgreementWitness	lean/InfoGeometry/Canonical/NormalSemisimpleAgreement.lean	21	true	modular/transport/flow substrate
L4_ModularTransport	transport	structure	ConstructiveNormalSemisimpleAgreementWitness	lean/InfoGeometry/Canonical/NormalSemisimpleAgreement.lean	32	true	modular/transport/flow substrate
L4_ModularTransport	transport	structure	NonnormalTearPoint	lean/InfoGeometry/Canonical/NormalSemisimpleAgreement.lean	90	true	modular/transport/flow substrate
L4_ModularTransport	transport	structure	ObserverL5	lean/InfoGeometry/Canonical/ObserverDefect.lean	33	false	modular/transport/flow substrate
L3_Krein	krein	theorem	observerDefectResidual_norm_le_ZD	lean/InfoGeometry/Canonical/ObserverDefect.lean	257	true	Krein/doubled-geometry substrate
L3_Krein	krein	theorem	observerDefectResidual_norm_le_ZD_of_compressedDeviation_eq_zero	lean/InfoGeometry/Canonical/ObserverDefect.lean	323	true	Krein/doubled-geometry substrate
L3_Krein	krein	theorem	observerDefectResidual_eq_zero_of_deviationControlledByZD_of_ZD_eq_zero	lean/InfoGeometry/Canonical/ObserverDefect.lean	346	true	Krein/doubled-geometry substrate
L3_Krein	krein	theorem	observerDefectResidual_norm_le_ZD_of_deviation_eq_zero	lean/InfoGeometry/Canonical/ObserverDefect.lean	458	true	Krein/doubled-geometry substrate
L3_Krein	krein	theorem	observerDefectResidual_norm_le_ZD_of_residual_eq_zero	lean/InfoGeometry/Canonical/ObserverDefect.lean	476	true	Krein/doubled-geometry substrate
L3_Krein	krein	theorem	observerDefectResidual_norm_le_ZD_of_aligned	lean/InfoGeometry/Canonical/ObserverDefect.lean	579	true	Krein/doubled-geometry substrate
L3_Krein	krein	theorem	observerDefectResidual_norm_le_ZD_of_strain_eq_zero	lean/InfoGeometry/Canonical/ObserverDefect.lean	637	true	Krein/doubled-geometry substrate
L1_Projective	projective	def	projectiveCountDefectFunctional	lean/InfoGeometry/Canonical/OddDefectFunctional.lean	35	false	projection/support/compression substrate
L1_Projective	projective	theorem	projectiveCountDefectFunctional_eq_countMassShift	lean/InfoGeometry/Canonical/OddDefectFunctional.lean	49	true	projection/support/compression substrate
L1_Projective	projective	theorem	projectiveCountDefectFunctional_eq_neg_log_relativeVolumeChange	lean/InfoGeometry/Canonical/OddDefectFunctional.lean	61	true	projection/support/compression substrate
L1_Projective	projective	def	projectiveCountDefectBarrier	lean/InfoGeometry/Canonical/OddDefectFunctional.lean	76	false	projection/support/compression substrate
L1_Projective	projective	theorem	projectiveCountDefectBarrier_nonneg	lean/InfoGeometry/Canonical/OddDefectFunctional.lean	83	true	projection/support/compression substrate
L2_Operator	operator	def	operatorLiftedCountDefectFunctional	lean/InfoGeometry/Canonical/OddDefectFunctional.lean	103	false	operator-algebraic bridge substrate
L2_Operator	operator	theorem	operatorLiftedCountDefectFunctional_eq_countMassShift	lean/InfoGeometry/Canonical/OddDefectFunctional.lean	115	true	operator-algebraic bridge substrate
L2_Operator	operator	theorem	operatorLiftedCountDefectFunctional_eq_projectiveCountDefectFunctional	lean/InfoGeometry/Canonical/OddDefectFunctional.lean	131	true	operator-algebraic bridge substrate
L2_Operator	operator	theorem	operatorLiftedCountDefectFunctional_swap_neg	lean/InfoGeometry/Canonical/OddDefectFunctional.lean	148	true	operator-algebraic bridge substrate
L2_Operator	operator	theorem	operatorLiftedCountDefectFunctional_cocycle	lean/InfoGeometry/Canonical/OddDefectFunctional.lean	166	true	operator-algebraic bridge substrate
L2_Operator	operator	def	operatorLiftedCountDefectBarrier	lean/InfoGeometry/Canonical/OddDefectFunctional.lean	188	false	operator-algebraic bridge substrate
L2_Operator	operator	theorem	operatorLiftedCountDefectBarrier_nonneg	lean/InfoGeometry/Canonical/OddDefectFunctional.lean	195	true	operator-algebraic bridge substrate
L4_ModularTransport	transport	theorem	onsager_responseCoefficient_swap	lean/InfoGeometry/Canonical/OddDefectFunctional.lean	220	true	modular/transport/flow substrate
L3_Krein	krein	theorem	modularConjugationJ_preserves_inner	lean/InfoGeometry/Canonical/OnsagerCasimirJ.lean	37	true	Krein/doubled-geometry substrate
L3_Krein	krein	theorem	modularComplexI_comp_modularConjugationJ	lean/InfoGeometry/Canonical/OnsagerCasimirJ.lean	46	true	Krein/doubled-geometry substrate
L3_Krein	krein	theorem	complex_i_comp_modularConjugationJ	lean/InfoGeometry/Canonical/OnsagerCasimirJ.lean	64	true	Krein/doubled-geometry substrate
L3_Krein	krein	def	JConjugate	lean/InfoGeometry/Canonical/OnsagerCasimirJ.lean	89	true	Krein/doubled-geometry substrate
L3_Krein	krein	def	IsJInvariant	lean/InfoGeometry/Canonical/OnsagerCasimirJ.lean	95	true	Krein/doubled-geometry substrate
L3_Krein	krein	def	IsJOdd	lean/InfoGeometry/Canonical/OnsagerCasimirJ.lean	101	true	Krein/doubled-geometry substrate
L3_Krein	krein	theorem	JConjugate_channelPhaseAxis_eq_neg_channelPhaseAxis_JConjugate	lean/InfoGeometry/Canonical/OnsagerCasimirJ.lean	123	true	Krein/doubled-geometry substrate
L3_Krein	krein	theorem	twoStateObservableCorrelation_J_conjugate	lean/InfoGeometry/Canonical/OnsagerCasimirJ.lean	158	true	Krein/doubled-geometry substrate
L3_Krein	krein	theorem	twoStateChannelCorrelation_J_conjugate	lean/InfoGeometry/Canonical/OnsagerCasimirJ.lean	187	true	Krein/doubled-geometry substrate
L3_Krein	krein	theorem	twoStateChannelCorrelation_J_reflect_eq_of_IsJInvariant	lean/InfoGeometry/Canonical/OnsagerCasimirJ.lean	201	true	Krein/doubled-geometry substrate
L3_Krein	krein	theorem	twoStateChannelCorrelation_phase_J_reflect_eq_neg	lean/InfoGeometry/Canonical/OnsagerCasimirJ.lean	215	true	Krein/doubled-geometry substrate
L4_ModularTransport	transport	theorem	stateRelativeModularGenerator_right_eq_JConjugate_left	lean/InfoGeometry/Canonical/OnsagerCasimirJ.lean	235	true	modular/transport/flow substrate
L4_ModularTransport	transport	theorem	jPairedGeneratorCorrelation_metric	lean/InfoGeometry/Canonical/OnsagerCasimirJ.lean	244	true	modular/transport/flow substrate
L4_ModularTransport	transport	theorem	jPairedGeneratorCorrelation_phase	lean/InfoGeometry/Canonical/OnsagerCasimirJ.lean	263	true	modular/transport/flow substrate
L4_ModularTransport	transport	def	operatorSecondVariationForm	lean/InfoGeometry/Canonical/OnsagerReciprocity.lean	55	false	modular/transport/flow substrate
L4_ModularTransport	transport	def	operatorMetricHessianForm	lean/InfoGeometry/Canonical/OnsagerReciprocity.lean	77	false	modular/transport/flow substrate
L4_ModularTransport	transport	def	operatorCurvatureHessianForm	lean/InfoGeometry/Canonical/OnsagerReciprocity.lean	84	false	modular/transport/flow substrate
L4_ModularTransport	transport	def	operatorPhaseHessianForm	lean/InfoGeometry/Canonical/OnsagerReciprocity.lean	91	false	modular/transport/flow substrate
L4_ModularTransport	transport	theorem	operatorMetricHessianForm_eq_half_probe_observableLieHessian_add_swap	lean/InfoGeometry/Canonical/OnsagerReciprocity.lean	152	true	modular/transport/flow substrate
L4_ModularTransport	transport	def	responseCoefficient	lean/InfoGeometry/Canonical/OnsagerReciprocity.lean	169	false	modular/transport/flow substrate
L4_ModularTransport	transport	def	curvatureCoefficient	lean/InfoGeometry/Canonical/OnsagerReciprocity.lean	175	false	modular/transport/flow substrate
L4_ModularTransport	transport	theorem	responseCoefficient_swap	lean/InfoGeometry/Canonical/OnsagerReciprocity.lean	181	true	modular/transport/flow substrate
L4_ModularTransport	transport	theorem	responseCoefficient_diag_eq_probe_observableLieHessian	lean/InfoGeometry/Canonical/OnsagerReciprocity.lean	191	true	modular/transport/flow substrate
L4_ModularTransport	transport	theorem	responseCoefficient_diag_eq_probe_double_transportCommutator	lean/InfoGeometry/Canonical/OnsagerReciprocity.lean	201	true	modular/transport/flow substrate
L4_ModularTransport	transport	theorem	curvatureCoefficient_swap_neg	lean/InfoGeometry/Canonical/OnsagerReciprocity.lean	212	true	modular/transport/flow substrate
L4_ModularTransport	transport	theorem	curvatureCoefficient_eq_probe_bracketDerivation	lean/InfoGeometry/Canonical/OnsagerReciprocity.lean	222	true	modular/transport/flow substrate
L3_Krein	krein	theorem	channelCorrelationAtState_swap	lean/InfoGeometry/Canonical/OnsagerReciprocity.lean	236	true	Krein/doubled-geometry substrate
L3_Krein	krein	theorem	comparisonGeneratorMetric_swap	lean/InfoGeometry/Canonical/OnsagerReciprocity.lean	245	true	Krein/doubled-geometry substrate
L3_Krein	krein	theorem	comparisonGeneratorPhase_swap_neg_of_IsPhaseLinear	lean/InfoGeometry/Canonical/OnsagerReciprocity.lean	258	true	Krein/doubled-geometry substrate
L4_ModularTransport	transport	theorem	toRelationalInformationDatum_comparisonTransportGenerator_eq_gauge_add_source	lean/InfoGeometry/Canonical/OnsagerReciprocity.lean	301	true	modular/transport/flow substrate
L4_ModularTransport	transport	theorem	toRelationalInformationDatum_comparisonGaugeGenerator_eq_phaseLinearPart	lean/InfoGeometry/Canonical/OnsagerReciprocity.lean	314	true	modular/transport/flow substrate
L4_ModularTransport	transport	theorem	toRelationalInformationDatum_comparisonSourceGenerator_eq_phaseAntilinearPart	lean/InfoGeometry/Canonical/OnsagerReciprocity.lean	326	true	modular/transport/flow substrate
L4_ModularTransport	transport	theorem	toRelationalInformationDatum_comparisonMetricReadout_eq_metricOf_phaseLinearPart_add_metricOf_phaseAntilinearPart	lean/InfoGeometry/Canonical/OnsagerReciprocity.lean	338	true	modular/transport/flow substrate
L4_ModularTransport	transport	theorem	toRelationalInformationDatum_comparisonPhaseReadout_eq_berryOf_phaseLinearPart_add_berryOf_phaseAntilinearPart	lean/InfoGeometry/Canonical/OnsagerReciprocity.lean	360	true	modular/transport/flow substrate
L4_ModularTransport	transport	theorem	toRelationalInformationDatum_comparisonMetricPhaseReadout_pair_eq_phaseLinearAntilinear_operator_pair	lean/InfoGeometry/Canonical/OnsagerReciprocity.lean	382	true	modular/transport/flow substrate
L4_ModularTransport	transport	theorem	toRelationalInformationDatum_comparisonMetricPhaseReadout_pair_eq_bohmMadelung_constantStateGeneratorField_pair	lean/InfoGeometry/Canonical/OnsagerReciprocity.lean	426	true	modular/transport/flow substrate
L4_ModularTransport	transport	theorem	toRelationalInformationDatum_bohmMadelung_stationary_iff_isPotentialKillingOperator	lean/InfoGeometry/Canonical/OnsagerReciprocity.lean	446	true	modular/transport/flow substrate
L4_ModularTransport	transport	theorem	toRelationalInformationDatum_bohmMadelung_stationary_of_equilibriumSeed	lean/InfoGeometry/Canonical/OnsagerReciprocity.lean	465	true	modular/transport/flow substrate
L4_ModularTransport	transport	theorem	toRelationalInformationDatum_bohmMadelung_stationary_of_firstVariation_eq_zero_of_probeFaithful	lean/InfoGeometry/Canonical/OnsagerReciprocity.lean	482	true	modular/transport/flow substrate
L4_ModularTransport	transport	def	onsagerResponseAbs	lean/InfoGeometry/Canonical/OnsagerSinkhornOperatorLift.lean	35	false	modular/transport/flow substrate
L4_ModularTransport	transport	theorem	onsagerResponseAbs_nonneg	lean/InfoGeometry/Canonical/OnsagerSinkhornOperatorLift.lean	40	true	modular/transport/flow substrate
L4_ModularTransport	transport	theorem	onsagerResponseAbs_swap	lean/InfoGeometry/Canonical/OnsagerSinkhornOperatorLift.lean	48	true	modular/transport/flow substrate
L4_ModularTransport	transport	structure	SinkhornOnsagerResponseBridge	lean/InfoGeometry/Canonical/OnsagerSinkhornOperatorLift.lean	61	false	modular/transport/flow substrate
L4_ModularTransport	transport	theorem	onsagerResponseAbs_next_le_now	lean/InfoGeometry/Canonical/OnsagerSinkhornOperatorLift.lean	83	true	modular/transport/flow substrate
L4_ModularTransport	transport	theorem	onsagerResponseAbs_next_le_now_swap	lean/InfoGeometry/Canonical/OnsagerSinkhornOperatorLift.lean	97	true	modular/transport/flow substrate
L4_ModularTransport	transport	def	onsagerMetricGeneratedFlow	lean/InfoGeometry/Canonical/OnsagerSpineBridge.lean	31	false	modular/transport/flow substrate
L4_ModularTransport	transport	def	onsagerCurvatureGeneratedFlow	lean/InfoGeometry/Canonical/OnsagerSpineBridge.lean	40	false	modular/transport/flow substrate
L4_ModularTransport	transport	def	onsagerPairReadout	lean/InfoGeometry/Canonical/OnsagerSpineBridge.lean	47	false	modular/transport/flow substrate
L4_ModularTransport	transport	theorem	responseCoefficient_eq_spineRespond	lean/InfoGeometry/Canonical/OnsagerSpineBridge.lean	57	true	modular/transport/flow substrate
L4_ModularTransport	transport	theorem	curvatureCoefficient_eq_spineRespond	lean/InfoGeometry/Canonical/OnsagerSpineBridge.lean	75	true	modular/transport/flow substrate
L4_ModularTransport	transport	theorem	spineRespond_metric_swap	lean/InfoGeometry/Canonical/OnsagerSpineBridge.lean	93	true	modular/transport/flow substrate
L4_ModularTransport	transport	theorem	spineRespond_curvature_swap_neg	lean/InfoGeometry/Canonical/OnsagerSpineBridge.lean	114	true	modular/transport/flow substrate
L3_Krein	krein	def	uPlusComponent	lean/InfoGeometry/Canonical/OperatorDictionary.lean	39	false	Krein/doubled-geometry substrate
L3_Krein	krein	def	uMinusComponent	lean/InfoGeometry/Canonical/OperatorDictionary.lean	44	false	Krein/doubled-geometry substrate
L3_Krein	krein	theorem	u_eq_uPlusComponent_add_uMinusComponent	lean/InfoGeometry/Canonical/OperatorDictionary.lean	49	true	Krein/doubled-geometry substrate
L3_Krein	krein	abbrev	Qplus	lean/InfoGeometry/Canonical/OperatorDictionary.lean	56	false	Krein/doubled-geometry substrate
L3_Krein	krein	abbrev	Qminus	lean/InfoGeometry/Canonical/OperatorDictionary.lean	60	false	Krein/doubled-geometry substrate
L3_Krein	krein	theorem	modular_j_eq_Qplus_add_Qminus	lean/InfoGeometry/Canonical/OperatorDictionary.lean	65	true	Krein/doubled-geometry substrate
L3_Krein	krein	def	phaseAxisK	lean/InfoGeometry/Canonical/OperatorDictionary.lean	72	false	Krein/doubled-geometry substrate
L3_Krein	krein	theorem	phaseAxisK_eq_modular_j_comp_spectral_epsilon	lean/InfoGeometry/Canonical/OperatorDictionary.lean	78	true	Krein/doubled-geometry substrate
L3_Krein	krein	theorem	modular_j_comp_spectral_epsilon_eq_neg_spectral_epsilon_comp_modular_j	lean/InfoGeometry/Canonical/OperatorDictionary.lean	85	true	Krein/doubled-geometry substrate
L3_Krein	krein	theorem	phaseAxisK_sq_eq_neg_id	lean/InfoGeometry/Canonical/OperatorDictionary.lean	92	true	Krein/doubled-geometry substrate
L3_Krein	krein	theorem	phaseAxisK_inner_skew	lean/InfoGeometry/Canonical/OperatorDictionary.lean	99	true	Krein/doubled-geometry substrate
L3_Krein	krein	theorem	phaseAxisK_kreinInner_comp	lean/InfoGeometry/Canonical/OperatorDictionary.lean	107	true	Krein/doubled-geometry substrate
L4_ModularTransport	transport	def	phaseAxisObservable	lean/InfoGeometry/Canonical/OperatorDictionary.lean	114	false	modular/transport/flow substrate
L4_ModularTransport	transport	theorem	phaseAxisObservable_eq_phaseAxisForce	lean/InfoGeometry/Canonical/OperatorDictionary.lean	119	true	modular/transport/flow substrate
L4_ModularTransport	transport	def	sectorExchangeObservablePlus	lean/InfoGeometry/Canonical/OperatorDictionary.lean	126	false	modular/transport/flow substrate
L4_ModularTransport	transport	def	sectorExchangeObservableMinus	lean/InfoGeometry/Canonical/OperatorDictionary.lean	131	false	modular/transport/flow substrate
L4_ModularTransport	transport	theorem	plusProjectorFlux_eq_neg_sectorExchangeObservablePlus	lean/InfoGeometry/Canonical/OperatorDictionary.lean	140	true	modular/transport/flow substrate
L4_ModularTransport	transport	theorem	minusProjectorFlux_eq_neg_sectorExchangeObservableMinus	lean/InfoGeometry/Canonical/OperatorDictionary.lean	151	true	modular/transport/flow substrate
L2_Operator	operator	def	regularPositiveConeOmegaD	lean/InfoGeometry/Canonical/OperatorFenchelRegularCone.lean	46	false	operator-algebraic bridge substrate
L2_Operator	operator	def	operatorFenchelPotentialOnRegularCone	lean/InfoGeometry/Canonical/OperatorFenchelRegularCone.lean	79	false	operator-algebraic bridge substrate
L2_Operator	operator	def	operatorFenchelConjugateOnRegularCone	lean/InfoGeometry/Canonical/OperatorFenchelRegularCone.lean	87	false	operator-algebraic bridge substrate
L4_ModularTransport	transport	theorem	operatorFenchelYoung_on_doubledKrein	lean/InfoGeometry/Canonical/OperatorFenchelRegularCone.lean	98	true	modular/transport/flow substrate
L5_ThermodynamicClosure	thermo	theorem	operatorLegendreHessianInverse_packet_of_continuousLinearEquiv	lean/InfoGeometry/Canonical/OperatorFenchelRegularCone.lean	127	true	thermodynamic/free-energy/closure substrate
L5_ThermodynamicClosure	thermo	theorem	operatorEntropyHessian_comp_operatorFisherHessian_eq_id_of_continuousLinearEquiv	lean/InfoGeometry/Canonical/OperatorFenchelRegularCone.lean	149	true	thermodynamic/free-energy/closure substrate
L5_ThermodynamicClosure	thermo	theorem	operatorFisherHessian_comp_operatorEntropyHessian_eq_id_of_continuousLinearEquiv	lean/InfoGeometry/Canonical/OperatorFenchelRegularCone.lean	161	true	thermodynamic/free-energy/closure substrate
L3_Krein	krein	theorem	operatorUncertainty_from_hessianJordan	lean/InfoGeometry/Canonical/OperatorFenchelRegularCone.lean	173	true	Krein/doubled-geometry substrate
L4_ModularTransport	transport	def	lightconePlusCoordinate	lean/InfoGeometry/Canonical/OperatorLightconeCoordinates.lean	37	false	modular/transport/flow substrate
L4_ModularTransport	transport	def	lightconeMinusCoordinate	lean/InfoGeometry/Canonical/OperatorLightconeCoordinates.lean	42	false	modular/transport/flow substrate
L4_ModularTransport	transport	abbrev	polarizedPlusCoordinate	lean/InfoGeometry/Canonical/OperatorLightconeCoordinates.lean	50	false	modular/transport/flow substrate
L4_ModularTransport	transport	abbrev	polarizedMinusCoordinate	lean/InfoGeometry/Canonical/OperatorLightconeCoordinates.lean	58	false	modular/transport/flow substrate
L4_ModularTransport	transport	theorem	lightconeCoordinate_sum_eq_id_expectation	lean/InfoGeometry/Canonical/OperatorLightconeCoordinates.lean	63	true	modular/transport/flow substrate
L4_ModularTransport	transport	def	rapidityPlusCoordinate	lean/InfoGeometry/Canonical/OperatorLightconeCoordinates.lean	77	false	modular/transport/flow substrate
L4_ModularTransport	transport	def	rapidityMinusCoordinate	lean/InfoGeometry/Canonical/OperatorLightconeCoordinates.lean	82	false	modular/transport/flow substrate
L4_ModularTransport	transport	abbrev	epsilonBoostPlusCoordinate	lean/InfoGeometry/Canonical/OperatorLightconeCoordinates.lean	90	false	modular/transport/flow substrate
L4_ModularTransport	transport	abbrev	epsilonBoostMinusCoordinate	lean/InfoGeometry/Canonical/OperatorLightconeCoordinates.lean	98	false	modular/transport/flow substrate
L4_ModularTransport	transport	theorem	rapidityPlusCoordinate_eq_exp_mul_lightconePlus	lean/InfoGeometry/Canonical/OperatorLightconeCoordinates.lean	103	true	modular/transport/flow substrate
L4_ModularTransport	transport	theorem	rapidityMinusCoordinate_eq_exp_neg_mul_lightconeMinus	lean/InfoGeometry/Canonical/OperatorLightconeCoordinates.lean	110	true	modular/transport/flow substrate
L4_ModularTransport	transport	def	rapidityTimeCoordinate	lean/InfoGeometry/Canonical/OperatorLightconeCoordinates.lean	117	false	modular/transport/flow substrate
L4_ModularTransport	transport	def	rapiditySpaceCoordinate	lean/InfoGeometry/Canonical/OperatorLightconeCoordinates.lean	122	false	modular/transport/flow substrate
L4_ModularTransport	transport	abbrev	epsilonBoostTimeCoordinate	lean/InfoGeometry/Canonical/OperatorLightconeCoordinates.lean	129	false	modular/transport/flow substrate
L4_ModularTransport	transport	abbrev	epsilonBoostSpaceCoordinate	lean/InfoGeometry/Canonical/OperatorLightconeCoordinates.lean	136	false	modular/transport/flow substrate
L4_ModularTransport	transport	def	timeCoordinate	lean/InfoGeometry/Canonical/OperatorLightconeCoordinates.lean	141	false	modular/transport/flow substrate
L4_ModularTransport	transport	def	spaceCoordinate	lean/InfoGeometry/Canonical/OperatorLightconeCoordinates.lean	146	false	modular/transport/flow substrate
L4_ModularTransport	transport	theorem	lightconePlus_eq_time_add_space	lean/InfoGeometry/Canonical/OperatorLightconeCoordinates.lean	151	true	modular/transport/flow substrate
L4_ModularTransport	transport	theorem	lightconeMinus_eq_time_sub_space	lean/InfoGeometry/Canonical/OperatorLightconeCoordinates.lean	159	true	modular/transport/flow substrate
L4_ModularTransport	transport	theorem	rapidityTimeCoordinate_eq_cosh_time_add_sinh_space	lean/InfoGeometry/Canonical/OperatorLightconeCoordinates.lean	188	true	modular/transport/flow substrate
L4_ModularTransport	transport	theorem	rapiditySpaceCoordinate_eq_sinh_time_add_cosh_space	lean/InfoGeometry/Canonical/OperatorLightconeCoordinates.lean	205	true	modular/transport/flow substrate
L4_ModularTransport	transport	theorem	operatorMassieu_eq_log_generalizedBerezinianScale_of_operatorPartition_eq_generalizedBerezinianScale	lean/InfoGeometry/Canonical/OperatorPartitionSupervolumeBridge.lean	48	true	modular/transport/flow substrate
L3_Krein	krein	structure	UnifiedCompactificationSystem	lean/InfoGeometry/Canonical/OperatorPenroseUnification.lean	26	true	Krein/doubled-geometry substrate
L3_Krein	krein	structure	GeneratorPreservation	lean/InfoGeometry/Canonical/OperatorPenroseUnification.lean	32	true	Krein/doubled-geometry substrate
L3_Krein	krein	structure	BoundaryPreservation	lean/InfoGeometry/Canonical/OperatorPenroseUnification.lean	43	true	Krein/doubled-geometry substrate
L3_Krein	krein	structure	CoherentClosure	lean/InfoGeometry/Canonical/OperatorPenroseUnification.lean	52	true	Krein/doubled-geometry substrate
L3_Krein	krein	theorem	generatorPreservation_of_intertwiner	lean/InfoGeometry/Canonical/OperatorPenroseUnification.lean	61	true	Krein/doubled-geometry substrate
L3_Krein	krein	theorem	boundaryPreservation_id	lean/InfoGeometry/Canonical/OperatorPenroseUnification.lean	70	true	Krein/doubled-geometry substrate
L3_Krein	krein	theorem	coherentClosure_of_intertwiner	lean/InfoGeometry/Canonical/OperatorPenroseUnification.lean	80	true	Krein/doubled-geometry substrate
L3_Krein	krein	def	RealizedProjectorTomitaIdentification	lean/InfoGeometry/Canonical/OperatorPenroseUnification.lean	94	true	Krein/doubled-geometry substrate
L3_Krein	krein	def	CountProjectivePolarizedAttachment	lean/InfoGeometry/Canonical/OperatorPenroseUnification.lean	100	true	Krein/doubled-geometry substrate
L3_Krein	krein	def	TwistedFiniteDimensionalWitness	lean/InfoGeometry/Canonical/OperatorPenroseUnification.lean	107	true	Krein/doubled-geometry substrate
L3_Krein	krein	def	TightenedWeylAnomalyResponse	lean/InfoGeometry/Canonical/OperatorPenroseUnification.lean	113	true	Krein/doubled-geometry substrate
L3_Krein	krein	def	SpinorModularIdentification	lean/InfoGeometry/Canonical/OperatorPenroseUnification.lean	120	true	Krein/doubled-geometry substrate
L3_Krein	krein	theorem	realizedProjectorTomitaIdentification_canonical	lean/InfoGeometry/Canonical/OperatorPenroseUnification.lean	130	true	Krein/doubled-geometry substrate
L3_Krein	krein	theorem	countProjectivePolarizedAttachment_of_capstone	lean/InfoGeometry/Canonical/OperatorPenroseUnification.lean	141	true	Krein/doubled-geometry substrate
L3_Krein	krein	theorem	tightenedWeylAnomalyResponse_of_capstone	lean/InfoGeometry/Canonical/OperatorPenroseUnification.lean	153	true	Krein/doubled-geometry substrate
L3_Krein	krein	theorem	spinorModularIdentification_of_capstone	lean/InfoGeometry/Canonical/OperatorPenroseUnification.lean	165	true	Krein/doubled-geometry substrate
L3_Krein	krein	structure	UnificationDependencies	lean/InfoGeometry/Canonical/OperatorPenroseUnification.lean	175	true	Krein/doubled-geometry substrate
L3_Krein	krein	theorem	junction1_realizedProjector_tomita	lean/InfoGeometry/Canonical/OperatorPenroseUnification.lean	184	true	Krein/doubled-geometry substrate
L3_Krein	krein	theorem	junction2_countProjective_polarized_attach	lean/InfoGeometry/Canonical/OperatorPenroseUnification.lean	192	true	Krein/doubled-geometry substrate
L3_Krein	krein	theorem	junction3_twisted_finite_witness	lean/InfoGeometry/Canonical/OperatorPenroseUnification.lean	200	true	Krein/doubled-geometry substrate
L3_Krein	krein	theorem	junction4_tightened_weyl_response	lean/InfoGeometry/Canonical/OperatorPenroseUnification.lean	208	true	Krein/doubled-geometry substrate
L3_Krein	krein	theorem	junction5_spinor_modular_identification	lean/InfoGeometry/Canonical/OperatorPenroseUnification.lean	216	true	Krein/doubled-geometry substrate
L3_Krein	krein	theorem	unificationDependencies_of_capstone	lean/InfoGeometry/Canonical/OperatorPenroseUnification.lean	228	true	Krein/doubled-geometry substrate
L3_Krein	krein	structure	CapstoneWitness	lean/InfoGeometry/Canonical/OperatorPenroseUnification.lean	252	false	Krein/doubled-geometry substrate
L3_Krein	krein	structure	ClosedCapstoneWitness	lean/InfoGeometry/Canonical/OperatorPenroseUnification.lean	265	false	Krein/doubled-geometry substrate
L3_Krein	krein	theorem	unificationDependencies_of_capstoneWitness	lean/InfoGeometry/Canonical/OperatorPenroseUnification.lean	273	true	Krein/doubled-geometry substrate
L3_Krein	krein	theorem	unificationDependencies_of_closedCapstoneWitness	lean/InfoGeometry/Canonical/OperatorPenroseUnification.lean	286	true	Krein/doubled-geometry substrate
L3_Krein	krein	theorem	operator_penrose_unification	lean/InfoGeometry/Canonical/OperatorPenroseUnification.lean	297	true	Krein/doubled-geometry substrate
L3_Krein	krein	theorem	operator_penrose_unification_of_capstone	lean/InfoGeometry/Canonical/OperatorPenroseUnification.lean	314	true	Krein/doubled-geometry substrate
L3_Krein	krein	theorem	operator_penrose_unification_closed	lean/InfoGeometry/Canonical/OperatorPenroseUnification.lean	330	true	Krein/doubled-geometry substrate
L3_Krein	krein	structure	UnboundedModularTranslation	lean/InfoGeometry/Canonical/OperatorPenroseUnification.lean	348	true	Krein/doubled-geometry substrate
L3_Krein	krein	theorem	boundedCapstone_seeds_unbounded_translation	lean/InfoGeometry/Canonical/OperatorPenroseUnification.lean	357	true	Krein/doubled-geometry substrate
L4_ModularTransport	transport	structure	ProjectorPair	lean/InfoGeometry/Canonical/OperatorProjectorMismatch.lean	15	false	modular/transport/flow substrate
L4_ModularTransport	transport	structure	DrazinMPProjectorData	lean/InfoGeometry/Canonical/OperatorProjectorMismatch.lean	115	false	modular/transport/flow substrate
L4_ModularTransport	transport	structure	ProjectorCommutatorObstruction	lean/InfoGeometry/Canonical/OperatorProjectorMismatch.lean	138	false	modular/transport/flow substrate
L4_ModularTransport	transport	def	idObservable	lean/InfoGeometry/Canonical/OperatorSpacetimeObservables.lean	48	false	modular/transport/flow substrate
L4_ModularTransport	transport	def	epsilonObservable	lean/InfoGeometry/Canonical/OperatorSpacetimeObservables.lean	53	false	modular/transport/flow substrate
L4_ModularTransport	transport	def	jObservable	lean/InfoGeometry/Canonical/OperatorSpacetimeObservables.lean	58	false	modular/transport/flow substrate
L4_ModularTransport	transport	def	kObservable	lean/InfoGeometry/Canonical/OperatorSpacetimeObservables.lean	63	false	modular/transport/flow substrate
L4_ModularTransport	transport	theorem	idObservable_eq_lightconePlus_add_lightconeMinus	lean/InfoGeometry/Canonical/OperatorSpacetimeObservables.lean	68	true	modular/transport/flow substrate
L4_ModularTransport	transport	theorem	epsilonObservable_eq_lightconePlus_sub_lightconeMinus	lean/InfoGeometry/Canonical/OperatorSpacetimeObservables.lean	76	true	modular/transport/flow substrate
L4_ModularTransport	transport	theorem	lightconePlus_eq_half_id_add_epsilon	lean/InfoGeometry/Canonical/OperatorSpacetimeObservables.lean	99	true	modular/transport/flow substrate
L4_ModularTransport	transport	theorem	lightconeMinus_eq_half_id_sub_epsilon	lean/InfoGeometry/Canonical/OperatorSpacetimeObservables.lean	117	true	modular/transport/flow substrate
L4_ModularTransport	transport	theorem	timeCoordinate_eq_half_idObservable	lean/InfoGeometry/Canonical/OperatorSpacetimeObservables.lean	135	true	modular/transport/flow substrate
L4_ModularTransport	transport	theorem	spaceCoordinate_eq_half_epsilonObservable	lean/InfoGeometry/Canonical/OperatorSpacetimeObservables.lean	142	true	modular/transport/flow substrate
L4_ModularTransport	transport	theorem	phaseAxisK_sq_expectation_eq_neg_idObservable	lean/InfoGeometry/Canonical/OperatorSpacetimeObservables.lean	149	true	modular/transport/flow substrate
L4_ModularTransport	transport	def	rapidityIdObservable	lean/InfoGeometry/Canonical/OperatorSpacetimeObservables.lean	157	false	modular/transport/flow substrate
L4_ModularTransport	transport	def	rapidityEpsilonObservable	lean/InfoGeometry/Canonical/OperatorSpacetimeObservables.lean	162	false	modular/transport/flow substrate
L4_ModularTransport	transport	theorem	rapidityIdObservable_eq_cosh_id_add_sinh_epsilon	lean/InfoGeometry/Canonical/OperatorSpacetimeObservables.lean	167	true	modular/transport/flow substrate
L4_ModularTransport	transport	theorem	rapidityEpsilonObservable_eq_sinh_id_add_cosh_epsilon	lean/InfoGeometry/Canonical/OperatorSpacetimeObservables.lean	190	true	modular/transport/flow substrate
L3_Krein	krein	structure	OperatorSuperKaehlerMassieuPacket	lean/InfoGeometry/Canonical/OperatorSuperKaehlerLift.lean	59	false	Krein/doubled-geometry substrate
L3_Krein	krein	def	massieuGenerator	lean/InfoGeometry/Canonical/OperatorSuperKaehlerLift.lean	68	false	Krein/doubled-geometry substrate
L3_Krein	krein	def	massieuPotential	lean/InfoGeometry/Canonical/OperatorSuperKaehlerLift.lean	75	false	Krein/doubled-geometry substrate
L3_Krein	krein	def	massieuExpectation	lean/InfoGeometry/Canonical/OperatorSuperKaehlerLift.lean	83	false	Krein/doubled-geometry substrate
L3_Krein	krein	theorem	massieuPotential_eq_operatorMassieuPotential	lean/InfoGeometry/Canonical/OperatorSuperKaehlerLift.lean	90	true	Krein/doubled-geometry substrate
L3_Krein	krein	theorem	massieuPotential_normalizedInfinitesimalLaw	lean/InfoGeometry/Canonical/OperatorSuperKaehlerLift.lean	99	true	Krein/doubled-geometry substrate
L4_ModularTransport	transport	def	metricResponse	lean/InfoGeometry/Canonical/OperatorSuperKaehlerLift.lean	112	false	modular/transport/flow substrate
L4_ModularTransport	transport	def	curvatureResponse	lean/InfoGeometry/Canonical/OperatorSuperKaehlerLift.lean	119	false	modular/transport/flow substrate
L4_ModularTransport	transport	def	phaseResponse	lean/InfoGeometry/Canonical/OperatorSuperKaehlerLift.lean	126	false	modular/transport/flow substrate
L4_ModularTransport	transport	theorem	metricResponse_swap	lean/InfoGeometry/Canonical/OperatorSuperKaehlerLift.lean	132	true	modular/transport/flow substrate
L4_ModularTransport	transport	theorem	curvatureResponse_swap_neg	lean/InfoGeometry/Canonical/OperatorSuperKaehlerLift.lean	141	true	modular/transport/flow substrate
L4_ModularTransport	transport	theorem	phaseResponse_eq_metric_comp_channelPhaseAxis	lean/InfoGeometry/Canonical/OperatorSuperKaehlerLift.lean	150	true	modular/transport/flow substrate
L4_ModularTransport	transport	theorem	phaseResponse_apply	lean/InfoGeometry/Canonical/OperatorSuperKaehlerLift.lean	159	true	modular/transport/flow substrate
L3_Krein	krein	theorem	hestenes_phase_eq_metric_K	lean/InfoGeometry/Canonical/OperatorSuperKaehlerLift.lean	172	true	Krein/doubled-geometry substrate
L3_Krein	krein	theorem	fisher_readout_eq_channelKreinMetric	lean/InfoGeometry/Canonical/OperatorSuperKaehlerLift.lean	183	true	Krein/doubled-geometry substrate
L2_Operator	operator	structure	DrazinInverseWitness	lean/InfoGeometry/Canonical/OperatorSurgery.lean	27	true	operator-algebraic bridge substrate
L2_Operator	operator	structure	DrazinSurgeryWitness	lean/InfoGeometry/Canonical/OperatorSurgery.lean	42	false	operator-algebraic bridge substrate
L2_Operator	operator	def	ofDrazinInverse	lean/InfoGeometry/Canonical/OperatorSurgery.lean	224	false	operator-algebraic bridge substrate
L2_Operator	operator	def	identitySplit	lean/InfoGeometry/Canonical/OperatorSurgery.lean	308	false	operator-algebraic bridge substrate
L2_Operator	operator	def	drazinSurgeryOfDrazinInverse	lean/InfoGeometry/Canonical/OperatorSurgery.lean	361	false	operator-algebraic bridge substrate
L4_ModularTransport	transport	def	operatorMassieuReadout	lean/InfoGeometry/Canonical/OperatorThermoBridge.lean	40	false	modular/transport/flow substrate
L4_ModularTransport	transport	def	operatorCanonicalFreeEnergyReadout	lean/InfoGeometry/Canonical/OperatorThermoBridge.lean	45	false	modular/transport/flow substrate
L4_ModularTransport	transport	def	operatorCanonicalEntropyProduction	lean/InfoGeometry/Canonical/OperatorThermoBridge.lean	50	false	modular/transport/flow substrate
L4_ModularTransport	transport	theorem	operatorCanonicalFreeEnergyReadout_eq_massieu	lean/InfoGeometry/Canonical/OperatorThermoBridge.lean	55	true	modular/transport/flow substrate
L4_ModularTransport	transport	theorem	operatorCanonicalEntropyProduction_eq_probe_hessian	lean/InfoGeometry/Canonical/OperatorThermoBridge.lean	62	true	modular/transport/flow substrate
L4_ModularTransport	transport	theorem	operatorCanonicalEntropyProduction_nonneg_of_probe_hessian_nonneg	lean/InfoGeometry/Canonical/OperatorThermoBridge.lean	69	true	modular/transport/flow substrate
L4_ModularTransport	transport	theorem	scalarCanonicalFreeEnergy_sign	lean/InfoGeometry/Canonical/OperatorThermoBridge.lean	77	true	modular/transport/flow substrate
L4_ModularTransport	transport	theorem	scalarCanonicalEntropy_sign	lean/InfoGeometry/Canonical/OperatorThermoBridge.lean	83	true	modular/transport/flow substrate
L4_ModularTransport	transport	theorem	scalarCanonicalEnergy_sign	lean/InfoGeometry/Canonical/OperatorThermoBridge.lean	89	true	modular/transport/flow substrate
L3_Krein	krein	def	operatorialCentralCharge	lean/InfoGeometry/Canonical/OperatorialCentralCharge.lean	42	false	Krein/doubled-geometry substrate
L4_ModularTransport	transport	theorem	operatorialCentralCharge_eq_transport_slice	lean/InfoGeometry/Canonical/OperatorialCentralCharge.lean	51	true	modular/transport/flow substrate
L4_ModularTransport	transport	theorem	operatorialCentralCharge_transport_invariant	lean/InfoGeometry/Canonical/OperatorialCentralCharge.lean	69	true	modular/transport/flow substrate
L4_ModularTransport	transport	theorem	quasilatticeSlice_eq_zero_iff_operatorialCentralCharge_eq_zero	lean/InfoGeometry/Canonical/OperatorialCentralCharge.lean	87	true	modular/transport/flow substrate
L4_ModularTransport	transport	theorem	quasilatticeSlice_ne_zero_iff_operatorialCentralCharge_ne_zero	lean/InfoGeometry/Canonical/OperatorialCentralCharge.lean	122	true	modular/transport/flow substrate
L4_ModularTransport	transport	theorem	quasilatticeSlice_ne_zero_of_operatorialCentralCharge_ne_zero	lean/InfoGeometry/Canonical/OperatorialCentralCharge.lean	142	true	modular/transport/flow substrate
L4_ModularTransport	transport	theorem	quasilatticeSlice_ne_zero_transport_protected	lean/InfoGeometry/Canonical/OperatorialCentralCharge.lean	161	true	modular/transport/flow substrate
L3_Krein	krein	theorem	comparisonStateGeneratorMetric_self_eq_norm_sq	lean/InfoGeometry/Canonical/OperatorialCramerRao.lean	38	true	Krein/doubled-geometry substrate
L3_Krein	krein	theorem	comparisonStateGeneratorMetric_self_nonneg	lean/InfoGeometry/Canonical/OperatorialCramerRao.lean	48	true	Krein/doubled-geometry substrate
L3_Krein	krein	theorem	comparisonStateGeneratorMetric_sq_le	lean/InfoGeometry/Canonical/OperatorialCramerRao.lean	56	true	Krein/doubled-geometry substrate
L3_Krein	krein	theorem	comparisonStateGeneratorMetric_self_pos_of_apply_ne_zero	lean/InfoGeometry/Canonical/OperatorialCramerRao.lean	68	true	Krein/doubled-geometry substrate
L3_Krein	krein	theorem	one_le_comparisonStateGeneratorMetric_self_mul_self_of_unit_response	lean/InfoGeometry/Canonical/OperatorialCramerRao.lean	81	true	Krein/doubled-geometry substrate
L3_Krein	krein	theorem	inv_comparisonStateGeneratorMetric_self_le_of_unit_response	lean/InfoGeometry/Canonical/OperatorialCramerRao.lean	100	true	Krein/doubled-geometry substrate
L4_ModularTransport	transport	theorem	toRelationalInformationDatum_comparisonGeneratorMetric_self_eq_norm_sq	lean/InfoGeometry/Canonical/OperatorialCramerRao.lean	123	true	modular/transport/flow substrate
L4_ModularTransport	transport	theorem	toRelationalInformationDatum_comparisonGeneratorMetric_sq_le	lean/InfoGeometry/Canonical/OperatorialCramerRao.lean	138	true	modular/transport/flow substrate
L4_ModularTransport	transport	theorem	toRelationalInformationDatum_inv_comparisonGeneratorMetric_self_le_of_unit_response	lean/InfoGeometry/Canonical/OperatorialCramerRao.lean	158	true	modular/transport/flow substrate
L4_ModularTransport	transport	structure	StateFirstCRWitness	lean/InfoGeometry/Canonical/OperatorialCramerRaoStateFirstChunk1.lean	44	false	modular/transport/flow substrate
L4_ModularTransport	transport	theorem	stateFirst_modularSplit_singularClosure_operatorialCramerRao	lean/InfoGeometry/Canonical/OperatorialCramerRaoStateFirstChunk1.lean	71	true	modular/transport/flow substrate
L4_ModularTransport	transport	structure	StateFirstCommutationInterface	lean/InfoGeometry/Canonical/OperatorialCramerRaoStateFirstChunk2.lean	46	false	modular/transport/flow substrate
L4_ModularTransport	transport	theorem	stateFirstCommutationInterface_of_wedgeCalibrated	lean/InfoGeometry/Canonical/OperatorialCramerRaoStateFirstChunk2.lean	56	true	modular/transport/flow substrate
L4_ModularTransport	transport	theorem	modularSplit_and_supercharge_of_commutationInterface	lean/InfoGeometry/Canonical/OperatorialCramerRaoStateFirstChunk2.lean	81	true	modular/transport/flow substrate
L4_ModularTransport	transport	theorem	modularSplit_degenerates_to_active_of_apex_zero	lean/InfoGeometry/Canonical/OperatorialCramerRaoStateFirstChunk2.lean	108	true	modular/transport/flow substrate
L4_ModularTransport	transport	theorem	stateFirst_apexZero_activeOnly_operatorialCramerRao	lean/InfoGeometry/Canonical/OperatorialCramerRaoStateFirstChunk2.lean	131	true	modular/transport/flow substrate
L4_ModularTransport	transport	def	FierzAdmissibleState	lean/InfoGeometry/Canonical/OperatorialCramerRaoStateFirstChunk3.lean	44	true	modular/transport/flow substrate
L4_ModularTransport	transport	theorem	fierzAdmissibleState_true	lean/InfoGeometry/Canonical/OperatorialCramerRaoStateFirstChunk3.lean	51	true	modular/transport/flow substrate
L4_ModularTransport	transport	def	StateFirstAdmissibleOperator	lean/InfoGeometry/Canonical/OperatorialCramerRaoStateFirstChunk3.lean	62	true	modular/transport/flow substrate
L4_ModularTransport	transport	def	projectorCompressed	lean/InfoGeometry/Canonical/OperatorialCramerRaoStateFirstChunk3.lean	70	false	modular/transport/flow substrate
L4_ModularTransport	transport	theorem	stateFirstAdmissibleOperator_of_wedgeCalibrated	lean/InfoGeometry/Canonical/OperatorialCramerRaoStateFirstChunk3.lean	81	true	modular/transport/flow substrate
L4_ModularTransport	transport	theorem	stateFirstAdmissibleOperator_modularFlow_state_stable	lean/InfoGeometry/Canonical/OperatorialCramerRaoStateFirstChunk3.lean	108	true	modular/transport/flow substrate
L4_ModularTransport	transport	theorem	stateFirstAdmissibleOperator_projectorCompressed_stable	lean/InfoGeometry/Canonical/OperatorialCramerRaoStateFirstChunk3.lean	124	true	modular/transport/flow substrate
L4_ModularTransport	transport	theorem	stateFirst_admissibleGate_transport_and_operatorialCramerRao	lean/InfoGeometry/Canonical/OperatorialCramerRaoStateFirstChunk3.lean	145	true	modular/transport/flow substrate
L4_ModularTransport	transport	structure	MeasurableOperator	lean/InfoGeometry/Canonical/OperatorialCramerRaoStateFirstChunk4.lean	49	true	modular/transport/flow substrate
L4_ModularTransport	transport	theorem	measurableOperator_mk	lean/InfoGeometry/Canonical/OperatorialCramerRaoStateFirstChunk4.lean	68	true	modular/transport/flow substrate
L4_ModularTransport	transport	theorem	measurableOperator_projectorCompressed_stable	lean/InfoGeometry/Canonical/OperatorialCramerRaoStateFirstChunk4.lean	89	true	modular/transport/flow substrate
L4_ModularTransport	transport	theorem	measurableOperator_modularFlow_state_stable	lean/InfoGeometry/Canonical/OperatorialCramerRaoStateFirstChunk4.lean	111	true	modular/transport/flow substrate
L4_ModularTransport	transport	theorem	measurableOperator_uncertainty_bridge	lean/InfoGeometry/Canonical/OperatorialCramerRaoStateFirstChunk4.lean	131	true	modular/transport/flow substrate
L4_ModularTransport	transport	theorem	stateFirst_measurable_uncertainty_operatorialCramerRao_package	lean/InfoGeometry/Canonical/OperatorialCramerRaoStateFirstChunk4.lean	164	true	modular/transport/flow substrate
L4_ModularTransport	transport	theorem	chunk2_active_only_reduction_audit	lean/InfoGeometry/Canonical/OperatorialCramerRaoStateFirstSemanticAudit.lean	51	true	modular/transport/flow substrate
L4_ModularTransport	transport	theorem	chunk3_admissibility_package_audit	lean/InfoGeometry/Canonical/OperatorialCramerRaoStateFirstSemanticAudit.lean	72	true	modular/transport/flow substrate
L4_ModularTransport	transport	theorem	chunk3_admissibility_base_audit	lean/InfoGeometry/Canonical/OperatorialCramerRaoStateFirstSemanticAudit.lean	102	true	modular/transport/flow substrate
L4_ModularTransport	transport	theorem	chunk3_admissibility_compressed_audit	lean/InfoGeometry/Canonical/OperatorialCramerRaoStateFirstSemanticAudit.lean	119	true	modular/transport/flow substrate
L4_ModularTransport	transport	theorem	chunk3_cr_lower_bound_audit	lean/InfoGeometry/Canonical/OperatorialCramerRaoStateFirstSemanticAudit.lean	141	true	modular/transport/flow substrate
L4_ModularTransport	transport	theorem	chunk4_measurable_uncertainty_package_audit	lean/InfoGeometry/Canonical/OperatorialCramerRaoStateFirstSemanticAudit.lean	159	true	modular/transport/flow substrate
L4_ModularTransport	transport	theorem	chunk4_measurable_base_audit	lean/InfoGeometry/Canonical/OperatorialCramerRaoStateFirstSemanticAudit.lean	210	true	modular/transport/flow substrate
L4_ModularTransport	transport	theorem	chunk4_measurable_compressed_audit	lean/InfoGeometry/Canonical/OperatorialCramerRaoStateFirstSemanticAudit.lean	235	true	modular/transport/flow substrate
L4_ModularTransport	transport	theorem	chunk4_uncertainty_inequality_audit	lean/InfoGeometry/Canonical/OperatorialCramerRaoStateFirstSemanticAudit.lean	266	true	modular/transport/flow substrate
L4_ModularTransport	transport	theorem	chunk4_cr_lower_bound_audit	lean/InfoGeometry/Canonical/OperatorialCramerRaoStateFirstSemanticAudit.lean	297	true	modular/transport/flow substrate
L4_ModularTransport	transport	def	operatorTransportHilbertReadout	lean/InfoGeometry/Canonical/OperatorialFierzBridge.lean	41	false	modular/transport/flow substrate
L4_ModularTransport	transport	def	operatorTransportSymplecticReadout	lean/InfoGeometry/Canonical/OperatorialFierzBridge.lean	47	false	modular/transport/flow substrate
L2_Operator	operator	def	operatorTransportScalarReadout	lean/InfoGeometry/Canonical/OperatorialFierzBridge.lean	53	false	operator-algebraic bridge substrate
L2_Operator	operator	def	operatorTransportAreaReadout	lean/InfoGeometry/Canonical/OperatorialFierzBridge.lean	59	false	operator-algebraic bridge substrate
L2_Operator	operator	def	transportEvaluatedFierzReadout	lean/InfoGeometry/Canonical/OperatorialFierzBridge.lean	65	false	operator-algebraic bridge substrate
L2_Operator	operator	theorem	transportEvaluatedFierzReadout_eq_doubledFierzReadout	lean/InfoGeometry/Canonical/OperatorialFierzBridge.lean	69	true	operator-algebraic bridge substrate
L2_Operator	operator	theorem	operatorTransportScalarReadout_eq_doubledFierz_scalar	lean/InfoGeometry/Canonical/OperatorialFierzBridge.lean	73	true	operator-algebraic bridge substrate
L2_Operator	operator	theorem	operatorTransportAreaReadout_eq_doubledFierz_area	lean/InfoGeometry/Canonical/OperatorialFierzBridge.lean	78	true	operator-algebraic bridge substrate
L2_Operator	operator	theorem	transportEvaluatedFierzReadout_fierzIdentity	lean/InfoGeometry/Canonical/OperatorialFierzBridge.lean	83	true	operator-algebraic bridge substrate
L2_Operator	operator	theorem	transportEvaluatedFierzReadout_majorana	lean/InfoGeometry/Canonical/OperatorialFierzBridge.lean	93	true	operator-algebraic bridge substrate
L2_Operator	operator	structure	OperatorDerivation	lean/InfoGeometry/Canonical/OperatorialFierzDerivationBridge.lean	34	false	operator-algebraic bridge substrate
L2_Operator	operator	def	innerDerivation	lean/InfoGeometry/Canonical/OperatorialFierzDerivationBridge.lean	50	false	operator-algebraic bridge substrate
L2_Operator	operator	structure	FierzGradeProjections	lean/InfoGeometry/Canonical/OperatorialFierzDerivationBridge.lean	68	false	operator-algebraic bridge substrate
L2_Operator	operator	def	fierzGrade1InnerDerivation	lean/InfoGeometry/Canonical/OperatorialFierzDerivationBridge.lean	77	false	operator-algebraic bridge substrate
L4_ModularTransport	transport	def	ModularFlowMatchesFierzGrade1Derivation	lean/InfoGeometry/Canonical/OperatorialFierzDerivationBridge.lean	87	true	modular/transport/flow substrate
L4_ModularTransport	transport	def	scalarLogReadout	lean/InfoGeometry/Canonical/OperatorialHessianBridge.lean	46	false	modular/transport/flow substrate
L4_ModularTransport	transport	theorem	hasDerivAt_scalarLogReadout_zero	lean/InfoGeometry/Canonical/OperatorialHessianBridge.lean	55	true	modular/transport/flow substrate
L4_ModularTransport	transport	def	scalarTransportReadout	lean/InfoGeometry/Canonical/OperatorialHessianBridge.lean	80	false	modular/transport/flow substrate
L4_ModularTransport	transport	theorem	hasDerivAt_scalarTransportReadout	lean/InfoGeometry/Canonical/OperatorialHessianBridge.lean	89	true	modular/transport/flow substrate
L4_ModularTransport	transport	theorem	deriv_scalarTransportReadout	lean/InfoGeometry/Canonical/OperatorialHessianBridge.lean	108	true	modular/transport/flow substrate
L4_ModularTransport	transport	theorem	deriv2_scalarTransportReadout_zero	lean/InfoGeometry/Canonical/OperatorialHessianBridge.lean	119	true	modular/transport/flow substrate
L4_ModularTransport	transport	theorem	deriv_scalarLogReadout	lean/InfoGeometry/Canonical/OperatorialHessianBridge.lean	145	true	modular/transport/flow substrate
L4_ModularTransport	transport	theorem	deriv2_scalarLogReadout_zero	lean/InfoGeometry/Canonical/OperatorialHessianBridge.lean	172	true	modular/transport/flow substrate
L4_ModularTransport	transport	theorem	deriv2_scalarLogReadout_zero_eq_probe_operatorInformationHessian_of_stationary	lean/InfoGeometry/Canonical/OperatorialHessianBridge.lean	232	true	modular/transport/flow substrate
L4_ModularTransport	transport	theorem	deriv2_scalarLogReadout_zero_eq_probe_modularLieHessian_of_stationary	lean/InfoGeometry/Canonical/OperatorialHessianBridge.lean	258	true	modular/transport/flow substrate
L4_ModularTransport	transport	def	operatorInformationHessian	lean/InfoGeometry/Canonical/OperatorialHessianBridge.lean	290	false	modular/transport/flow substrate
L4_ModularTransport	transport	def	observableLieHessian	lean/InfoGeometry/Canonical/OperatorialHessianBridge.lean	297	false	modular/transport/flow substrate
L4_ModularTransport	transport	theorem	operatorInformationHessian_eq_double_transportCommutator	lean/InfoGeometry/Canonical/OperatorialHessianBridge.lean	305	true	modular/transport/flow substrate
L4_ModularTransport	transport	theorem	operatorInformationHessian_eq_observableLieHessian	lean/InfoGeometry/Canonical/OperatorialHessianBridge.lean	314	true	modular/transport/flow substrate
L3_Krein	krein	theorem	inner_sq_add_modularComplexI_inner_sq_le	lean/InfoGeometry/Canonical/OperatorialUncertainty.lean	46	true	Krein/doubled-geometry substrate
L3_Krein	krein	theorem	inner_sq_add_complex_i_inner_sq_le	lean/InfoGeometry/Canonical/OperatorialUncertainty.lean	123	true	Krein/doubled-geometry substrate
L3_Krein	krein	theorem	comparisonStateGeneratorMetric_channelPhaseAxis_left_eq_phase	lean/InfoGeometry/Canonical/OperatorialUncertainty.lean	133	true	Krein/doubled-geometry substrate
L3_Krein	krein	theorem	comparisonStateGeneratorMetric_channelPhaseAxis_self_eq_self_of_IsPhaseLinear	lean/InfoGeometry/Canonical/OperatorialUncertainty.lean	147	true	Krein/doubled-geometry substrate
L3_Krein	krein	theorem	comparisonStateGeneratorPhase_sq_le_of_IsPhaseLinear	lean/InfoGeometry/Canonical/OperatorialUncertainty.lean	182	true	Krein/doubled-geometry substrate
L3_Krein	krein	theorem	comparisonStateGeneratorMetric_sq_add_phase_sq_le_of_IsPhaseLinear	lean/InfoGeometry/Canonical/OperatorialUncertainty.lean	216	true	Krein/doubled-geometry substrate
L3_Krein	krein	theorem	inv_comparisonStateGeneratorMetric_self_le_of_unit_phase_response_of_IsPhaseLinear	lean/InfoGeometry/Canonical/OperatorialUncertainty.lean	261	true	Krein/doubled-geometry substrate
L3_Krein	krein	theorem	phaseShiftedTwoStateChannelCorrelation_self_sq_le_of_IsPhaseLinear	lean/InfoGeometry/Canonical/OperatorialUncertainty.lean	292	true	Krein/doubled-geometry substrate
L3_Krein	krein	theorem	symmetricTwoStateChannelCorrelation_sq_add_phaseShifted_sq_le_of_IsPhaseLinear	lean/InfoGeometry/Canonical/OperatorialUncertainty.lean	330	true	Krein/doubled-geometry substrate
L4_ModularTransport	transport	theorem	toRelationalInformationDatum_comparisonGeneratorPhase_sq_le_of_IsPhaseLinear	lean/InfoGeometry/Canonical/OperatorialUncertainty.lean	376	true	modular/transport/flow substrate
L4_ModularTransport	transport	theorem	toRelationalInformationDatum_comparisonGeneratorMetric_sq_add_phase_sq_le_of_IsPhaseLinear	lean/InfoGeometry/Canonical/OperatorialUncertainty.lean	398	true	modular/transport/flow substrate
L4_ModularTransport	transport	theorem	toRelationalInformationDatum_inv_comparisonGeneratorMetric_self_le_of_unit_phase_response_of_IsPhaseLinear	lean/InfoGeometry/Canonical/OperatorialUncertainty.lean	424	true	modular/transport/flow substrate
L4_ModularTransport	transport	theorem	biMaurerVolumeDrift_mixed_blocks_vanish_of_commute_active	lean/InfoGeometry/Canonical/OperatorialVolumePreservation.lean	83	true	modular/transport/flow substrate
L4_ModularTransport	transport	theorem	volumePreserving_of_bogoliubov_kreinIsometry	lean/InfoGeometry/Canonical/OperatorialVolumePreservation.lean	129	true	modular/transport/flow substrate
L4_ModularTransport	transport	def	operatorFreeEnergyReadout	lean/InfoGeometry/Canonical/Operators.lean	45	false	modular/transport/flow substrate
L4_ModularTransport	transport	def	operatorFisherReadout	lean/InfoGeometry/Canonical/Operators.lean	51	false	modular/transport/flow substrate
L4_ModularTransport	transport	def	operatorFisherDiagonal	lean/InfoGeometry/Canonical/Operators.lean	57	false	modular/transport/flow substrate
L4_ModularTransport	transport	def	probedFisherReadout	lean/InfoGeometry/Canonical/Operators.lean	63	false	modular/transport/flow substrate
L4_ModularTransport	transport	def	onsagerCoefficient	lean/InfoGeometry/Canonical/Operators.lean	69	false	modular/transport/flow substrate
L4_ModularTransport	transport	def	entropyProduction	lean/InfoGeometry/Canonical/Operators.lean	79	false	modular/transport/flow substrate
L4_ModularTransport	transport	theorem	operatorFisherReadout_swap	lean/InfoGeometry/Canonical/Operators.lean	85	true	modular/transport/flow substrate
L4_ModularTransport	transport	theorem	probedFisherReadout_eq_metricHessianForm	lean/InfoGeometry/Canonical/Operators.lean	91	true	modular/transport/flow substrate
L4_ModularTransport	transport	theorem	onsagerCoefficient_eq_probedFisherReadout	lean/InfoGeometry/Canonical/Operators.lean	97	true	modular/transport/flow substrate
L4_ModularTransport	transport	theorem	onsagerCoefficient_swap	lean/InfoGeometry/Canonical/Operators.lean	103	true	modular/transport/flow substrate
L4_ModularTransport	transport	theorem	entropyProduction_eq_probe_hessian	lean/InfoGeometry/Canonical/Operators.lean	109	true	modular/transport/flow substrate
L4_ModularTransport	transport	theorem	entropyProduction_nonneg_of_probe_hessian_nonneg	lean/InfoGeometry/Canonical/Operators.lean	115	true	modular/transport/flow substrate
L5_ThermodynamicClosure	thermo	def	subsetWeylSign	lean/InfoGeometry/Canonical/ParityTraceWitness.lean	24	false	thermodynamic/free-energy/closure substrate
L5_ThermodynamicClosure	thermo	def	squarefreeIntegerOfSubset	lean/InfoGeometry/Canonical/ParityTraceWitness.lean	29	false	thermodynamic/free-energy/closure substrate
L5_ThermodynamicClosure	thermo	def	nOfSubset	lean/InfoGeometry/Canonical/ParityTraceWitness.lean	34	false	thermodynamic/free-energy/closure substrate
L5_ThermodynamicClosure	thermo	def	mobiusCoefficient	lean/InfoGeometry/Canonical/ParityTraceWitness.lean	39	false	thermodynamic/free-energy/closure substrate
L5_ThermodynamicClosure	thermo	def	absMobiusCoefficient	lean/InfoGeometry/Canonical/ParityTraceWitness.lean	44	false	thermodynamic/free-energy/closure substrate
L5_ThermodynamicClosure	thermo	structure	BooleanPrimeStateArithmetic	lean/InfoGeometry/Canonical/ParityTraceWitness.lean	49	false	thermodynamic/free-energy/closure substrate
L5_ThermodynamicClosure	thermo	def	parityCoeff	lean/InfoGeometry/Canonical/ParityTraceWitness.lean	59	false	thermodynamic/free-energy/closure substrate
L5_ThermodynamicClosure	thermo	def	fermionCoeff	lean/InfoGeometry/Canonical/ParityTraceWitness.lean	65	false	thermodynamic/free-energy/closure substrate
L5_ThermodynamicClosure	thermo	theorem	mobius_squarefree_subset_eq_weyl_sign	lean/InfoGeometry/Canonical/ParityTraceWitness.lean	71	true	thermodynamic/free-energy/closure substrate
L5_ThermodynamicClosure	thermo	theorem	mobius_on_subset_eq_weyl_sign	lean/InfoGeometry/Canonical/ParityTraceWitness.lean	81	true	thermodynamic/free-energy/closure substrate
L5_ThermodynamicClosure	thermo	theorem	nonsquarefree_not_represented_by_boolean_prime_state	lean/InfoGeometry/Canonical/ParityTraceWitness.lean	88	true	thermodynamic/free-energy/closure substrate
L5_ThermodynamicClosure	thermo	theorem	subset_represented_by_boolean_prime_state	lean/InfoGeometry/Canonical/ParityTraceWitness.lean	97	true	thermodynamic/free-energy/closure substrate
L5_ThermodynamicClosure	thermo	theorem	parityCoeff_eq_mobius	lean/InfoGeometry/Canonical/ParityTraceWitness.lean	105	true	thermodynamic/free-energy/closure substrate
L5_ThermodynamicClosure	thermo	theorem	fermionCoeff_eq_abs_mobius	lean/InfoGeometry/Canonical/ParityTraceWitness.lean	111	true	thermodynamic/free-energy/closure substrate
L5_ThermodynamicClosure	thermo	theorem	fermionCoeff_eq_absMobius	lean/InfoGeometry/Canonical/ParityTraceWitness.lean	116	true	thermodynamic/free-energy/closure substrate
L5_ThermodynamicClosure	thermo	def	splitParityCoefficient	lean/InfoGeometry/Canonical/ParityTraceWitness.lean	122	false	thermodynamic/free-energy/closure substrate
L5_ThermodynamicClosure	thermo	theorem	splitParityCoefficient_eq_mobius	lean/InfoGeometry/Canonical/ParityTraceWitness.lean	127	true	thermodynamic/free-energy/closure substrate
L2_Operator	operator	structure	PauliParavector	lean/InfoGeometry/Canonical/PauliHestenesSpinMomentum.lean	35	false	operator-algebraic bridge substrate
L2_Operator	operator	structure	PauliParavectorBridge	lean/InfoGeometry/Canonical/PauliHestenesSpinMomentum.lean	213	false	operator-algebraic bridge substrate
L2_Operator	operator	structure	LorentzSpinActionBridge	lean/InfoGeometry/Canonical/PauliHestenesSpinMomentum.lean	276	false	operator-algebraic bridge substrate
L2_Operator	operator	structure	SpinorHelicityFactorization	lean/InfoGeometry/Canonical/PauliHestenesSpinMomentum.lean	351	false	operator-algebraic bridge substrate
L2_Operator	operator	structure	PauliParavectorDatum	lean/InfoGeometry/Canonical/PauliHestenesSpinMomentum.lean	422	false	operator-algebraic bridge substrate
L2_Operator	operator	structure	SpinMomentumFrame	lean/InfoGeometry/Canonical/PauliHestenesSpinMomentum.lean	456	false	operator-algebraic bridge substrate
L2_Operator	operator	structure	LorentzSpinRepresentationCoupling	lean/InfoGeometry/Canonical/PauliHestenesSpinMomentum.lean	508	false	operator-algebraic bridge substrate
L2_Operator	operator	structure	MasslessSpinMomentumFrame	lean/InfoGeometry/Canonical/PauliHestenesSpinMomentum.lean	569	false	operator-algebraic bridge substrate
L2_Operator	operator	structure	HestenesSpinorRotorDatum	lean/InfoGeometry/Canonical/PauliHestenesSpinMomentum.lean	615	false	operator-algebraic bridge substrate
L2_Operator	operator	structure	SpinMomentumBridge	lean/InfoGeometry/Canonical/PauliHestenesSpinMomentum.lean	679	false	operator-algebraic bridge substrate
L2_Operator	operator	structure	MasslessSpinMomentumBranch	lean/InfoGeometry/Canonical/PauliHestenesSpinMomentum.lean	735	true	operator-algebraic bridge substrate
L2_Operator	operator	structure	CovariantSpinorRotorReadouts	lean/InfoGeometry/Canonical/PauliHestenesSpinMomentum.lean	771	true	operator-algebraic bridge substrate
L2_Operator	operator	structure	UncertaintyReadoutGuard	lean/InfoGeometry/Canonical/PauliHestenesSpinMomentum.lean	830	false	operator-algebraic bridge substrate
L2_Operator	operator	structure	SpinMomentumCoupling	lean/InfoGeometry/Canonical/PauliHestenesSpinMomentum.lean	865	false	operator-algebraic bridge substrate
L2_Operator	operator	structure	HelicityCalibration	lean/InfoGeometry/Canonical/PauliHestenesSpinMomentum.lean	920	false	operator-algebraic bridge substrate
L2_Operator	operator	structure	ChiralLightconeReadoutDatum	lean/InfoGeometry/Canonical/PauliHestenesSpinMomentum.lean	976	false	operator-algebraic bridge substrate
L2_Operator	operator	structure	PauliHestenesChiralLightconeBridge	lean/InfoGeometry/Canonical/PauliHestenesSpinMomentum.lean	989	false	operator-algebraic bridge substrate
L4_ModularTransport	transport	structure	AffiliatedOperatorRNInterface	lean/InfoGeometry/Canonical/PedersenTakesakiRNInterface.lean	48	false	modular/transport/flow substrate
L4_ModularTransport	transport	theorem	cocycle_chain	lean/InfoGeometry/Canonical/PedersenTakesakiRNInterface.lean	65	true	modular/transport/flow substrate
L4_ModularTransport	transport	theorem	delta_modularFixed	lean/InfoGeometry/Canonical/PedersenTakesakiRNInterface.lean	72	true	modular/transport/flow substrate
L4_ModularTransport	transport	theorem	delta_commutes_modularOperator	lean/InfoGeometry/Canonical/PedersenTakesakiRNInterface.lean	78	true	modular/transport/flow substrate
L4_ModularTransport	transport	theorem	typeIII_affiliatedRN_interface_package	lean/InfoGeometry/Canonical/PedersenTakesakiRNInterface.lean	89	true	modular/transport/flow substrate
L2_Operator	operator	def	finiteAffiliatedDensity	lean/InfoGeometry/Canonical/PedersenTakesakiRNInterface.lean	111	false	operator-algebraic bridge substrate
L2_Operator	operator	theorem	finiteAffiliatedDensity_diag_pos	lean/InfoGeometry/Canonical/PedersenTakesakiRNInterface.lean	116	true	operator-algebraic bridge substrate
L2_Operator	operator	theorem	finiteAffiliatedDensity_chain	lean/InfoGeometry/Canonical/PedersenTakesakiRNInterface.lean	123	true	operator-algebraic bridge substrate
L2_Operator	operator	theorem	finite_affiliatedRN_shadow_package	lean/InfoGeometry/Canonical/PedersenTakesakiRNInterface.lean	136	true	operator-algebraic bridge substrate
L4_ModularTransport	transport	def	phaseAxisCartanMap	lean/InfoGeometry/Canonical/PhaseAxisCartanSymmetricLie.lean	42	false	modular/transport/flow substrate
L4_ModularTransport	transport	def	phaseAxisCartanInvolution	lean/InfoGeometry/Canonical/PhaseAxisCartanSymmetricLie.lean	128	false	modular/transport/flow substrate
L4_ModularTransport	transport	def	phaseAxisSymmetricLieAlgebra	lean/InfoGeometry/Canonical/PhaseAxisCartanSymmetricLie.lean	156	false	modular/transport/flow substrate
L4_ModularTransport	transport	theorem	modularGeneratorGaugePart_mem_phaseAxis_even	lean/InfoGeometry/Canonical/PhaseAxisCartanSymmetricLie.lean	196	true	modular/transport/flow substrate
L4_ModularTransport	transport	theorem	modularGeneratorScalePart_mem_phaseAxis_odd	lean/InfoGeometry/Canonical/PhaseAxisCartanSymmetricLie.lean	206	true	modular/transport/flow substrate
L4_ModularTransport	transport	def	scaleClockCartanForcingData	lean/InfoGeometry/Canonical/PhaseAxisCartanSymmetricLie.lean	220	false	modular/transport/flow substrate
L4_ModularTransport	transport	theorem	scaleClock_commutator_mem_phaseAxis_odd	lean/InfoGeometry/Canonical/PhaseAxisCartanSymmetricLie.lean	234	true	modular/transport/flow substrate
L4_ModularTransport	transport	theorem	gaugeClock_commutator_mem_phaseAxis_even	lean/InfoGeometry/Canonical/PhaseAxisCartanSymmetricLie.lean	247	true	modular/transport/flow substrate
L4_ModularTransport	transport	theorem	gaugeClock_commutator_eq_zero	lean/InfoGeometry/Canonical/PhaseAxisCartanSymmetricLie.lean	270	true	modular/transport/flow substrate
L4_ModularTransport	transport	theorem	scaleClock_commutator_eq_zero_of_mem_phaseAxis_even	lean/InfoGeometry/Canonical/PhaseAxisCartanSymmetricLie.lean	287	true	modular/transport/flow substrate
L3_Krein	krein	def	realizedBTransform	lean/InfoGeometry/Canonical/PhaseSpaceGeneralizedMetricChiralityBridge.lean	81	false	Krein/doubled-geometry substrate
L3_Krein	krein	def	realizedBTransformInv	lean/InfoGeometry/Canonical/PhaseSpaceGeneralizedMetricChiralityBridge.lean	89	false	Krein/doubled-geometry substrate
L3_Krein	krein	def	realizedPolarization	lean/InfoGeometry/Canonical/PhaseSpaceGeneralizedMetricChiralityBridge.lean	97	false	Krein/doubled-geometry substrate
L3_Krein	krein	def	realizedPlusProjector	lean/InfoGeometry/Canonical/PhaseSpaceGeneralizedMetricChiralityBridge.lean	106	false	Krein/doubled-geometry substrate
L3_Krein	krein	def	realizedMinusProjector	lean/InfoGeometry/Canonical/PhaseSpaceGeneralizedMetricChiralityBridge.lean	114	false	Krein/doubled-geometry substrate
L3_Krein	krein	def	PlusRestrictedRelativeModularData.phaseLift	lean/InfoGeometry/Canonical/PhaseSpacePolarizedBridge.lean	48	false	Krein/doubled-geometry substrate
L3_Krein	krein	def	MinusRestrictedRelativeModularData.phaseLift	lean/InfoGeometry/Canonical/PhaseSpacePolarizedBridge.lean	55	false	Krein/doubled-geometry substrate
L3_Krein	krein	def	PolarizedRecompositionData.plusPhaseTransportLift	lean/InfoGeometry/Canonical/PhaseSpaceRecompositionBridge.lean	51	false	Krein/doubled-geometry substrate
L3_Krein	krein	def	PolarizedRecompositionData.minusPhaseTransportLift	lean/InfoGeometry/Canonical/PhaseSpaceRecompositionBridge.lean	59	false	Krein/doubled-geometry substrate
L4_ModularTransport	transport	def	modularMirror	lean/InfoGeometry/Canonical/PhaseVolumeDynamics.lean	34	false	modular/transport/flow substrate
L4_ModularTransport	transport	def	spectralOrientation	lean/InfoGeometry/Canonical/PhaseVolumeDynamics.lean	42	false	modular/transport/flow substrate
L4_ModularTransport	transport	def	phaseVolumeAxis	lean/InfoGeometry/Canonical/PhaseVolumeDynamics.lean	50	false	modular/transport/flow substrate
L4_ModularTransport	transport	def	IsDynamicRotation	lean/InfoGeometry/Canonical/PhaseVolumeDynamics.lean	58	true	modular/transport/flow substrate
L2_Operator	operator	def	IsStrictlyPositiveOnReg	lean/InfoGeometry/Canonical/PositiveMeasureSpectrum.lean	27	true	operator-algebraic bridge substrate
L2_Operator	operator	theorem	regular_spectrum_positive_of_isStrictlyPositive	lean/InfoGeometry/Canonical/PositiveMeasureSpectrum.lean	36	true	operator-algebraic bridge substrate
L2_Operator	operator	theorem	log_defined_on_	lean/InfoGeometry/Canonical/PositiveMeasureSpectrum.lean	46	true	operator-algebraic bridge substrate
L2_Operator	operator	theorem	log_defined_on_	lean/InfoGeometry/Canonical/PositiveMeasureSpectrum.lean	58	true	operator-algebraic bridge substrate
L1_Projective	projective	abbrev	PositiveRay	lean/InfoGeometry/Canonical/PositiveRayCore.lean	28	false	projection/support/compression substrate
L1_Projective	projective	abbrev	PositiveOrthantRaySpace	lean/InfoGeometry/Canonical/PositiveRayCore.lean	32	false	projection/support/compression substrate
L1_Projective	projective	def	toConeInteriorStateSpace	lean/InfoGeometry/Canonical/PositiveRayCore.lean	42	false	projection/support/compression substrate
L1_Projective	projective	def	ofConeInteriorStateSpace	lean/InfoGeometry/Canonical/PositiveRayCore.lean	48	false	projection/support/compression substrate
L1_Projective	projective	def	gaugeSection	lean/InfoGeometry/Canonical/PositiveRayCore.lean	64	false	projection/support/compression substrate
L1_Projective	projective	def	logDensity	lean/InfoGeometry/Canonical/PositiveRayCore.lean	80	false	projection/support/compression substrate
L1_Projective	projective	def	modularPotential	lean/InfoGeometry/Canonical/PositiveRayCore.lean	85	false	projection/support/compression substrate
L4_ModularTransport	transport	structure	PrimeGasSymmetry	lean/InfoGeometry/Canonical/PrimeGasMaxEnt.lean	38	true	modular/transport/flow substrate
L5_ThermodynamicClosure	thermo	structure	PrimeGasJaynesData	lean/InfoGeometry/Canonical/PrimeGasMaxEnt.lean	54	true	thermodynamic/free-energy/closure substrate
L5_ThermodynamicClosure	thermo	def	momentFamily	lean/InfoGeometry/Canonical/PrimeGasMaxEnt.lean	78	false	thermodynamic/free-energy/closure substrate
L5_ThermodynamicClosure	thermo	def	partitionFunction	lean/InfoGeometry/Canonical/PrimeGasMaxEnt.lean	89	true	thermodynamic/free-energy/closure substrate
L5_ThermodynamicClosure	thermo	def	PartitionIntegrable	lean/InfoGeometry/Canonical/PrimeGasMaxEnt.lean	95	true	thermodynamic/free-energy/closure substrate
L5_ThermodynamicClosure	thermo	def	gibbsMeasure	lean/InfoGeometry/Canonical/PrimeGasMaxEnt.lean	101	false	thermodynamic/free-energy/closure substrate
L5_ThermodynamicClosure	thermo	def	gibbsProbability	lean/InfoGeometry/Canonical/PrimeGasMaxEnt.lean	107	false	thermodynamic/free-energy/closure substrate
L5_ThermodynamicClosure	thermo	theorem	partitionFunction_pos	lean/InfoGeometry/Canonical/PrimeGasMaxEnt.lean	114	true	thermodynamic/free-energy/closure substrate
L5_ThermodynamicClosure	thermo	theorem	gibbsMeasure_ac	lean/InfoGeometry/Canonical/PrimeGasMaxEnt.lean	123	true	thermodynamic/free-energy/closure substrate
L5_ThermodynamicClosure	thermo	theorem	rnDeriv_gibbsMeasure_eq	lean/InfoGeometry/Canonical/PrimeGasMaxEnt.lean	131	true	thermodynamic/free-energy/closure substrate
L5_ThermodynamicClosure	thermo	theorem	rnDeriv_gibbsMeasure_toReal_eq	lean/InfoGeometry/Canonical/PrimeGasMaxEnt.lean	143	true	thermodynamic/free-energy/closure substrate
L5_ThermodynamicClosure	thermo	structure	PrimeGasPartitionPacket	lean/InfoGeometry/Canonical/PrimeGasMaxEnt.lean	159	false	thermodynamic/free-energy/closure substrate
L5_ThermodynamicClosure	thermo	def	PrimeGasJaynesConjecture	lean/InfoGeometry/Canonical/PrimeGasMaxEnt.lean	178	true	thermodynamic/free-energy/closure substrate
L5_ThermodynamicClosure	thermo	structure	InfiniteEulerProductConvergenceWitness	lean/InfoGeometry/Canonical/PrimeGasPartitions.lean	28	true	thermodynamic/free-energy/closure substrate
L5_ThermodynamicClosure	thermo	def	finiteBosonTrace	lean/InfoGeometry/Canonical/PrimeGasPartitions.lean	43	false	thermodynamic/free-energy/closure substrate
L5_ThermodynamicClosure	thermo	def	finiteFermionTrace	lean/InfoGeometry/Canonical/PrimeGasPartitions.lean	48	false	thermodynamic/free-energy/closure substrate
L5_ThermodynamicClosure	thermo	def	finiteParityTrace	lean/InfoGeometry/Canonical/PrimeGasPartitions.lean	53	false	thermodynamic/free-energy/closure substrate
L5_ThermodynamicClosure	thermo	structure	InfiniteEulerProductWitness	lean/InfoGeometry/Canonical/PrimeGasPartitions.lean	61	true	thermodynamic/free-energy/closure substrate
L5_ThermodynamicClosure	thermo	theorem	bosonTrace_eq_zeta	lean/InfoGeometry/Canonical/PrimeGasPartitions.lean	75	true	thermodynamic/free-energy/closure substrate
L5_ThermodynamicClosure	thermo	theorem	fermionTrace_eq_zeta_div_zeta_two_beta	lean/InfoGeometry/Canonical/PrimeGasPartitions.lean	80	true	thermodynamic/free-energy/closure substrate
L5_ThermodynamicClosure	thermo	theorem	parityTrace_eq_inverse_zeta	lean/InfoGeometry/Canonical/PrimeGasPartitions.lean	85	true	thermodynamic/free-energy/closure substrate
L2_Operator	operator	structure	PrimeGasMaxEntPacket	lean/InfoGeometry/Canonical/PrimeGasSuperKMSBridge.lean	23	false	operator-algebraic bridge substrate
L2_Operator	operator	structure	PrimeGasJaynesRNBridge	lean/InfoGeometry/Canonical/PrimeGasSuperKMSBridge.lean	30	false	operator-algebraic bridge substrate
L2_Operator	operator	structure	SuperGeometricTemperature	lean/InfoGeometry/Canonical/PrimeGasSuperKMSBridge.lean	38	false	operator-algebraic bridge substrate
L2_Operator	operator	structure	PrimeGasKMSTargetBridge	lean/InfoGeometry/Canonical/PrimeGasSuperKMSBridge.lean	44	false	operator-algebraic bridge substrate
L2_Operator	operator	structure	PrimeGasSuperKMSBridge	lean/InfoGeometry/Canonical/PrimeGasSuperKMSBridge.lean	71	false	operator-algebraic bridge substrate
L2_Operator	operator	structure	PrimeGasWeylData	lean/InfoGeometry/Canonical/PrimeGasWeylCharacterBridge.lean	22	false	operator-algebraic bridge substrate
L2_Operator	operator	structure	PrimeGasWeylPacket	lean/InfoGeometry/Canonical/PrimeGasWeylCharacterBridge.lean	30	false	operator-algebraic bridge substrate
L2_Operator	operator	structure	SouriauThermodynamicPacket	lean/InfoGeometry/Canonical/PrimeGasWeylCharacterBridge.lean	35	false	operator-algebraic bridge substrate
L2_Operator	operator	structure	PrimeGasWeylCharacterBridge	lean/InfoGeometry/Canonical/PrimeGasWeylCharacterBridge.lean	46	false	operator-algebraic bridge substrate
L4_ModularTransport	transport	structure	PrimeGeodesicOrbit	lean/InfoGeometry/Canonical/PrimeGeodesicEmergence.lean	33	true	modular/transport/flow substrate
L4_ModularTransport	transport	def	energy	lean/InfoGeometry/Canonical/PrimeGeodesicEmergence.lean	43	false	modular/transport/flow substrate
L4_ModularTransport	transport	theorem	energy_eq_log_label	lean/InfoGeometry/Canonical/PrimeGeodesicEmergence.lean	47	true	modular/transport/flow substrate
L4_ModularTransport	transport	structure	PrimeGeodesicEmergence	lean/InfoGeometry/Canonical/PrimeGeodesicEmergence.lean	61	true	modular/transport/flow substrate
L4_ModularTransport	transport	structure	PrimeGeodesicEmergencePacket	lean/InfoGeometry/Canonical/PrimeGeodesicEmergence.lean	84	false	modular/transport/flow substrate
L4_ModularTransport	transport	def	projectorMismatchAnomaly	lean/InfoGeometry/Canonical/ProjectorAnomalyConformalBridge.lean	38	false	modular/transport/flow substrate
L4_ModularTransport	transport	structure	ConformalDilationGenerator	lean/InfoGeometry/Canonical/ProjectorAnomalyConformalBridge.lean	55	false	modular/transport/flow substrate
L3_Krein	krein	def	plusProjector	lean/InfoGeometry/Canonical/ProjectorEquivariance.lean	75	false	Krein/doubled-geometry substrate
L3_Krein	krein	def	minusProjector	lean/InfoGeometry/Canonical/ProjectorEquivariance.lean	80	false	Krein/doubled-geometry substrate
L3_Krein	krein	def	modularSign	lean/InfoGeometry/Canonical/ProjectorEquivariance.lean	85	false	Krein/doubled-geometry substrate
L4_ModularTransport	transport	def	fixedGradingPhaseFlipEpsilon	lean/InfoGeometry/Canonical/ProjectorEquivariance.lean	90	false	modular/transport/flow substrate
L4_ModularTransport	transport	def	plusProjectorAfterPhaseFlip	lean/InfoGeometry/Canonical/ProjectorEquivariance.lean	95	false	modular/transport/flow substrate
L4_ModularTransport	transport	def	minusProjectorAfterPhaseFlip	lean/InfoGeometry/Canonical/ProjectorEquivariance.lean	100	false	modular/transport/flow substrate
L3_Krein	krein	theorem	modularSign_eq_spectral_epsilon	lean/InfoGeometry/Canonical/ProjectorEquivariance.lean	115	true	Krein/doubled-geometry substrate
L3_Krein	krein	theorem	spectral_epsilon_eq_modularSign	lean/InfoGeometry/Canonical/ProjectorEquivariance.lean	123	true	Krein/doubled-geometry substrate
L3_Krein	krein	theorem	modularSign_sq_one	lean/InfoGeometry/Canonical/ProjectorEquivariance.lean	129	true	Krein/doubled-geometry substrate
L4_ModularTransport	transport	theorem	plusProjectorAfterPhaseFlip_eq_minusProjector	lean/InfoGeometry/Canonical/ProjectorEquivariance.lean	138	true	modular/transport/flow substrate
L4_ModularTransport	transport	theorem	minusProjectorAfterPhaseFlip_eq_plusProjector	lean/InfoGeometry/Canonical/ProjectorEquivariance.lean	146	true	modular/transport/flow substrate
L4_ModularTransport	transport	theorem	fixedGrading_projectorSwap	lean/InfoGeometry/Canonical/ProjectorEquivariance.lean	157	true	modular/transport/flow substrate
L4_ModularTransport	transport	theorem	coordinate_equivariance	lean/InfoGeometry/Canonical/ProjectorEquivariance.lean	166	true	modular/transport/flow substrate
L4_ModularTransport	transport	theorem	phaseFlip_projectorResolution	lean/InfoGeometry/Canonical/ProjectorEquivariance.lean	177	true	modular/transport/flow substrate
L4_ModularTransport	transport	structure	DilationClosureWitness	lean/InfoGeometry/Canonical/ProjectorNoncommutativityDilationClosure.lean	59	true	modular/transport/flow substrate
L4_ModularTransport	transport	structure	DilationClosureVanishesWhenCommutatorZero	lean/InfoGeometry/Canonical/ProjectorNoncommutativityDilationClosure.lean	68	true	modular/transport/flow substrate
L4_ModularTransport	transport	structure	ProjectorToCl44BridgeCandidate	lean/InfoGeometry/Canonical/ProjectorNoncommutativityDilationClosure.lean	75	true	modular/transport/flow substrate
L4_ModularTransport	transport	structure	DrazinMPProjectorCommutator	lean/InfoGeometry/Canonical/ProjectorNoncommutativityDilationClosure.lean	94	true	modular/transport/flow substrate
L4_ModularTransport	transport	structure	ProjectorMismatchAnomaly	lean/InfoGeometry/Canonical/ProjectorNoncommutativityDilationClosure.lean	115	true	modular/transport/flow substrate
L4_ModularTransport	transport	def	DGenerator	lean/InfoGeometry/Canonical/ProjectorNoncommutativityDilationClosure.lean	134	false	modular/transport/flow substrate
L4_ModularTransport	transport	structure	DilationFromProjectorNoncommutativity	lean/InfoGeometry/Canonical/ProjectorNoncommutativityDilationClosure.lean	142	true	modular/transport/flow substrate
L4_ModularTransport	transport	structure	ConformalClosureWitness	lean/InfoGeometry/Canonical/ProjectorNoncommutativityDilationClosure.lean	182	true	modular/transport/flow substrate
L4_ModularTransport	transport	structure	Cl44ConformalReadout	lean/InfoGeometry/Canonical/ProjectorNoncommutativityDilationClosure.lean	211	true	modular/transport/flow substrate
L4_ModularTransport	transport	structure	SplitCl44TKKJordanLiePacket	lean/InfoGeometry/Canonical/ProjectorNoncommutativityDilationClosure.lean	218	true	modular/transport/flow substrate
L4_ModularTransport	transport	structure	ProjectorNoncommutativityDilationClosurePacket	lean/InfoGeometry/Canonical/ProjectorNoncommutativityDilationClosure.lean	226	false	modular/transport/flow substrate
L5_ThermodynamicClosure	thermo	structure	TwoNodeQChart	lean/InfoGeometry/Canonical/QVandermondePhaseLockShadow.lean	29	false	thermodynamic/free-energy/closure substrate
L5_ThermodynamicClosure	thermo	def	denominator	lean/InfoGeometry/Canonical/QVandermondePhaseLockShadow.lean	40	true	thermodynamic/free-energy/closure substrate
L5_ThermodynamicClosure	thermo	def	UnitPhase	lean/InfoGeometry/Canonical/QVandermondePhaseLockShadow.lean	45	true	thermodynamic/free-energy/closure substrate
L5_ThermodynamicClosure	thermo	theorem	denominator_eq_zero_iff	lean/InfoGeometry/Canonical/QVandermondePhaseLockShadow.lean	50	true	thermodynamic/free-energy/closure substrate
L5_ThermodynamicClosure	thermo	theorem	denominator_ne_zero_iff	lean/InfoGeometry/Canonical/QVandermondePhaseLockShadow.lean	62	true	thermodynamic/free-energy/closure substrate
L5_ThermodynamicClosure	thermo	theorem	norm_eq_of_unitPhase_of_collision	lean/InfoGeometry/Canonical/QVandermondePhaseLockShadow.lean	71	true	thermodynamic/free-energy/closure substrate
L5_ThermodynamicClosure	thermo	theorem	two_node_phase_lock_packet	lean/InfoGeometry/Canonical/QVandermondePhaseLockShadow.lean	79	true	thermodynamic/free-energy/closure substrate
L5_ThermodynamicClosure	thermo	structure	A2QChart	lean/InfoGeometry/Canonical/QVandermondePhaseLockShadow.lean	90	false	thermodynamic/free-energy/closure substrate
L5_ThermodynamicClosure	thermo	def	UnitPhase	lean/InfoGeometry/Canonical/QVandermondePhaseLockShadow.lean	102	true	thermodynamic/free-energy/closure substrate
L5_ThermodynamicClosure	thermo	def	denominatorFactor	lean/InfoGeometry/Canonical/QVandermondePhaseLockShadow.lean	107	false	thermodynamic/free-energy/closure substrate
L5_ThermodynamicClosure	thermo	theorem	denominatorFactor_eq_zero_iff	lean/InfoGeometry/Canonical/QVandermondePhaseLockShadow.lean	115	true	thermodynamic/free-energy/closure substrate
L5_ThermodynamicClosure	thermo	theorem	exists_norm_locked_pair_of_unitPhase_of_collision	lean/InfoGeometry/Canonical/QVandermondePhaseLockShadow.lean	142	true	thermodynamic/free-energy/closure substrate
L5_ThermodynamicClosure	thermo	theorem	a2_phase_lock_packet	lean/InfoGeometry/Canonical/QVandermondePhaseLockShadow.lean	157	true	thermodynamic/free-energy/closure substrate
L2_Operator	operator	inductive	PresentationLane	lean/InfoGeometry/Canonical/QuantumPresentation.lean	19	false	operator-algebraic bridge substrate
L2_Operator	operator	structure	Presentation	lean/InfoGeometry/Canonical/QuantumPresentation.lean	33	false	operator-algebraic bridge substrate
L2_Operator	operator	structure	TaggedPresentation	lean/InfoGeometry/Canonical/QuantumPresentation.lean	46	false	operator-algebraic bridge substrate
L3_Krein	krein	structure	Intertwiner	lean/InfoGeometry/Canonical/QuantumPresentation.lean	55	false	Krein/doubled-geometry substrate
L3_Krein	krein	structure	ReadoutPreservation	lean/InfoGeometry/Canonical/QuantumPresentation.lean	69	true	Krein/doubled-geometry substrate
L3_Krein	krein	structure	IntertwinerIsomorphism	lean/InfoGeometry/Canonical/QuantumPresentation.lean	86	false	Krein/doubled-geometry substrate
L3_Krein	krein	abbrev	PresentationIsomorphism	lean/InfoGeometry/Canonical/QuantumPresentation.lean	100	false	Krein/doubled-geometry substrate
L3_Krein	krein	def	idIntertwiner	lean/InfoGeometry/Canonical/QuantumPresentation.lean	106	false	Krein/doubled-geometry substrate
L3_Krein	krein	def	idIntertwiner_readoutPreservation	lean/InfoGeometry/Canonical/QuantumPresentation.lean	122	false	Krein/doubled-geometry substrate
L3_Krein	krein	def	idPresentationIsomorphism	lean/InfoGeometry/Canonical/QuantumPresentation.lean	133	false	Krein/doubled-geometry substrate
L3_Krein	krein	def	idIntertwiner_isomorphism	lean/InfoGeometry/Canonical/QuantumPresentation.lean	159	false	Krein/doubled-geometry substrate
L3_Krein	krein	def	compIntertwiner	lean/InfoGeometry/Canonical/QuantumPresentation.lean	165	false	Krein/doubled-geometry substrate
L3_Krein	krein	def	compReadoutPreservation	lean/InfoGeometry/Canonical/QuantumPresentation.lean	195	false	Krein/doubled-geometry substrate
L3_Krein	krein	theorem	compIntertwiner_id_left	lean/InfoGeometry/Canonical/QuantumPresentation.lean	221	true	Krein/doubled-geometry substrate
L3_Krein	krein	theorem	compIntertwiner_id_right	lean/InfoGeometry/Canonical/QuantumPresentation.lean	230	true	Krein/doubled-geometry substrate
L3_Krein	krein	theorem	compIntertwiner_assoc	lean/InfoGeometry/Canonical/QuantumPresentation.lean	239	true	Krein/doubled-geometry substrate
L2_Operator	operator	def	pairedFunctionPresentation	lean/InfoGeometry/Canonical/QuantumPresentation.lean	258	false	operator-algebraic bridge substrate
L2_Operator	operator	theorem	pairedFunctionPresentation_support_iff	lean/InfoGeometry/Canonical/QuantumPresentation.lean	270	true	operator-algebraic bridge substrate
L3_Krein	krein	def	pairedSwapIntertwiner	lean/InfoGeometry/Canonical/QuantumPresentation.lean	277	false	Krein/doubled-geometry substrate
L3_Krein	krein	def	pairedSwapReadoutPreservation	lean/InfoGeometry/Canonical/QuantumPresentation.lean	297	false	Krein/doubled-geometry substrate
L3_Krein	krein	def	pairedSwapPresentationIsomorphism	lean/InfoGeometry/Canonical/QuantumPresentation.lean	308	false	Krein/doubled-geometry substrate
L3_Krein	krein	def	pairedSwapIntertwiner_isomorphism	lean/InfoGeometry/Canonical/QuantumPresentation.lean	340	false	Krein/doubled-geometry substrate
L3_Krein	krein	theorem	pairedSwapIntertwiner_moves_state	lean/InfoGeometry/Canonical/QuantumPresentation.lean	345	true	Krein/doubled-geometry substrate
L1_Projective	projective	theorem	relativeDensity_state_chain	lean/InfoGeometry/Canonical/RNDeterminantConnesChainBridge.lean	37	true	projection/support/compression substrate
L2_Operator	operator	theorem	relativeModularOperator_state_chain	lean/InfoGeometry/Canonical/RNDeterminantConnesChainBridge.lean	46	true	operator-algebraic bridge substrate
L2_Operator	operator	theorem	relativeModularVolumeShadow_state_chain	lean/InfoGeometry/Canonical/RNDeterminantConnesChainBridge.lean	58	true	operator-algebraic bridge substrate
L5_ThermodynamicClosure	thermo	theorem	relativeModularVolumePotential_state_chain	lean/InfoGeometry/Canonical/RNDeterminantConnesChainBridge.lean	67	true	thermodynamic/free-energy/closure substrate
L1_Projective	projective	theorem	rn_state_chain	lean/InfoGeometry/Canonical/RNDeterminantConnesChainBridge.lean	85	true	projection/support/compression substrate
L2_Operator	operator	theorem	jacobianDeterminant_chain	lean/InfoGeometry/Canonical/RNDeterminantConnesChainBridge.lean	101	true	operator-algebraic bridge substrate
L4_ModularTransport	transport	theorem	connesCocycle_state_chain	lean/InfoGeometry/Canonical/RNDeterminantConnesChainBridge.lean	120	true	modular/transport/flow substrate
L4_ModularTransport	transport	theorem	connesCocycle_state_chain_three	lean/InfoGeometry/Canonical/RNDeterminantConnesChainBridge.lean	133	true	modular/transport/flow substrate
L4_ModularTransport	transport	theorem	realTypeIII_flowUnit_state_chain	lean/InfoGeometry/Canonical/RNDeterminantConnesChainBridge.lean	153	true	modular/transport/flow substrate
L4_ModularTransport	transport	theorem	typeIII_connes_chain_package	lean/InfoGeometry/Canonical/RNDeterminantConnesChainBridge.lean	167	true	modular/transport/flow substrate
L4_ModularTransport	transport	def	canonicalDIIIProxy	lean/InfoGeometry/Canonical/RealBdGDIIIAtom.lean	88	false	modular/transport/flow substrate
L4_ModularTransport	transport	theorem	canonicalDIIIProxy_laws	lean/InfoGeometry/Canonical/RealBdGDIIIAtom.lean	146	true	modular/transport/flow substrate
L4_ModularTransport	transport	theorem	canonicalDIIIProxy_root_laws	lean/InfoGeometry/Canonical/RealBdGDIIIAtom.lean	160	true	modular/transport/flow substrate
L4_ModularTransport	transport	theorem	canonicalDIIIProxy_topologicalClassDIII_of_realBdGDatum	lean/InfoGeometry/Canonical/RealBdGDIIIAtom.lean	183	true	modular/transport/flow substrate
L4_ModularTransport	transport	theorem	canonicalDIIIProxy_commutator_packet_of_realBdGDatum	lean/InfoGeometry/Canonical/RealBdGDIIIAtom.lean	200	true	modular/transport/flow substrate
L4_ModularTransport	transport	theorem	canonicalDIIIProxy_T_maps_plus_to_minus	lean/InfoGeometry/Canonical/RealBdGDIIIAtom.lean	242	true	modular/transport/flow substrate
L4_ModularTransport	transport	theorem	canonicalDIIIProxy_T_maps_minus_to_plus	lean/InfoGeometry/Canonical/RealBdGDIIIAtom.lean	249	true	modular/transport/flow substrate
L4_ModularTransport	transport	theorem	canonicalDIIIProxy_concreteCARPair	lean/InfoGeometry/Canonical/RealBdGDIIIAtom.lean	256	true	modular/transport/flow substrate
L4_ModularTransport	transport	theorem	canonicalDIIIProxy_concreteCAR	lean/InfoGeometry/Canonical/RealBdGDIIIAtom.lean	264	true	modular/transport/flow substrate
L4_ModularTransport	transport	theorem	canonicalDIIIProxy_fixedGradingIndexSign	lean/InfoGeometry/Canonical/RealBdGDIIIAtom.lean	280	true	modular/transport/flow substrate
L4_ModularTransport	transport	theorem	canonicalDIIIProxy_transport_closure	lean/InfoGeometry/Canonical/RealBdGDIIIAtom.lean	315	true	modular/transport/flow substrate
L4_ModularTransport	transport	theorem	canonicalDIIIProxy_transport_root_closure	lean/InfoGeometry/Canonical/RealBdGDIIIAtom.lean	350	true	modular/transport/flow substrate
L4_ModularTransport	transport	theorem	canonicalDIIIProxy_transport_root_index_commutator_closure	lean/InfoGeometry/Canonical/RealBdGDIIIAtom.lean	393	true	modular/transport/flow substrate
L4_ModularTransport	transport	theorem	canonicalDIIIProxy_transport_root_centralCharge_commutator_closure	lean/InfoGeometry/Canonical/RealBdGDIIIAtom.lean	449	true	modular/transport/flow substrate
L4_ModularTransport	transport	theorem	canonicalDIIIProxy_transport_parity_kkt_closure	lean/InfoGeometry/Canonical/RealBdGDIIIAtom.lean	505	true	modular/transport/flow substrate
L4_ModularTransport	transport	theorem	canonicalDIIIProxy_transport_root_parity_kkt_closure	lean/InfoGeometry/Canonical/RealBdGDIIIAtom.lean	539	true	modular/transport/flow substrate
L4_ModularTransport	transport	theorem	canonicalDIIIProxy_transport_root_parity_boundary_kkt_headSuperBracket_closure	lean/InfoGeometry/Canonical/RealBdGDIIIAtom.lean	579	true	modular/transport/flow substrate
L4_ModularTransport	transport	theorem	canonicalDIIIProxy_transport_root_parity_boundaryGenerator_kkt_headSuperBracket_closure	lean/InfoGeometry/Canonical/RealBdGDIIIAtom.lean	654	true	modular/transport/flow substrate
L4_ModularTransport	transport	theorem	canonicalDIIIProxy_transport_root_parity_vorticity_kkt_headSuperBracket_closure	lean/InfoGeometry/Canonical/RealBdGDIIIAtom.lean	732	true	modular/transport/flow substrate
L4_ModularTransport	transport	theorem	canonicalDIIIProxy_transport_root_parity_vortexWitness_kkt_headSuperBracket_closure	lean/InfoGeometry/Canonical/RealBdGDIIIAtom.lean	810	true	modular/transport/flow substrate
L3_Krein	krein	abbrev	Carrier	lean/InfoGeometry/Canonical/RealDoubledCliffordFiniteSpine.lean	38	false	Krein/doubled-geometry substrate
L3_Krein	krein	abbrev	J	lean/InfoGeometry/Canonical/RealDoubledCliffordFiniteSpine.lean	42	false	Krein/doubled-geometry substrate
L3_Krein	krein	abbrev	epsilon	lean/InfoGeometry/Canonical/RealDoubledCliffordFiniteSpine.lean	47	false	Krein/doubled-geometry substrate
L3_Krein	krein	abbrev	K	lean/InfoGeometry/Canonical/RealDoubledCliffordFiniteSpine.lean	52	false	Krein/doubled-geometry substrate
L3_Krein	krein	abbrev	clock	lean/InfoGeometry/Canonical/RealDoubledCliffordFiniteSpine.lean	57	false	Krein/doubled-geometry substrate
L3_Krein	krein	theorem	J_sq	lean/InfoGeometry/Canonical/RealDoubledCliffordFiniteSpine.lean	62	true	Krein/doubled-geometry substrate
L3_Krein	krein	theorem	epsilon_sq	lean/InfoGeometry/Canonical/RealDoubledCliffordFiniteSpine.lean	69	true	Krein/doubled-geometry substrate
L3_Krein	krein	theorem	J_epsilon_anticommute	lean/InfoGeometry/Canonical/RealDoubledCliffordFiniteSpine.lean	76	true	Krein/doubled-geometry substrate
L3_Krein	krein	theorem	K_eq_J_comp_epsilon	lean/InfoGeometry/Canonical/RealDoubledCliffordFiniteSpine.lean	83	true	Krein/doubled-geometry substrate
L3_Krein	krein	theorem	K_sq	lean/InfoGeometry/Canonical/RealDoubledCliffordFiniteSpine.lean	89	true	Krein/doubled-geometry substrate
L3_Krein	krein	theorem	clock_eq_K	lean/InfoGeometry/Canonical/RealDoubledCliffordFiniteSpine.lean	96	true	Krein/doubled-geometry substrate
L3_Krein	krein	theorem	clock_sq	lean/InfoGeometry/Canonical/RealDoubledCliffordFiniteSpine.lean	102	true	Krein/doubled-geometry substrate
L3_Krein	krein	theorem	doubled_cl11_relations	lean/InfoGeometry/Canonical/RealDoubledCliffordFiniteSpine.lean	109	true	Krein/doubled-geometry substrate
L3_Krein	krein	abbrev	Cl11Vec	lean/InfoGeometry/Canonical/RealDoubledCliffordFiniteSpine.lean	117	false	Krein/doubled-geometry substrate
L3_Krein	krein	abbrev	Mat2R	lean/InfoGeometry/Canonical/RealDoubledCliffordFiniteSpine.lean	121	false	Krein/doubled-geometry substrate
L3_Krein	krein	abbrev	q11	lean/InfoGeometry/Canonical/RealDoubledCliffordFiniteSpine.lean	125	false	Krein/doubled-geometry substrate
L3_Krein	krein	abbrev	cl11EquivMat	lean/InfoGeometry/Canonical/RealDoubledCliffordFiniteSpine.lean	129	false	Krein/doubled-geometry substrate
L3_Krein	krein	theorem	cl11EquivMat_eq_owner	lean/InfoGeometry/Canonical/RealDoubledCliffordFiniteSpine.lean	135	true	Krein/doubled-geometry substrate
L3_Krein	krein	abbrev	SplitCarrier	lean/InfoGeometry/Canonical/RealDoubledCliffordFiniteSpine.lean	141	false	Krein/doubled-geometry substrate
L3_Krein	krein	abbrev	SplitQuad	lean/InfoGeometry/Canonical/RealDoubledCliffordFiniteSpine.lean	145	false	Krein/doubled-geometry substrate
L3_Krein	krein	abbrev	SplitClifford	lean/InfoGeometry/Canonical/RealDoubledCliffordFiniteSpine.lean	149	false	Krein/doubled-geometry substrate
L3_Krein	krein	abbrev	headNullMinus	lean/InfoGeometry/Canonical/RealDoubledCliffordFiniteSpine.lean	153	false	Krein/doubled-geometry substrate
L3_Krein	krein	abbrev	headNullPlus	lean/InfoGeometry/Canonical/RealDoubledCliffordFiniteSpine.lean	158	false	Krein/doubled-geometry substrate
L3_Krein	krein	theorem	headNullMinus_isotropic	lean/InfoGeometry/Canonical/RealDoubledCliffordFiniteSpine.lean	163	true	Krein/doubled-geometry substrate
L3_Krein	krein	theorem	headNullPlus_isotropic	lean/InfoGeometry/Canonical/RealDoubledCliffordFiniteSpine.lean	169	true	Krein/doubled-geometry substrate
L3_Krein	krein	theorem	gammaHeadNullMinus_mul_gammaHeadNullPlus_add_swap	lean/InfoGeometry/Canonical/RealDoubledCliffordFiniteSpine.lean	175	true	Krein/doubled-geometry substrate
L3_Krein	krein	abbrev	SplitBottCarrier	lean/InfoGeometry/Canonical/RealDoubledCliffordFiniteSpine.lean	184	false	Krein/doubled-geometry substrate
L3_Krein	krein	abbrev	SplitBottClifford	lean/InfoGeometry/Canonical/RealDoubledCliffordFiniteSpine.lean	189	false	Krein/doubled-geometry substrate
L3_Krein	krein	abbrev	splitBottStep	lean/InfoGeometry/Canonical/RealDoubledCliffordFiniteSpine.lean	194	false	Krein/doubled-geometry substrate
L3_Krein	krein	theorem	splitBottStep_eq_owner	lean/InfoGeometry/Canonical/RealDoubledCliffordFiniteSpine.lean	204	true	Krein/doubled-geometry substrate
L3_Krein	krein	abbrev	Cl44	lean/InfoGeometry/Canonical/RealDoubledCliffordFiniteSpine.lean	210	false	Krein/doubled-geometry substrate
L3_Krein	krein	abbrev	cl44_as_splitBottStep	lean/InfoGeometry/Canonical/RealDoubledCliffordFiniteSpine.lean	214	false	Krein/doubled-geometry substrate
L3_Krein	krein	theorem	cl44_as_splitBottStep_eq_owner	lean/InfoGeometry/Canonical/RealDoubledCliffordFiniteSpine.lean	224	true	Krein/doubled-geometry substrate
L2_Operator	operator	def	commutantAction	lean/InfoGeometry/Canonical/RealTomitaCore.lean	44	false	operator-algebraic bridge substrate
L2_Operator	operator	theorem	commutantAction_invariant_under_J_flip	lean/InfoGeometry/Canonical/RealTomitaCore.lean	49	true	operator-algebraic bridge substrate
L3_Krein	krein	structure	RealModularLogData	lean/InfoGeometry/Canonical/RealTomitaCore.lean	61	false	Krein/doubled-geometry substrate
L3_Krein	krein	def	generator	lean/InfoGeometry/Canonical/RealTomitaCore.lean	72	false	Krein/doubled-geometry substrate
L3_Krein	krein	def	flow	lean/InfoGeometry/Canonical/RealTomitaCore.lean	77	false	Krein/doubled-geometry substrate
L3_Krein	krein	def	adjointFlow	lean/InfoGeometry/Canonical/RealTomitaCore.lean	82	false	Krein/doubled-geometry substrate
L3_Krein	krein	theorem	flow_zero	lean/InfoGeometry/Canonical/RealTomitaCore.lean	86	true	Krein/doubled-geometry substrate
L3_Krein	krein	theorem	flow_add	lean/InfoGeometry/Canonical/RealTomitaCore.lean	92	true	Krein/doubled-geometry substrate
L3_Krein	krein	theorem	flow_neg_mul	lean/InfoGeometry/Canonical/RealTomitaCore.lean	97	true	Krein/doubled-geometry substrate
L3_Krein	krein	theorem	flow_mul_neg	lean/InfoGeometry/Canonical/RealTomitaCore.lean	113	true	Krein/doubled-geometry substrate
L3_Krein	krein	theorem	adjointFlow_zero	lean/InfoGeometry/Canonical/RealTomitaCore.lean	129	true	Krein/doubled-geometry substrate
L4_ModularTransport	transport	theorem	flow_negLog_eq_time_reverse	lean/InfoGeometry/Canonical/RealTomitaCore.lean	136	true	modular/transport/flow substrate
L4_ModularTransport	transport	def	wedgeBoostParameter	lean/InfoGeometry/Canonical/RealTomitaCore.lean	146	false	modular/transport/flow substrate
L4_ModularTransport	transport	def	modularTimeOfWedgeBoost	lean/InfoGeometry/Canonical/RealTomitaCore.lean	150	false	modular/transport/flow substrate
L4_ModularTransport	transport	theorem	modularTimeOfWedgeBoost_wedgeBoostParameter	lean/InfoGeometry/Canonical/RealTomitaCore.lean	154	true	modular/transport/flow substrate
L3_Krein	krein	abbrev	ObservableAlgebra	lean/InfoGeometry/Canonical/RelationalInformationCore.lean	48	false	Krein/doubled-geometry substrate
L3_Krein	krein	abbrev	PerturbationChannel	lean/InfoGeometry/Canonical/RelationalInformationCore.lean	54	false	Krein/doubled-geometry substrate
L3_Krein	krein	structure	RelationalInformationDatum	lean/InfoGeometry/Canonical/RelationalInformationCore.lean	66	false	Krein/doubled-geometry substrate
L3_Krein	krein	def	referenceFunctionalValue	lean/InfoGeometry/Canonical/RelationalInformationCore.lean	76	false	Krein/doubled-geometry substrate
L3_Krein	krein	def	comparisonFunctionalValue	lean/InfoGeometry/Canonical/RelationalInformationCore.lean	82	false	Krein/doubled-geometry substrate
L3_Krein	krein	def	functionalShift	lean/InfoGeometry/Canonical/RelationalInformationCore.lean	88	false	Krein/doubled-geometry substrate
L3_Krein	krein	def	comparisonGeneratorMetric	lean/InfoGeometry/Canonical/RelationalInformationCore.lean	94	false	Krein/doubled-geometry substrate
L3_Krein	krein	def	channelPhaseAxis	lean/InfoGeometry/Canonical/RelationalInformationCore.lean	107	false	Krein/doubled-geometry substrate
L3_Krein	krein	theorem	channelPhaseAxis_sq	lean/InfoGeometry/Canonical/RelationalInformationCore.lean	128	true	Krein/doubled-geometry substrate
L3_Krein	krein	def	comparisonGeneratorPhase	lean/InfoGeometry/Canonical/RelationalInformationCore.lean	150	false	Krein/doubled-geometry substrate
L4_ModularTransport	transport	def	comparisonTransportGenerator	lean/InfoGeometry/Canonical/RelationalInformationCore.lean	164	false	modular/transport/flow substrate
L4_ModularTransport	transport	def	comparisonInducedDynamics	lean/InfoGeometry/Canonical/RelationalInformationCore.lean	170	false	modular/transport/flow substrate
L4_ModularTransport	transport	def	comparisonGaugeDynamics	lean/InfoGeometry/Canonical/RelationalInformationCore.lean	177	false	modular/transport/flow substrate
L4_ModularTransport	transport	def	comparisonSourceDynamics	lean/InfoGeometry/Canonical/RelationalInformationCore.lean	184	false	modular/transport/flow substrate
L4_ModularTransport	transport	def	comparisonTransportedObservable	lean/InfoGeometry/Canonical/RelationalInformationCore.lean	191	false	modular/transport/flow substrate
L4_ModularTransport	transport	def	comparisonMetricReadout	lean/InfoGeometry/Canonical/RelationalInformationCore.lean	198	false	modular/transport/flow substrate
L4_ModularTransport	transport	def	comparisonPhaseReadout	lean/InfoGeometry/Canonical/RelationalInformationCore.lean	206	false	modular/transport/flow substrate
L4_ModularTransport	transport	theorem	comparisonInducedDynamics_eq_gauge_add_source	lean/InfoGeometry/Canonical/RelationalInformationCore.lean	232	true	modular/transport/flow substrate
L4_ModularTransport	transport	def	perturbationDerivation	lean/InfoGeometry/Canonical/RelationalInformationCore.lean	264	false	modular/transport/flow substrate
L4_ModularTransport	transport	def	transportObstruction	lean/InfoGeometry/Canonical/RelationalInformationCore.lean	281	false	modular/transport/flow substrate
L2_Operator	operator	def	operatorExponentialChart	lean/InfoGeometry/Canonical/RelationalInformationDynamics.lean	56	false	operator-algebraic bridge substrate
L2_Operator	operator	theorem	operatorExponentialChart_zero	lean/InfoGeometry/Canonical/RelationalInformationDynamics.lean	62	true	operator-algebraic bridge substrate
L2_Operator	operator	theorem	hasDerivAt_operatorExponentialChart_zero	lean/InfoGeometry/Canonical/RelationalInformationDynamics.lean	68	true	operator-algebraic bridge substrate
L2_Operator	operator	def	operatorMassieuPotential	lean/InfoGeometry/Canonical/RelationalInformationDynamics.lean	76	false	operator-algebraic bridge substrate
L2_Operator	operator	def	operatorLogGeneratingPotential	lean/InfoGeometry/Canonical/RelationalInformationDynamics.lean	93	false	operator-algebraic bridge substrate
L2_Operator	operator	theorem	operatorLogGeneratingPotential_eq_operatorMassieuPotential	lean/InfoGeometry/Canonical/RelationalInformationDynamics.lean	98	true	operator-algebraic bridge substrate
L2_Operator	operator	theorem	informationPartitionFunction_eq_exponentialChart_readout	lean/InfoGeometry/Canonical/RelationalInformationDynamics.lean	107	true	operator-algebraic bridge substrate
L2_Operator	operator	def	operatorMassieuExpectation	lean/InfoGeometry/Canonical/RelationalInformationDynamics.lean	122	false	operator-algebraic bridge substrate
L2_Operator	operator	theorem	operatorMassieuPotential_normalizedInfinitesimalLaw	lean/InfoGeometry/Canonical/RelationalInformationDynamics.lean	133	true	operator-algebraic bridge substrate
L2_Operator	operator	theorem	operatorLogGeneratingPotential_normalizedInfinitesimalLaw	lean/InfoGeometry/Canonical/RelationalInformationDynamics.lean	150	true	operator-algebraic bridge substrate
L4_ModularTransport	transport	abbrev	operatorInformationFirstVariation	lean/InfoGeometry/Canonical/RelationalInformationDynamics.lean	161	false	modular/transport/flow substrate
L4_ModularTransport	transport	def	observableLieDerivation	lean/InfoGeometry/Canonical/RelationalInformationDynamics.lean	167	false	modular/transport/flow substrate
L4_ModularTransport	transport	def	operatorInformationFirstVariationMap	lean/InfoGeometry/Canonical/RelationalInformationDynamics.lean	186	false	modular/transport/flow substrate
L4_ModularTransport	transport	abbrev	operatorInformationMixedSecondVariation	lean/InfoGeometry/Canonical/RelationalInformationDynamics.lean	215	false	modular/transport/flow substrate
L4_ModularTransport	transport	def	operatorInformationMixedSecondVariationMap	lean/InfoGeometry/Canonical/RelationalInformationDynamics.lean	224	false	modular/transport/flow substrate
L4_ModularTransport	transport	def	observableLieHessian	lean/InfoGeometry/Canonical/RelationalInformationDynamics.lean	272	false	modular/transport/flow substrate
L4_ModularTransport	transport	abbrev	operatorInformationHessian	lean/InfoGeometry/Canonical/RelationalInformationDynamics.lean	287	false	modular/transport/flow substrate
L4_ModularTransport	transport	theorem	operatorInformationHessian_eq_double_transportCommutator	lean/InfoGeometry/Canonical/RelationalInformationDynamics.lean	301	true	modular/transport/flow substrate
L4_ModularTransport	transport	theorem	operatorInformationHessian_eq_observableLieHessian	lean/InfoGeometry/Canonical/RelationalInformationDynamics.lean	313	true	modular/transport/flow substrate
L4_ModularTransport	transport	def	operatorInformationMetricPart	lean/InfoGeometry/Canonical/RelationalInformationDynamics.lean	322	false	modular/transport/flow substrate
L4_ModularTransport	transport	def	operatorInformationMetricPartMap	lean/InfoGeometry/Canonical/RelationalInformationDynamics.lean	333	false	modular/transport/flow substrate
L4_ModularTransport	transport	def	operatorInformationCurvaturePart	lean/InfoGeometry/Canonical/RelationalInformationDynamics.lean	350	false	modular/transport/flow substrate
L4_ModularTransport	transport	def	operatorInformationCurvaturePartMap	lean/InfoGeometry/Canonical/RelationalInformationDynamics.lean	360	false	modular/transport/flow substrate
L4_ModularTransport	transport	theorem	operatorInformationCurvaturePart_eq_bracketDerivation	lean/InfoGeometry/Canonical/RelationalInformationDynamics.lean	394	true	modular/transport/flow substrate
L4_ModularTransport	transport	def	transportedObservable	lean/InfoGeometry/Canonical/RelationalInformationDynamics.lean	413	false	modular/transport/flow substrate
L4_ModularTransport	transport	def	transportedMassieuExpectation	lean/InfoGeometry/Canonical/RelationalInformationDynamics.lean	419	false	modular/transport/flow substrate
L4_ModularTransport	transport	def	scalarLogTransportReadout	lean/InfoGeometry/Canonical/RelationalInformationDynamics.lean	432	false	modular/transport/flow substrate
L4_ModularTransport	transport	theorem	hasDerivAt_transportedMassieuExpectation_zero	lean/InfoGeometry/Canonical/RelationalInformationDynamics.lean	441	true	modular/transport/flow substrate
L4_ModularTransport	transport	theorem	hasDerivAt_scalarLogTransportReadout_zero	lean/InfoGeometry/Canonical/RelationalInformationDynamics.lean	475	true	modular/transport/flow substrate
L4_ModularTransport	transport	theorem	observableLieDerivation_transport_intertwines	lean/InfoGeometry/Canonical/RelationalInformationDynamics.lean	511	true	modular/transport/flow substrate
L4_ModularTransport	transport	theorem	observableLieHessian_transport_intertwines	lean/InfoGeometry/Canonical/RelationalInformationDynamics.lean	526	true	modular/transport/flow substrate
L4_ModularTransport	transport	theorem	operatorMassieuExpectation_transport_intertwines_firstVariation	lean/InfoGeometry/Canonical/RelationalInformationDynamics.lean	543	true	modular/transport/flow substrate
L4_ModularTransport	transport	theorem	operatorMassieuExpectation_transport_intertwines_hessian	lean/InfoGeometry/Canonical/RelationalInformationDynamics.lean	560	true	modular/transport/flow substrate
L4_ModularTransport	transport	def	operatorInformationMetricReadout	lean/InfoGeometry/Canonical/RelationalInformationDynamics.lean	575	false	modular/transport/flow substrate
L4_ModularTransport	transport	def	operatorInformationPhaseReadout	lean/InfoGeometry/Canonical/RelationalInformationDynamics.lean	582	false	modular/transport/flow substrate
L3_Krein	krein	def	channelMetricAtState	lean/InfoGeometry/Canonical/RelationalInformationDynamics.lean	589	false	Krein/doubled-geometry substrate
L3_Krein	krein	def	channelEvalAtState	lean/InfoGeometry/Canonical/RelationalInformationDynamics.lean	614	false	Krein/doubled-geometry substrate
L3_Krein	krein	def	channelKreinMetricAtState	lean/InfoGeometry/Canonical/RelationalInformationDynamics.lean	631	false	Krein/doubled-geometry substrate
L3_Krein	krein	def	constructiveRelationalDatum	lean/InfoGeometry/Canonical/RelationalInformationDynamics.lean	647	false	Krein/doubled-geometry substrate
L3_Krein	krein	theorem	constructiveRelationalDatum_informationFunctional	lean/InfoGeometry/Canonical/RelationalInformationDynamics.lean	667	true	Krein/doubled-geometry substrate
L3_Krein	krein	theorem	constructiveRelationalDatum_referenceFunctionalValue	lean/InfoGeometry/Canonical/RelationalInformationDynamics.lean	682	true	Krein/doubled-geometry substrate
L3_Krein	krein	theorem	constructiveRelationalDatum_comparisonFunctionalValue	lean/InfoGeometry/Canonical/RelationalInformationDynamics.lean	697	true	Krein/doubled-geometry substrate
L3_Krein	krein	theorem	constructiveRelationalDatum_comparisonGeneratorMetric_apply	lean/InfoGeometry/Canonical/RelationalInformationDynamics.lean	709	true	Krein/doubled-geometry substrate
L4_ModularTransport	transport	theorem	constructiveRelationalDatum_firstVariation_comparison	lean/InfoGeometry/Canonical/RelationalInformationDynamics.lean	722	true	modular/transport/flow substrate
L3_Krein	krein	theorem	constructiveRelationalDatum_comparisonGeneratorPhase_apply_eq_comp_complex_i	lean/InfoGeometry/Canonical/RelationalInformationDynamics.lean	735	true	Krein/doubled-geometry substrate
L3_Krein	krein	theorem	constructiveRelationalDatum_comparisonGeneratorPhase_apply	lean/InfoGeometry/Canonical/RelationalInformationDynamics.lean	749	true	Krein/doubled-geometry substrate
L4_ModularTransport	transport	theorem	operatorInformationMetricPart_swap	lean/InfoGeometry/Canonical/RelationalInformationDynamics.lean	774	true	modular/transport/flow substrate
L4_ModularTransport	transport	theorem	operatorInformationPhaseReadout_eq_metric_comp_complex_i	lean/InfoGeometry/Canonical/RelationalInformationDynamics.lean	784	true	modular/transport/flow substrate
L4_ModularTransport	transport	theorem	operatorInformationPhaseReadout_eq_metric_comp_modularComplexI	lean/InfoGeometry/Canonical/RelationalInformationDynamics.lean	795	true	modular/transport/flow substrate
L2_Operator	operator	def	relativeModularSheetEquiv	lean/InfoGeometry/Canonical/RelativeModularBerezinianBridge.lean	49	false	operator-algebraic bridge substrate
L2_Operator	operator	def	relativeModularRestrictedSheetEquiv	lean/InfoGeometry/Canonical/RelativeModularBerezinianBridge.lean	75	false	operator-algebraic bridge substrate
L4_ModularTransport	transport	theorem	relativeModularRestrictedSheetEquiv_restrictedVolumeScale_eq_berezinianShadow	lean/InfoGeometry/Canonical/RelativeModularBerezinianBridge.lean	96	true	modular/transport/flow substrate
L5_ThermodynamicClosure	thermo	theorem	neg_log_relativeModularRestrictedSheetEquiv_restrictedVolumeScale_eq_supervolumePotential	lean/InfoGeometry/Canonical/RelativeModularBerezinianBridge.lean	110	true	thermodynamic/free-energy/closure substrate
L2_Operator	operator	def	relativeModularSupervolumeKreinQuadraticPotential	lean/InfoGeometry/Canonical/RelativeModularBerezinianBridge.lean	138	false	operator-algebraic bridge substrate
L2_Operator	operator	def	relativeModularSupervolumeKreinGradient	lean/InfoGeometry/Canonical/RelativeModularBerezinianBridge.lean	145	false	operator-algebraic bridge substrate
L2_Operator	operator	def	relativeModularSupervolumeKreinHessian	lean/InfoGeometry/Canonical/RelativeModularBerezinianBridge.lean	151	false	operator-algebraic bridge substrate
L2_Operator	operator	theorem	relativeModularSupervolumeKreinQuadraticPotential_zero	lean/InfoGeometry/Canonical/RelativeModularBerezinianBridge.lean	157	true	operator-algebraic bridge substrate
L2_Operator	operator	theorem	hasFDerivAt_relativeModularSupervolumeKreinQuadraticPotential	lean/InfoGeometry/Canonical/RelativeModularBerezinianBridge.lean	168	true	operator-algebraic bridge substrate
L2_Operator	operator	theorem	hasFDerivAt_relativeModularSupervolumeKreinGradient	lean/InfoGeometry/Canonical/RelativeModularBerezinianBridge.lean	191	true	operator-algebraic bridge substrate
L2_Operator	operator	theorem	relativeModularSupervolumeKreinHessian_bilin_eq_krein_form	lean/InfoGeometry/Canonical/RelativeModularBerezinianBridge.lean	208	true	operator-algebraic bridge substrate
L2_Operator	operator	theorem	relativeModularSupervolume_concrete_secondDerivative_Krein_packet	lean/InfoGeometry/Canonical/RelativeModularBerezinianBridge.lean	222	true	operator-algebraic bridge substrate
L2_Operator	operator	theorem	relativeModularSupervolumeKreinHessian_realDoubled_eq_hestenes_splitB11	lean/InfoGeometry/Canonical/RelativeModularBerezinianBridge.lean	273	true	operator-algebraic bridge substrate
L2_Operator	operator	theorem	relativeModularSupervolumeKreinHessian_realDoubled_diag_eq_hestenes_splitQ11	lean/InfoGeometry/Canonical/RelativeModularBerezinianBridge.lean	290	true	operator-algebraic bridge substrate
L2_Operator	operator	theorem	relativeModularSupervolumeKreinQuadraticPotential_realDoubled_eq_hestenes_splitQ11	lean/InfoGeometry/Canonical/RelativeModularBerezinianBridge.lean	307	true	operator-algebraic bridge substrate
L2_Operator	operator	theorem	relativeModularSupervolume_Hestenes_realDoubled_packet	lean/InfoGeometry/Canonical/RelativeModularBerezinianBridge.lean	323	true	operator-algebraic bridge substrate
L2_Operator	operator	structure	RelativeModularSupervolumeKreinHessianLift	lean/InfoGeometry/Canonical/RelativeModularBerezinianBridge.lean	366	false	operator-algebraic bridge substrate
L2_Operator	operator	theorem	lifted_base_eq_supervolumePotential	lean/InfoGeometry/Canonical/RelativeModularBerezinianBridge.lean	405	true	operator-algebraic bridge substrate
L2_Operator	operator	theorem	secondVariation_eq_symmetric_kreinInner	lean/InfoGeometry/Canonical/RelativeModularBerezinianBridge.lean	416	true	operator-algebraic bridge substrate
L2_Operator	operator	theorem	secondVariation_symmetric	lean/InfoGeometry/Canonical/RelativeModularBerezinianBridge.lean	422	true	operator-algebraic bridge substrate
L2_Operator	operator	theorem	sinkhornPerelmanMetric_eq_kreinInner	lean/InfoGeometry/Canonical/RelativeModularBerezinianBridge.lean	430	true	operator-algebraic bridge substrate
L2_Operator	operator	theorem	sinkhornPerelmanMetric_symmetric	lean/InfoGeometry/Canonical/RelativeModularBerezinianBridge.lean	437	true	operator-algebraic bridge substrate
L2_Operator	operator	theorem	relativeModularSupervolume_secondVariation_Krein_packet	lean/InfoGeometry/Canonical/RelativeModularBerezinianBridge.lean	448	true	operator-algebraic bridge substrate
L4_ModularTransport	transport	theorem	block_diagonal_of_commute_idempotent	lean/InfoGeometry/Canonical/RelativeModularBlockDiagonalCore.lean	41	true	modular/transport/flow substrate
L2_Operator	operator	theorem	relativeModularOperator_diag_pos	lean/InfoGeometry/Canonical/RelativeModularBoundedCommutingInterface.lean	30	true	operator-algebraic bridge substrate
L2_Operator	operator	theorem	log_mul_diag_of_diag_positive	lean/InfoGeometry/Canonical/RelativeModularBoundedCommutingInterface.lean	39	true	operator-algebraic bridge substrate
L2_Operator	operator	theorem	log_mul_relativeModularOperator_diag	lean/InfoGeometry/Canonical/RelativeModularBoundedCommutingInterface.lean	56	true	operator-algebraic bridge substrate
L2_Operator	operator	theorem	log_mul_relativeModularOperator_diag_of_commute	lean/InfoGeometry/Canonical/RelativeModularBoundedCommutingInterface.lean	84	true	operator-algebraic bridge substrate
L2_Operator	operator	theorem	relativeModularOperator_commuting_witness	lean/InfoGeometry/Canonical/RelativeModularBoundedCommutingInterface.lean	106	true	operator-algebraic bridge substrate
L2_Operator	operator	theorem	relativeModularOperator_mul_comm	lean/InfoGeometry/Canonical/RelativeModularCommutingLift.lean	36	true	operator-algebraic bridge substrate
L2_Operator	operator	theorem	relativeModularOperator_commute	lean/InfoGeometry/Canonical/RelativeModularCommutingLift.lean	47	true	operator-algebraic bridge substrate
L2_Operator	operator	theorem	log_relativeModularOperator_diag_cocycle	lean/InfoGeometry/Canonical/RelativeModularCommutingLift.lean	58	true	operator-algebraic bridge substrate
L2_Operator	operator	theorem	relativeModularHamiltonianOperator_diag_cocycle	lean/InfoGeometry/Canonical/RelativeModularCommutingLift.lean	72	true	operator-algebraic bridge substrate
L2_Operator	operator	theorem	finite_commuting_lift_package	lean/InfoGeometry/Canonical/RelativeModularCommutingLift.lean	87	true	operator-algebraic bridge substrate
L1_Projective	projective	def	RelativeStatePair.density	lean/InfoGeometry/Canonical/RelativeModularCore.lean	37	false	projection/support/compression substrate
L1_Projective	projective	def	RelativeStatePair.logDensity	lean/InfoGeometry/Canonical/RelativeModularCore.lean	43	false	projection/support/compression substrate
L1_Projective	projective	def	RelativeStatePair.modularPotential	lean/InfoGeometry/Canonical/RelativeModularCore.lean	49	false	projection/support/compression substrate
L1_Projective	projective	def	RelativeStatePair.compose	lean/InfoGeometry/Canonical/RelativeModularCore.lean	67	false	projection/support/compression substrate
L1_Projective	projective	structure	RestrictedRelativeModularData	lean/InfoGeometry/Canonical/RelativeModularCore.lean	107	false	projection/support/compression substrate
L1_Projective	projective	def	RestrictedRelativeModularData.localPair	lean/InfoGeometry/Canonical/RelativeModularCore.lean	130	false	projection/support/compression substrate
L1_Projective	projective	def	RestrictedRelativeModularData.ambientPair	lean/InfoGeometry/Canonical/RelativeModularCore.lean	137	false	projection/support/compression substrate
L2_Operator	operator	def	modularHamiltonianFromDiagonal	lean/InfoGeometry/Canonical/RelativeModularHamiltonian.lean	41	false	operator-algebraic bridge substrate
L2_Operator	operator	def	relativeModularHamiltonianOperator	lean/InfoGeometry/Canonical/RelativeModularHamiltonian.lean	58	false	operator-algebraic bridge substrate
L2_Operator	operator	theorem	relativeModularHamiltonianOperator_eq_diag_relativeModularPotential	lean/InfoGeometry/Canonical/RelativeModularHamiltonian.lean	78	true	operator-algebraic bridge substrate
L2_Operator	operator	theorem	relativeModularHamiltonianOperator_cocycle	lean/InfoGeometry/Canonical/RelativeModularHamiltonian.lean	95	true	operator-algebraic bridge substrate
L2_Operator	operator	def	relativeModularHamiltonianExpectation	lean/InfoGeometry/Canonical/RelativeModularHamiltonian.lean	113	false	operator-algebraic bridge substrate
L5_ThermodynamicClosure	thermo	theorem	relativeModularHamiltonianExpectation_eq_readout	lean/InfoGeometry/Canonical/RelativeModularHamiltonian.lean	119	true	thermodynamic/free-energy/closure substrate
L5_ThermodynamicClosure	thermo	theorem	relativeModularHamiltonianExpectation_eq_inv_card_mul_relativeModularVolumePotential	lean/InfoGeometry/Canonical/RelativeModularHamiltonian.lean	135	true	thermodynamic/free-energy/closure substrate
L5_ThermodynamicClosure	thermo	theorem	relativeModularHamiltonianExpectation_self	lean/InfoGeometry/Canonical/RelativeModularHamiltonian.lean	144	true	thermodynamic/free-energy/closure substrate
L2_Operator	operator	def	supportRestrictedModularHamiltonianOperator	lean/InfoGeometry/Canonical/RelativeModularHamiltonianSupport.lean	42	false	operator-algebraic bridge substrate
L2_Operator	operator	theorem	supportRestrictedModularHamiltonianOperator_eq_supportProjector_mul	lean/InfoGeometry/Canonical/RelativeModularHamiltonianSupport.lean	59	true	operator-algebraic bridge substrate
L2_Operator	operator	theorem	supportRestrictedModularHamiltonianOperator_eq_mul_supportProjector	lean/InfoGeometry/Canonical/RelativeModularHamiltonianSupport.lean	73	true	operator-algebraic bridge substrate
L2_Operator	operator	theorem	supportProjector_mul_supportRestrictedModularHamiltonianOperator	lean/InfoGeometry/Canonical/RelativeModularHamiltonianSupport.lean	87	true	operator-algebraic bridge substrate
L2_Operator	operator	theorem	supportRestrictedModularHamiltonianOperator_mul_supportProjector	lean/InfoGeometry/Canonical/RelativeModularHamiltonianSupport.lean	98	true	operator-algebraic bridge substrate
L2_Operator	operator	theorem	supportRestrictedModularHamiltonianOperator_univ	lean/InfoGeometry/Canonical/RelativeModularHamiltonianSupport.lean	110	true	operator-algebraic bridge substrate
L2_Operator	operator	theorem	supportRestrictedModularHamiltonianOperator_empty	lean/InfoGeometry/Canonical/RelativeModularHamiltonianSupport.lean	124	true	operator-algebraic bridge substrate
L2_Operator	operator	theorem	supportRestrictedModularHamiltonianOperator_cocycle	lean/InfoGeometry/Canonical/RelativeModularHamiltonianSupport.lean	138	true	operator-algebraic bridge substrate
L2_Operator	operator	theorem	supportRestricted_finite_hamiltonian_lane_package	lean/InfoGeometry/Canonical/RelativeModularHamiltonianSupport.lean	162	true	operator-algebraic bridge substrate
L2_Operator	operator	def	RelativeStatePair.modularOperator	lean/InfoGeometry/Canonical/RelativeModularOperator.lean	38	false	operator-algebraic bridge substrate
L2_Operator	operator	theorem	RelativeStatePair.compose_modularOperator	lean/InfoGeometry/Canonical/RelativeModularOperator.lean	78	true	operator-algebraic bridge substrate
L2_Operator	operator	def	relativeModularOperator	lean/InfoGeometry/Canonical/RelativeModularOperator.lean	100	false	operator-algebraic bridge substrate
L2_Operator	operator	theorem	relativeModularOperator_cocycle	lean/InfoGeometry/Canonical/RelativeModularOperator.lean	168	true	operator-algebraic bridge substrate
L2_Operator	operator	def	relativeModularVolumeShadow	lean/InfoGeometry/Canonical/RelativeModularOperator.lean	188	false	operator-algebraic bridge substrate
L2_Operator	operator	theorem	relativeModularVolumeShadow_cocycle	lean/InfoGeometry/Canonical/RelativeModularOperator.lean	222	true	operator-algebraic bridge substrate
L2_Operator	operator	def	relativeModularVolumePotential	lean/InfoGeometry/Canonical/RelativeModularOperator.lean	235	false	operator-algebraic bridge substrate
L5_ThermodynamicClosure	thermo	theorem	log_relativeModularVolumeShadow_eq_sum_relativeLogDensity	lean/InfoGeometry/Canonical/RelativeModularOperator.lean	240	true	thermodynamic/free-energy/closure substrate
L5_ThermodynamicClosure	thermo	theorem	relativeModularVolumePotential_eq_sum_relativeModularPotential	lean/InfoGeometry/Canonical/RelativeModularOperator.lean	255	true	thermodynamic/free-energy/closure substrate
L5_ThermodynamicClosure	thermo	theorem	log_relativeModularVolumeShadow_cocycle	lean/InfoGeometry/Canonical/RelativeModularOperator.lean	271	true	thermodynamic/free-energy/closure substrate
L5_ThermodynamicClosure	thermo	theorem	relativeModularVolumePotential_cocycle	lean/InfoGeometry/Canonical/RelativeModularOperator.lean	282	true	thermodynamic/free-energy/closure substrate
L5_ThermodynamicClosure	thermo	theorem	relativeModularVolumePotential_self	lean/InfoGeometry/Canonical/RelativeModularOperator.lean	292	true	thermodynamic/free-energy/closure substrate
L2_Operator	operator	def	relativeModularBerezinianShadow	lean/InfoGeometry/Canonical/RelativeModularOperator.lean	304	false	operator-algebraic bridge substrate
L2_Operator	operator	abbrev	relativeModularSupervolumeShadow	lean/InfoGeometry/Canonical/RelativeModularOperator.lean	311	false	operator-algebraic bridge substrate
L2_Operator	operator	def	relativeModularBerezinianPotential	lean/InfoGeometry/Canonical/RelativeModularOperator.lean	324	false	operator-algebraic bridge substrate
L2_Operator	operator	abbrev	relativeModularSupervolumePotential	lean/InfoGeometry/Canonical/RelativeModularOperator.lean	330	false	operator-algebraic bridge substrate
L5_ThermodynamicClosure	thermo	theorem	log_relativeModularBerezinianShadow_eq_volumeLog_sub_volumeLog	lean/InfoGeometry/Canonical/RelativeModularOperator.lean	335	true	thermodynamic/free-energy/closure substrate
L5_ThermodynamicClosure	thermo	theorem	relativeModularBerezinianPotential_eq_volumePotential_sub_volumePotential	lean/InfoGeometry/Canonical/RelativeModularOperator.lean	346	true	thermodynamic/free-energy/closure substrate
L5_ThermodynamicClosure	thermo	theorem	relativeModularBerezinianPotential_eq_sum_relativeModularPotential_sub_sum_relativeModularPotential	lean/InfoGeometry/Canonical/RelativeModularOperator.lean	356	true	thermodynamic/free-energy/closure substrate
L2_Operator	operator	def	relativeModularHamiltonianReadout	lean/InfoGeometry/Canonical/RelativeModularOperator.lean	370	false	operator-algebraic bridge substrate
L5_ThermodynamicClosure	thermo	theorem	relativeModularHamiltonianReadout_eq_average_relativeModularPotential	lean/InfoGeometry/Canonical/RelativeModularOperator.lean	378	true	thermodynamic/free-energy/closure substrate
L5_ThermodynamicClosure	thermo	theorem	relativeModularHamiltonianReadout_eq_inv_card_mul_relativeModularVolumePotential	lean/InfoGeometry/Canonical/RelativeModularOperator.lean	394	true	thermodynamic/free-energy/closure substrate
L5_ThermodynamicClosure	thermo	theorem	relativeInformationEnergy_finiteShadow_eq_sum_gauge_sq_neg_log_relativeModularOperator_diag	lean/InfoGeometry/Canonical/RelativeModularOperator.lean	410	true	thermodynamic/free-energy/closure substrate
L5_ThermodynamicClosure	thermo	theorem	relativeInformationNorm_finiteShadow_eq_sqrt_sum_gauge_sq_neg_log_relativeModularOperator_diag	lean/InfoGeometry/Canonical/RelativeModularOperator.lean	428	true	thermodynamic/free-energy/closure substrate
L5_ThermodynamicClosure	thermo	theorem	relativeModularHamiltonianReadout_cocycle	lean/InfoGeometry/Canonical/RelativeModularOperator.lean	438	true	thermodynamic/free-energy/closure substrate
L5_ThermodynamicClosure	thermo	theorem	relativeModularHamiltonianReadout_self	lean/InfoGeometry/Canonical/RelativeModularOperator.lean	453	true	thermodynamic/free-energy/closure substrate
L3_Krein	krein	structure	PotentialDatum	lean/InfoGeometry/Canonical/RelativeModularPotential.lean	42	false	Krein/doubled-geometry substrate
L4_ModularTransport	transport	def	modularSeed	lean/InfoGeometry/Canonical/RelativeModularPotential.lean	48	false	modular/transport/flow substrate
L4_ModularTransport	transport	def	transportGenerator	lean/InfoGeometry/Canonical/RelativeModularPotential.lean	54	false	modular/transport/flow substrate
L4_ModularTransport	transport	def	generator	lean/InfoGeometry/Canonical/RelativeModularPotential.lean	60	false	modular/transport/flow substrate
L4_ModularTransport	transport	def	value	lean/InfoGeometry/Canonical/RelativeModularPotential.lean	66	false	modular/transport/flow substrate
L4_ModularTransport	transport	def	firstVariation	lean/InfoGeometry/Canonical/RelativeModularPotential.lean	72	false	modular/transport/flow substrate
L4_ModularTransport	transport	def	gaugeVariation	lean/InfoGeometry/Canonical/RelativeModularPotential.lean	78	false	modular/transport/flow substrate
L4_ModularTransport	transport	def	sourceVariation	lean/InfoGeometry/Canonical/RelativeModularPotential.lean	84	false	modular/transport/flow substrate
L4_ModularTransport	transport	def	twoStateGap	lean/InfoGeometry/Canonical/RelativeModularPotential.lean	90	false	modular/transport/flow substrate
L4_ModularTransport	transport	def	comparisonMetricReadout	lean/InfoGeometry/Canonical/RelativeModularPotential.lean	96	false	modular/transport/flow substrate
L4_ModularTransport	transport	def	comparisonPhaseReadout	lean/InfoGeometry/Canonical/RelativeModularPotential.lean	103	false	modular/transport/flow substrate
L3_Krein	krein	def	channelCorrelationAtState	lean/InfoGeometry/Canonical/RelativeModularPotential.lean	126	false	Krein/doubled-geometry substrate
L3_Krein	krein	def	comparisonStateGeneratorMetric	lean/InfoGeometry/Canonical/RelativeModularPotential.lean	147	false	Krein/doubled-geometry substrate
L3_Krein	krein	def	comparisonStateGeneratorPhase	lean/InfoGeometry/Canonical/RelativeModularPotential.lean	153	false	Krein/doubled-geometry substrate
L4_ModularTransport	transport	def	toRelationalInformationDatum	lean/InfoGeometry/Canonical/RelativeModularPotential.lean	159	false	modular/transport/flow substrate
L4_ModularTransport	transport	theorem	firstVariation_eq_gauge_add_source	lean/InfoGeometry/Canonical/RelativeModularPotential.lean	188	true	modular/transport/flow substrate
L1_Projective	projective	theorem	RestrictedRelativeModularData.local_projectiveLogGenerator_eq_local_modularPotential_ae	lean/InfoGeometry/Canonical/RelativeModularProjectiveBridge.lean	38	true	projection/support/compression substrate
L1_Projective	projective	theorem	RestrictedRelativeModularData.local_projectiveLogGenerator_eq_local_modularPotential	lean/InfoGeometry/Canonical/RelativeModularProjectiveBridge.lean	68	true	projection/support/compression substrate
L1_Projective	projective	theorem	RestrictedRelativeModularData.local_projectiveLogGenerator_eq_pullback_ambient_add_shift_ae	lean/InfoGeometry/Canonical/RelativeModularProjectiveBridge.lean	93	true	projection/support/compression substrate
L1_Projective	projective	theorem	RestrictedRelativeModularData.local_projectiveLogGenerator_eq_pullback_ambient_add_shift	lean/InfoGeometry/Canonical/RelativeModularProjectiveBridge.lean	117	true	projection/support/compression substrate
L1_Projective	projective	theorem	RestrictedRelativeModularData.local_modularPotential_eq_projectiveCountHamiltonianProfile_of_countRays	lean/InfoGeometry/Canonical/RelativeModularProjectiveBridge.lean	144	true	projection/support/compression substrate
L1_Projective	projective	theorem	RestrictedRelativeModularData.projectiveCountHamiltonianProfile_eq_pullback_ambient_add_shift	lean/InfoGeometry/Canonical/RelativeModularProjectiveBridge.lean	167	true	projection/support/compression substrate
L1_Projective	projective	theorem	RestrictedRelativeModularData.local_projectiveLogGenerator_eq_projectiveCountHamiltonianProfile_of_countRays	lean/InfoGeometry/Canonical/RelativeModularProjectiveBridge.lean	202	true	projection/support/compression substrate
L1_Projective	projective	def	PolarizedRecompositionData.carrier	lean/InfoGeometry/Canonical/RelativeModularRecomposition.lean	44	false	projection/support/compression substrate
L1_Projective	projective	def	PolarizedRecompositionData.plusLogDefect	lean/InfoGeometry/Canonical/RelativeModularRecomposition.lean	59	false	projection/support/compression substrate
L1_Projective	projective	def	PolarizedRecompositionData.minusLogDefect	lean/InfoGeometry/Canonical/RelativeModularRecomposition.lean	65	false	projection/support/compression substrate
L1_Projective	projective	def	PolarizedRecompositionData.couplingLogDefect	lean/InfoGeometry/Canonical/RelativeModularRecomposition.lean	71	false	projection/support/compression substrate
L1_Projective	projective	def	PolarizedRecompositionData.couplingPotentialDefect	lean/InfoGeometry/Canonical/RelativeModularRecomposition.lean	77	false	projection/support/compression substrate
L1_Projective	projective	def	PolarizedRecompositionData.sectorwiseExact	lean/InfoGeometry/Canonical/RelativeModularRecomposition.lean	88	true	projection/support/compression substrate
L1_Projective	projective	def	PolarizedRecompositionData.vanishingCoupling	lean/InfoGeometry/Canonical/RelativeModularRecomposition.lean	95	true	projection/support/compression substrate
L1_Projective	projective	def	PolarizedRecompositionData.recomposedLogDensity	lean/InfoGeometry/Canonical/RelativeModularRecomposition.lean	101	false	projection/support/compression substrate
L1_Projective	projective	def	PolarizedRecompositionData.recomposedModularPotential	lean/InfoGeometry/Canonical/RelativeModularRecomposition.lean	108	false	projection/support/compression substrate
L1_Projective	projective	def	PolarizedRecompositionData.recomposedAmbientLogDensity	lean/InfoGeometry/Canonical/RelativeModularRecomposition.lean	118	false	projection/support/compression substrate
L1_Projective	projective	def	PolarizedRecompositionData.recomposedAmbientModularPotential	lean/InfoGeometry/Canonical/RelativeModularRecomposition.lean	128	false	projection/support/compression substrate
L1_Projective	projective	def	PolarizedRecompositionData.recomposedCommonCarrierLogDensity	lean/InfoGeometry/Canonical/RelativeModularRecomposition.lean	135	false	projection/support/compression substrate
L1_Projective	projective	def	PolarizedRecompositionData.recomposedCommonCarrierModularPotential	lean/InfoGeometry/Canonical/RelativeModularRecomposition.lean	142	true	projection/support/compression substrate
L1_Projective	projective	def	PolarizedRecompositionData.exactLogRecomposition	lean/InfoGeometry/Canonical/RelativeModularRecomposition.lean	149	true	projection/support/compression substrate
L1_Projective	projective	def	PolarizedRecompositionData.exactPotentialRecomposition	lean/InfoGeometry/Canonical/RelativeModularRecomposition.lean	156	true	projection/support/compression substrate
L4_ModularTransport	transport	theorem	operatorial_scaleShapeSplit	lean/InfoGeometry/Canonical/RelativeModularScaleShapeSplit.lean	47	true	modular/transport/flow substrate
L4_ModularTransport	transport	theorem	mixed_blocks_vanish_of_commute_spectralProjector	lean/InfoGeometry/Canonical/RelativeModularScaleShapeSplit.lean	90	true	modular/transport/flow substrate
L4_ModularTransport	transport	theorem	relativeModular_block_diagonal	lean/InfoGeometry/Canonical/RelativeModularScaleShapeSplit.lean	123	true	modular/transport/flow substrate
L4_ModularTransport	transport	theorem	relativeModular_scaleShapeSplit	lean/InfoGeometry/Canonical/RelativeModularScaleShapeSplit.lean	138	true	modular/transport/flow substrate
L4_ModularTransport	transport	theorem	cp002_cp003_bridge_of_commute	lean/InfoGeometry/Canonical/RelativeModularScaleShapeSplit.lean	181	true	modular/transport/flow substrate
L4_ModularTransport	transport	theorem	operatorial_scaleShapeSplit_with_projectorConsequences	lean/InfoGeometry/Canonical/RelativeModularScaleShapeSplit.lean	200	true	modular/transport/flow substrate
L4_ModularTransport	transport	def	canonicalRelativeModularOperator	lean/InfoGeometry/Canonical/RelativeModularScaleShapeSplit.lean	237	false	modular/transport/flow substrate
L4_ModularTransport	transport	theorem	canonicalRelativeModularOperator_commutes_spectralProjector_of_wedgeCalibrated	lean/InfoGeometry/Canonical/RelativeModularScaleShapeSplit.lean	247	true	modular/transport/flow substrate
L4_ModularTransport	transport	theorem	canonicalRelativeModularOperator_scaleShapeSplit_of_wedgeCalibrated	lean/InfoGeometry/Canonical/RelativeModularScaleShapeSplit.lean	282	true	modular/transport/flow substrate
L2_Operator	operator	def	supportProjector	lean/InfoGeometry/Canonical/RelativeModularSingularization.lean	55	false	operator-algebraic bridge substrate
L2_Operator	operator	def	singularRelativeModularOperator	lean/InfoGeometry/Canonical/RelativeModularSingularization.lean	112	false	operator-algebraic bridge substrate
L2_Operator	operator	def	singularRelativeModularPseudoInverse	lean/InfoGeometry/Canonical/RelativeModularSingularization.lean	122	false	operator-algebraic bridge substrate
L2_Operator	operator	theorem	singularRelativeModularOperator_eq_supportProjector_mul_relativeModularOperator	lean/InfoGeometry/Canonical/RelativeModularSingularization.lean	151	true	operator-algebraic bridge substrate
L2_Operator	operator	theorem	singularRelativeModularOperator_eq_relativeModularOperator_mul_supportProjector	lean/InfoGeometry/Canonical/RelativeModularSingularization.lean	164	true	operator-algebraic bridge substrate
L2_Operator	operator	theorem	singularRelativeModularPseudoInverse_eq_supportProjector_mul_relativeModularOperator	lean/InfoGeometry/Canonical/RelativeModularSingularization.lean	177	true	operator-algebraic bridge substrate
L2_Operator	operator	theorem	singularRelativeModularPseudoInverse_eq_relativeModularOperator_mul_supportProjector	lean/InfoGeometry/Canonical/RelativeModularSingularization.lean	190	true	operator-algebraic bridge substrate
L2_Operator	operator	theorem	singularRelativeModularOperator_mul_pseudoInverse_eq_supportProjector	lean/InfoGeometry/Canonical/RelativeModularSingularization.lean	244	true	operator-algebraic bridge substrate
L2_Operator	operator	theorem	singularRelativeModularPseudoInverse_mul_operator_eq_supportProjector	lean/InfoGeometry/Canonical/RelativeModularSingularization.lean	260	true	operator-algebraic bridge substrate
L2_Operator	operator	theorem	isMoorePenroseInverse_singularRelativeModularOperator	lean/InfoGeometry/Canonical/RelativeModularSingularization.lean	276	true	operator-algebraic bridge substrate
L2_Operator	operator	theorem	isDrazinInverse_singularRelativeModularOperator	lean/InfoGeometry/Canonical/RelativeModularSingularization.lean	307	true	operator-algebraic bridge substrate
L2_Operator	operator	def	relativeModularPseudoVolumeShadow	lean/InfoGeometry/Canonical/RelativeModularSingularization.lean	416	false	operator-algebraic bridge substrate
L2_Operator	operator	def	relativeModularPseudoVolumePotential	lean/InfoGeometry/Canonical/RelativeModularSingularization.lean	446	false	operator-algebraic bridge substrate
L5_ThermodynamicClosure	thermo	theorem	log_relativeModularPseudoVolumeShadow_eq_sum_relativeLogDensity	lean/InfoGeometry/Canonical/RelativeModularSingularization.lean	451	true	thermodynamic/free-energy/closure substrate
L5_ThermodynamicClosure	thermo	theorem	relativeModularPseudoVolumePotential_eq_sum_relativeModularPotential	lean/InfoGeometry/Canonical/RelativeModularSingularization.lean	465	true	thermodynamic/free-energy/closure substrate
L2_Operator	operator	def	relativeModularPseudoBerezinianShadow	lean/InfoGeometry/Canonical/RelativeModularSingularization.lean	491	false	operator-algebraic bridge substrate
L2_Operator	operator	abbrev	relativeModularPseudoSupervolumeShadow	lean/InfoGeometry/Canonical/RelativeModularSingularization.lean	499	false	operator-algebraic bridge substrate
L2_Operator	operator	def	relativeModularPseudoBerezinianPotential	lean/InfoGeometry/Canonical/RelativeModularSingularization.lean	515	false	operator-algebraic bridge substrate
L2_Operator	operator	abbrev	relativeModularPseudoSupervolumePotential	lean/InfoGeometry/Canonical/RelativeModularSingularization.lean	523	false	operator-algebraic bridge substrate
L5_ThermodynamicClosure	thermo	theorem	log_relativeModularPseudoBerezinianShadow_eq_volumeLog_sub_volumeLog	lean/InfoGeometry/Canonical/RelativeModularSingularization.lean	529	true	thermodynamic/free-energy/closure substrate
L5_ThermodynamicClosure	thermo	theorem	relativeModularPseudoBerezinianPotential_eq_volumePotential_sub_volumePotential	lean/InfoGeometry/Canonical/RelativeModularSingularization.lean	542	true	thermodynamic/free-energy/closure substrate
L5_ThermodynamicClosure	thermo	theorem	relativeModularPseudoBerezinianPotential_eq_sum_relativeModularPotential_sub_sum_relativeModularPotential	lean/InfoGeometry/Canonical/RelativeModularSingularization.lean	553	true	thermodynamic/free-energy/closure substrate
L1_Projective	projective	theorem	relativeModularPotential_eq_logDensity_base_sub_logDensity	lean/InfoGeometry/Canonical/RelativePotentialCore.lean	358	true	projection/support/compression substrate
L0_Count	count	def	relativeCountLogDensity	lean/InfoGeometry/Canonical/RelativePotentialCountBridge.lean	44	false	counting/combinatorial substrate
L0_Count	count	def	relativeCountModularProfile	lean/InfoGeometry/Canonical/RelativePotentialCountBridge.lean	50	false	counting/combinatorial substrate
L1_Projective	projective	def	countMassShift	lean/InfoGeometry/Canonical/RelativePotentialCountBridge.lean	289	false	projection/support/compression substrate
L1_Projective	projective	def	countRay	lean/InfoGeometry/Canonical/RelativePotentialCountBridge.lean	391	false	projection/support/compression substrate
L1_Projective	projective	theorem	gaugeSectionFinProb_countRay_apply_toReal	lean/InfoGeometry/Canonical/RelativePotentialCountBridge.lean	406	true	projection/support/compression substrate
L1_Projective	projective	theorem	projectiveCountHamiltonianProfile_eq_relativeModularPotential_countRay	lean/InfoGeometry/Canonical/RelativePotentialCountBridge.lean	586	true	projection/support/compression substrate
L1_Projective	projective	theorem	projectiveLogGenerator_countRay_eq_projectiveCountHamiltonianProfile	lean/InfoGeometry/Canonical/RelativePotentialCountBridge.lean	910	true	projection/support/compression substrate
L2_Operator	operator	theorem	relativeModularPotentialOperator_eq_logDensity_base_sub	lean/InfoGeometry/Canonical/RelativeSurprisalOperatorLift.lean	220	true	operator-algebraic bridge substrate
L2_Operator	operator	theorem	relativeModularOperator_eq_firstQuantize_relativeDensity	lean/InfoGeometry/Canonical/RelativeSurprisalOperatorLift.lean	244	true	operator-algebraic bridge substrate
L2_Operator	operator	theorem	relativeLogDensityOperator_eq_firstQuantize_log_relativeModularOperator_diag	lean/InfoGeometry/Canonical/RelativeSurprisalOperatorLift.lean	270	true	operator-algebraic bridge substrate
L2_Operator	operator	theorem	relativeModularPotentialOperator_eq_firstQuantize_neg_log_relativeModularOperator_diag	lean/InfoGeometry/Canonical/RelativeSurprisalOperatorLift.lean	285	true	operator-algebraic bridge substrate
L2_Operator	operator	theorem	relativeCountModularPotentialOperator_cocycle	lean/InfoGeometry/Canonical/RelativeSurprisalOperatorLift.lean	451	true	operator-algebraic bridge substrate
L1_Projective	projective	theorem	relativeModularHamiltonian_sub_countMassShift_cocycle	lean/InfoGeometry/Canonical/RelativeSurprisalOperatorLift.lean	753	true	projection/support/compression substrate
L2_Operator	operator	structure	ResonatorShadowData	lean/InfoGeometry/Canonical/RiemannResonatorBridge.lean	31	false	operator-algebraic bridge substrate
L2_Operator	operator	def	qVandermondeTensor	lean/InfoGeometry/Canonical/RiemannResonatorBridge.lean	47	false	operator-algebraic bridge substrate
L2_Operator	operator	def	thermalBerryConnectionShadow	lean/InfoGeometry/Canonical/RiemannResonatorBridge.lean	55	false	operator-algebraic bridge substrate
L2_Operator	operator	theorem	thermalBerryConnectionShadow_eq_zero	lean/InfoGeometry/Canonical/RiemannResonatorBridge.lean	60	true	operator-algebraic bridge substrate
L2_Operator	operator	def	thermalHolonomyShadow	lean/InfoGeometry/Canonical/RiemannResonatorBridge.lean	68	true	operator-algebraic bridge substrate
L2_Operator	operator	def	PhaseLocked	lean/InfoGeometry/Canonical/RiemannResonatorBridge.lean	72	true	operator-algebraic bridge substrate
L2_Operator	operator	theorem	thermalHolonomyShadow_eq_id_of_phaseAngle_zero	lean/InfoGeometry/Canonical/RiemannResonatorBridge.lean	77	true	operator-algebraic bridge substrate
L2_Operator	operator	theorem	phase_locked_holonomy_eq_id	lean/InfoGeometry/Canonical/RiemannResonatorBridge.lean	85	true	operator-algebraic bridge substrate
L2_Operator	operator	theorem	resonator_shadow_packet	lean/InfoGeometry/Canonical/RiemannResonatorBridge.lean	94	true	operator-algebraic bridge substrate
L4_ModularTransport	transport	structure	SelfDualRindlerWedge	lean/InfoGeometry/Canonical/RindlerWedgeCartanBridge.lean	55	false	modular/transport/flow substrate
L4_ModularTransport	transport	theorem	left_wedge_mem_iff_right_wedge	lean/InfoGeometry/Canonical/RindlerWedgeCartanBridge.lean	67	true	modular/transport/flow substrate
L4_ModularTransport	transport	theorem	right_wedge_mem_iff_left_wedge	lean/InfoGeometry/Canonical/RindlerWedgeCartanBridge.lean	73	true	modular/transport/flow substrate
L4_ModularTransport	transport	theorem	swapLeftRight_involutive	lean/InfoGeometry/Canonical/RindlerWedgeCartanBridge.lean	79	true	modular/transport/flow substrate
L4_ModularTransport	transport	theorem	modular_flow_at_wedgeParameter	lean/InfoGeometry/Canonical/RindlerWedgeCartanBridge.lean	85	true	modular/transport/flow substrate
L4_ModularTransport	transport	structure	ChiralCartanSplit	lean/InfoGeometry/Canonical/RindlerWedgeCartanBridge.lean	102	false	modular/transport/flow substrate
L3_Krein	krein	theorem	chiral_mul_mem_spectralCompact	lean/InfoGeometry/Canonical/RindlerWedgeCartanBridge.lean	115	true	Krein/doubled-geometry substrate
L3_Krein	krein	theorem	chiral_commutator_mem_spectralCompact	lean/InfoGeometry/Canonical/RindlerWedgeCartanBridge.lean	125	true	Krein/doubled-geometry substrate
L3_Krein	krein	theorem	compact_commutator_with_chiral_mem_chiral	lean/InfoGeometry/Canonical/RindlerWedgeCartanBridge.lean	136	true	Krein/doubled-geometry substrate
L4_ModularTransport	transport	theorem	cartan_split_packet	lean/InfoGeometry/Canonical/RindlerWedgeCartanBridge.lean	150	true	modular/transport/flow substrate
L4_ModularTransport	transport	structure	TwoCopySYKLikeProtocol	lean/InfoGeometry/Canonical/SYKKitaevGuardrails.lean	46	true	modular/transport/flow substrate
L4_ModularTransport	transport	theorem	traversableClaimBand_eq_external_of_noProtocol	lean/InfoGeometry/Canonical/SYKKitaevGuardrails.lean	66	true	modular/transport/flow substrate
L4_ModularTransport	transport	theorem	traversableClaimBand_eq_formalizable_of_protocol	lean/InfoGeometry/Canonical/SYKKitaevGuardrails.lean	75	true	modular/transport/flow substrate
L3_Krein	krein	def	KitaevRepoHypotheses	lean/InfoGeometry/Canonical/SYKKitaevGuardrails.lean	92	true	Krein/doubled-geometry substrate
L3_Krein	krein	theorem	exists_weylBoundarySpinorPair_of_kitaevRepoHypotheses	lean/InfoGeometry/Canonical/SYKKitaevGuardrails.lean	103	true	Krein/doubled-geometry substrate
L3_Krein	krein	theorem	exists_nontrivial_regularization_pair_of_kitaevRepoHypotheses	lean/InfoGeometry/Canonical/SYKKitaevGuardrails.lean	115	true	Krein/doubled-geometry substrate
L5_ThermodynamicClosure	thermo	theorem	fourStep_modular_lane_package	lean/InfoGeometry/Canonical/SYKKitaevGuardrails.lean	149	true	thermodynamic/free-energy/closure substrate
L4_ModularTransport	transport	inductive	ClaimTier	lean/InfoGeometry/Canonical/SYKTwoCopyInterface.lean	31	false	modular/transport/flow substrate
L4_ModularTransport	transport	structure	TaggedClaim	lean/InfoGeometry/Canonical/SYKTwoCopyInterface.lean	39	true	modular/transport/flow substrate
L4_ModularTransport	transport	def	isRepoTheorem	lean/InfoGeometry/Canonical/SYKTwoCopyInterface.lean	47	true	modular/transport/flow substrate
L4_ModularTransport	transport	def	isFormalizableNextOwnerTarget	lean/InfoGeometry/Canonical/SYKTwoCopyInterface.lean	52	true	modular/transport/flow substrate
L4_ModularTransport	transport	def	isExternalInterpretation	lean/InfoGeometry/Canonical/SYKTwoCopyInterface.lean	57	true	modular/transport/flow substrate
L4_ModularTransport	transport	theorem	formalizableNextOwnerTarget_not_repoTheorem	lean/InfoGeometry/Canonical/SYKTwoCopyInterface.lean	62	true	modular/transport/flow substrate
L4_ModularTransport	transport	theorem	externalInterpretation_not_repoTheorem	lean/InfoGeometry/Canonical/SYKTwoCopyInterface.lean	74	true	modular/transport/flow substrate
L2_Operator	operator	structure	TwoCopyCoupledSystem	lean/InfoGeometry/Canonical/SYKTwoCopyInterface.lean	100	false	operator-algebraic bridge substrate
L2_Operator	operator	def	effectiveCrossCoupling	lean/InfoGeometry/Canonical/SYKTwoCopyInterface.lean	112	true	operator-algebraic bridge substrate
L4_ModularTransport	transport	def	traversableWindowOpen	lean/InfoGeometry/Canonical/SYKTwoCopyInterface.lean	117	true	modular/transport/flow substrate
L4_ModularTransport	transport	def	traversableWindowClosed	lean/InfoGeometry/Canonical/SYKTwoCopyInterface.lean	122	true	modular/transport/flow substrate
L4_ModularTransport	transport	theorem	traversableWindowOpen_iff_not_closed	lean/InfoGeometry/Canonical/SYKTwoCopyInterface.lean	127	true	modular/transport/flow substrate
L4_ModularTransport	transport	theorem	traversableWindowOpen_not_closed	lean/InfoGeometry/Canonical/SYKTwoCopyInterface.lean	139	true	modular/transport/flow substrate
L4_ModularTransport	transport	theorem	traversableWindow_side_split	lean/InfoGeometry/Canonical/SYKTwoCopyInterface.lean	147	true	modular/transport/flow substrate
L4_ModularTransport	transport	structure	TFDLikePreparation	lean/InfoGeometry/Canonical/SYKTwoCopyInterface.lean	157	false	modular/transport/flow substrate
L4_ModularTransport	transport	def	traversableProtocolTargetClaim	lean/InfoGeometry/Canonical/SYKTwoCopyInterface.lean	163	false	modular/transport/flow substrate
L4_ModularTransport	transport	theorem	traversableProtocolTargetClaim_not_repo	lean/InfoGeometry/Canonical/SYKTwoCopyInterface.lean	169	true	modular/transport/flow substrate
L4_ModularTransport	transport	def	erEprInterpretationClaim	lean/InfoGeometry/Canonical/SYKTwoCopyInterface.lean	177	false	modular/transport/flow substrate
L4_ModularTransport	transport	theorem	erEprInterpretationClaim_not_repo	lean/InfoGeometry/Canonical/SYKTwoCopyInterface.lean	183	true	modular/transport/flow substrate
L4_ModularTransport	transport	structure	TraversableProtocolWitness	lean/InfoGeometry/Canonical/SYKTwoCopyInterface.lean	194	false	modular/transport/flow substrate
L4_ModularTransport	transport	def	traversableProtocolRepoClaim	lean/InfoGeometry/Canonical/SYKTwoCopyInterface.lean	200	false	modular/transport/flow substrate
L4_ModularTransport	transport	theorem	traversableProtocolRepoClaim_is_repo	lean/InfoGeometry/Canonical/SYKTwoCopyInterface.lean	206	true	modular/transport/flow substrate
L4_ModularTransport	transport	theorem	traversableProtocolRepoClaim_holds	lean/InfoGeometry/Canonical/SYKTwoCopyInterface.lean	213	true	modular/transport/flow substrate
L4_ModularTransport	transport	theorem	topologicalIndexZ2_append_owner	lean/InfoGeometry/Canonical/SYKTwoCopyInterface.lean	229	true	modular/transport/flow substrate
L4_ModularTransport	transport	def	topologicalIndexZ2_append_owner_claim	lean/InfoGeometry/Canonical/SYKTwoCopyInterface.lean	239	false	modular/transport/flow substrate
L4_ModularTransport	transport	theorem	topologicalIndexZ2_append_owner_claim_is_repo	lean/InfoGeometry/Canonical/SYKTwoCopyInterface.lean	250	true	modular/transport/flow substrate
L4_ModularTransport	transport	theorem	topologicalIndexZ2_append_owner_claim_holds	lean/InfoGeometry/Canonical/SYKTwoCopyInterface.lean	256	true	modular/transport/flow substrate
L4_ModularTransport	transport	theorem	connesCocycle_state_chain_owner	lean/InfoGeometry/Canonical/SYKTwoCopyInterface.lean	271	true	modular/transport/flow substrate
L4_ModularTransport	transport	def	connesCocycle_state_chain_owner_claim	lean/InfoGeometry/Canonical/SYKTwoCopyInterface.lean	281	false	modular/transport/flow substrate
L4_ModularTransport	transport	theorem	connesCocycle_state_chain_owner_claim_is_repo	lean/InfoGeometry/Canonical/SYKTwoCopyInterface.lean	292	true	modular/transport/flow substrate
L4_ModularTransport	transport	theorem	connesCocycle_state_chain_owner_claim_holds	lean/InfoGeometry/Canonical/SYKTwoCopyInterface.lean	298	true	modular/transport/flow substrate
L2_Operator	operator	structure	SignedContribution	lean/InfoGeometry/Canonical/SignedParticleBridge.lean	32	true	operator-algebraic bridge substrate
L2_Operator	operator	def	SignedContribution.isPositive	lean/InfoGeometry/Canonical/SignedParticleBridge.lean	37	true	operator-algebraic bridge substrate
L2_Operator	operator	def	SignedContribution.isNegative	lean/InfoGeometry/Canonical/SignedParticleBridge.lean	42	true	operator-algebraic bridge substrate
L2_Operator	operator	structure	SignedParticleShadow	lean/InfoGeometry/Canonical/SignedParticleBridge.lean	51	true	operator-algebraic bridge substrate
L2_Operator	operator	def	annihilationShadow	lean/InfoGeometry/Canonical/SignedParticleBridge.lean	58	true	operator-algebraic bridge substrate
L2_Operator	operator	def	classicalShadowOnRegularCore	lean/InfoGeometry/Canonical/SignedParticleBridge.lean	66	true	operator-algebraic bridge substrate
L2_Operator	operator	def	nonclassicalShadow	lean/InfoGeometry/Canonical/SignedParticleBridge.lean	75	false	operator-algebraic bridge substrate
L3_Krein	krein	theorem	adjoint_comp_self_isPositive	lean/InfoGeometry/Canonical/Singular.lean	59	true	Krein/doubled-geometry substrate
L3_Krein	krein	theorem	star_mul_self_isPositive	lean/InfoGeometry/Canonical/Singular.lean	65	true	Krein/doubled-geometry substrate
L3_Krein	krein	theorem	mul_star_self_isPositive	lean/InfoGeometry/Canonical/Singular.lean	72	true	Krein/doubled-geometry substrate
L4_ModularTransport	transport	theorem	global_active_apex_decomposition	lean/InfoGeometry/Canonical/SingularDecompositionSurrogate.lean	41	true	modular/transport/flow substrate
L3_Krein	krein	theorem	chiral_range_domain_decomposition	lean/InfoGeometry/Canonical/SingularDecompositionSurrogate.lean	59	true	Krein/doubled-geometry substrate
L3_Krein	krein	theorem	singular_polar_surrogate_closure	lean/InfoGeometry/Canonical/SingularDecompositionSurrogate.lean	71	true	Krein/doubled-geometry substrate
L4_ModularTransport	transport	theorem	defect_supported_projector_relations	lean/InfoGeometry/Canonical/SingularDecompositionSurrogate.lean	85	true	modular/transport/flow substrate
L4_ModularTransport	transport	theorem	spectral_dilation_anomaly_relations	lean/InfoGeometry/Canonical/SingularDecompositionSurrogate.lean	120	true	modular/transport/flow substrate
L4_ModularTransport	transport	theorem	supercharge_commutator_relation	lean/InfoGeometry/Canonical/SingularDecompositionSurrogate.lean	145	true	modular/transport/flow substrate
L4_ModularTransport	transport	theorem	supercharge_odd_relation	lean/InfoGeometry/Canonical/SingularDecompositionSurrogate.lean	158	true	modular/transport/flow substrate
L4_ModularTransport	transport	theorem	supercharge_double_grading_conjugation_relation	lean/InfoGeometry/Canonical/SingularDecompositionSurrogate.lean	176	true	modular/transport/flow substrate
L3_Krein	krein	theorem	superHamiltonian_even_relation	lean/InfoGeometry/Canonical/SingularDecompositionSurrogate.lean	192	true	Krein/doubled-geometry substrate
L3_Krein	krein	theorem	superHamiltonian_canonical_split_exists	lean/InfoGeometry/Canonical/SingularDecompositionSurrogate.lean	207	true	Krein/doubled-geometry substrate
L4_ModularTransport	transport	theorem	drazin_singular_closure_packet	lean/InfoGeometry/Canonical/SingularDecompositionSurrogate.lean	224	true	modular/transport/flow substrate
L4_ModularTransport	transport	theorem	relativeModular_scaleShapeSplit_bridge_of_commute	lean/InfoGeometry/Canonical/SingularDecompositionSurrogate.lean	296	true	modular/transport/flow substrate
L4_ModularTransport	transport	theorem	singular_decomposition_surrogate_package_of_commute	lean/InfoGeometry/Canonical/SingularDecompositionSurrogate.lean	314	true	modular/transport/flow substrate
L4_ModularTransport	transport	theorem	cp003_singular_polar_kan_package_of_commute	lean/InfoGeometry/Canonical/SingularDecompositionSurrogate.lean	349	true	modular/transport/flow substrate
L4_ModularTransport	transport	theorem	singular_decomposition_surrogate_commutator_of_commute	lean/InfoGeometry/Canonical/SingularDecompositionSurrogate.lean	373	true	modular/transport/flow substrate
L4_ModularTransport	transport	theorem	canonicalRelativeModularOperator_singular_surrogate_package_of_wedgeCalibrated	lean/InfoGeometry/Canonical/SingularDecompositionSurrogate.lean	390	true	modular/transport/flow substrate
L4_ModularTransport	transport	theorem	canonicalRelativeModularOperator_mixed_blocks_zero_of_wedgeCalibrated	lean/InfoGeometry/Canonical/SingularDecompositionSurrogate.lean	427	true	modular/transport/flow substrate
L4_ModularTransport	transport	theorem	canonicalRelativeModularOperator_block_support_of_wedgeCalibrated	lean/InfoGeometry/Canonical/SingularDecompositionSurrogate.lean	464	true	modular/transport/flow substrate
L4_ModularTransport	transport	theorem	canonicalRelativeModularOperator_activeApex_stability_of_wedgeCalibrated	lean/InfoGeometry/Canonical/SingularDecompositionSurrogate.lean	574	true	modular/transport/flow substrate
L4_ModularTransport	transport	theorem	canonicalRelativeModularOperator_full_block_package_of_wedgeCalibrated	lean/InfoGeometry/Canonical/SingularDecompositionSurrogate.lean	625	true	modular/transport/flow substrate
L4_ModularTransport	transport	theorem	rowNormalization_is_leftWeylGauge	lean/InfoGeometry/Canonical/SinkhornGaugeThermodynamicsBridge.lean	37	true	modular/transport/flow substrate
L4_ModularTransport	transport	theorem	colNormalization_is_rightWeylGauge	lean/InfoGeometry/Canonical/SinkhornGaugeThermodynamicsBridge.lean	48	true	modular/transport/flow substrate
L4_ModularTransport	transport	theorem	sinkhornTwoStep_is_twoSidedWeylGauge	lean/InfoGeometry/Canonical/SinkhornGaugeThermodynamicsBridge.lean	59	true	modular/transport/flow substrate
L4_ModularTransport	transport	theorem	phaseRNBarrier_thermodynamicForce_nonneg	lean/InfoGeometry/Canonical/SinkhornGaugeThermodynamicsBridge.lean	74	true	modular/transport/flow substrate
L4_ModularTransport	transport	theorem	sinkhornStep_RNForce_monotone	lean/InfoGeometry/Canonical/SinkhornGaugeThermodynamicsBridge.lean	84	true	modular/transport/flow substrate
L4_ModularTransport	transport	theorem	sinkhornStep_postRNForce_eq_zero	lean/InfoGeometry/Canonical/SinkhornGaugeThermodynamicsBridge.lean	96	true	modular/transport/flow substrate
L4_ModularTransport	transport	theorem	trajectoryRNForce_monotone	lean/InfoGeometry/Canonical/SinkhornGaugeThermodynamicsBridge.lean	107	true	modular/transport/flow substrate
L4_ModularTransport	transport	theorem	sinkhornGaugeBudget_controls_approxKMS	lean/InfoGeometry/Canonical/SinkhornGaugeThermodynamicsBridge.lean	125	true	modular/transport/flow substrate
L4_ModularTransport	transport	theorem	sinkhornGaugeBudget_zero_forces_KMSClosure	lean/InfoGeometry/Canonical/SinkhornGaugeThermodynamicsBridge.lean	139	true	modular/transport/flow substrate
L4_ModularTransport	transport	structure	InfiniteCoadjointOrbitMetriplecticContext	lean/InfoGeometry/Canonical/SouriauCoadjointOrbitMetriplecticTheorem.lean	41	false	modular/transport/flow substrate
L4_ModularTransport	transport	def	ofMomentImage	lean/InfoGeometry/Canonical/SouriauCoadjointOrbitMetriplecticTheorem.lean	99	false	modular/transport/flow substrate
L4_ModularTransport	transport	def	ofMomentImageSquareDissipation	lean/InfoGeometry/Canonical/SouriauCoadjointOrbitMetriplecticTheorem.lean	142	false	modular/transport/flow substrate
L4_ModularTransport	transport	theorem	reversibleEntropyRate_eq_zero	lean/InfoGeometry/Canonical/SouriauCoadjointOrbitMetriplecticTheorem.lean	186	true	modular/transport/flow substrate
L4_ModularTransport	transport	theorem	metricEntropyRate_eq_square	lean/InfoGeometry/Canonical/SouriauCoadjointOrbitMetriplecticTheorem.lean	193	true	modular/transport/flow substrate
L4_ModularTransport	transport	theorem	totalEntropyRate_eq_square	lean/InfoGeometry/Canonical/SouriauCoadjointOrbitMetriplecticTheorem.lean	200	true	modular/transport/flow substrate
L4_ModularTransport	transport	theorem	totalEntropyRate_nonnegative	lean/InfoGeometry/Canonical/SouriauCoadjointOrbitMetriplecticTheorem.lean	207	true	modular/transport/flow substrate
L4_ModularTransport	transport	theorem	full_square_dissipation_metriplectic_theorem	lean/InfoGeometry/Canonical/SouriauCoadjointOrbitMetriplecticTheorem.lean	227	true	modular/transport/flow substrate
L4_ModularTransport	transport	theorem	casimir_leaf_transverse_onsager_square_packet	lean/InfoGeometry/Canonical/SouriauCoadjointOrbitMetriplecticTheorem.lean	281	true	modular/transport/flow substrate
L4_ModularTransport	transport	theorem	moment_lands_on_coadjoint_orbit	lean/InfoGeometry/Canonical/SouriauCoadjointOrbitMetriplecticTheorem.lean	327	true	modular/transport/flow substrate
L4_ModularTransport	transport	theorem	reversible_flow_closes_on_coadjoint_orbit	lean/InfoGeometry/Canonical/SouriauCoadjointOrbitMetriplecticTheorem.lean	334	true	modular/transport/flow substrate
L4_ModularTransport	transport	theorem	metric_flow_closes_on_coadjoint_orbit	lean/InfoGeometry/Canonical/SouriauCoadjointOrbitMetriplecticTheorem.lean	341	true	modular/transport/flow substrate
L4_ModularTransport	transport	theorem	reversibleEntropyRate_eq_zero	lean/InfoGeometry/Canonical/SouriauCoadjointOrbitMetriplecticTheorem.lean	348	true	modular/transport/flow substrate
L4_ModularTransport	transport	theorem	metricEntropyRate_nonnegative	lean/InfoGeometry/Canonical/SouriauCoadjointOrbitMetriplecticTheorem.lean	355	true	modular/transport/flow substrate
L4_ModularTransport	transport	theorem	totalEntropyRate_eq_metricEntropyRate	lean/InfoGeometry/Canonical/SouriauCoadjointOrbitMetriplecticTheorem.lean	362	true	modular/transport/flow substrate
L4_ModularTransport	transport	theorem	coadjoint_orbit_metriplectic_second_law	lean/InfoGeometry/Canonical/SouriauCoadjointOrbitMetriplecticTheorem.lean	377	true	modular/transport/flow substrate
L4_ModularTransport	transport	theorem	full_coadjoint_orbit_metriplectic_theorem	lean/InfoGeometry/Canonical/SouriauCoadjointOrbitMetriplecticTheorem.lean	388	true	modular/transport/flow substrate
L4_ModularTransport	transport	theorem	ofMomentImage_full_coadjoint_orbit_metriplectic_theorem	lean/InfoGeometry/Canonical/SouriauCoadjointOrbitMetriplecticTheorem.lean	416	true	modular/transport/flow substrate
L4_ModularTransport	transport	structure	InfiniteCoadjointOrbitHessianContext	lean/InfoGeometry/Canonical/SouriauCoadjointOrbitMetriplecticTheorem.lean	463	false	modular/transport/flow substrate
L4_ModularTransport	transport	def	ofLogPartitionAndFisherCovariance	lean/InfoGeometry/Canonical/SouriauCoadjointOrbitMetriplecticTheorem.lean	551	false	modular/transport/flow substrate
L4_ModularTransport	transport	def	ofLogPartitionGramFisher	lean/InfoGeometry/Canonical/SouriauCoadjointOrbitMetriplecticTheorem.lean	622	false	modular/transport/flow substrate
L4_ModularTransport	transport	theorem	full_gram_fisher_constructive_theorem	lean/InfoGeometry/Canonical/SouriauCoadjointOrbitMetriplecticTheorem.lean	678	true	modular/transport/flow substrate
L4_ModularTransport	transport	structure	GibbsSouriauGramAnalyticWitness	lean/InfoGeometry/Canonical/SouriauCoadjointOrbitMetriplecticTheorem.lean	748	false	modular/transport/flow substrate
L4_ModularTransport	transport	def	toLegendreContinuousLinearEquivInverseData	lean/InfoGeometry/Canonical/SouriauCoadjointOrbitMetriplecticTheorem.lean	818	false	modular/transport/flow substrate
L4_ModularTransport	transport	theorem	integral_covariance_gram_legendre_packet	lean/InfoGeometry/Canonical/SouriauCoadjointOrbitMetriplecticTheorem.lean	836	true	modular/transport/flow substrate
L5_ThermodynamicClosure	thermo	def	ofSmoothLegendreReadout	lean/InfoGeometry/Canonical/SouriauCoadjointOrbitMetriplecticTheorem.lean	870	false	thermodynamic/free-energy/closure substrate
L5_ThermodynamicClosure	thermo	theorem	full_smooth_legendre_constructive_theorem	lean/InfoGeometry/Canonical/SouriauCoadjointOrbitMetriplecticTheorem.lean	923	true	thermodynamic/free-energy/closure substrate
L5_ThermodynamicClosure	thermo	def	ofSmoothLegendreGramReadout	lean/InfoGeometry/Canonical/SouriauCoadjointOrbitMetriplecticTheorem.lean	980	false	thermodynamic/free-energy/closure substrate
L5_ThermodynamicClosure	thermo	theorem	full_smooth_legendre_gram_constructive_theorem	lean/InfoGeometry/Canonical/SouriauCoadjointOrbitMetriplecticTheorem.lean	1022	true	thermodynamic/free-energy/closure substrate
L5_ThermodynamicClosure	thermo	structure	SmoothLegendreGramOwner	lean/InfoGeometry/Canonical/SouriauCoadjointOrbitMetriplecticTheorem.lean	1075	false	thermodynamic/free-energy/closure substrate
L5_ThermodynamicClosure	thermo	def	toInfiniteCoadjointOrbitHessianContext	lean/InfoGeometry/Canonical/SouriauCoadjointOrbitMetriplecticTheorem.lean	1090	false	thermodynamic/free-energy/closure substrate
L5_ThermodynamicClosure	thermo	theorem	constructive_packet	lean/InfoGeometry/Canonical/SouriauCoadjointOrbitMetriplecticTheorem.lean	1104	true	thermodynamic/free-energy/closure substrate
L5_ThermodynamicClosure	thermo	structure	LogPartitionFisherCovarianceOwner	lean/InfoGeometry/Canonical/SouriauCoadjointOrbitMetriplecticTheorem.lean	1113	false	thermodynamic/free-energy/closure substrate
L5_ThermodynamicClosure	thermo	def	toInfiniteCoadjointOrbitHessianContext	lean/InfoGeometry/Canonical/SouriauCoadjointOrbitMetriplecticTheorem.lean	1131	false	thermodynamic/free-energy/closure substrate
L5_ThermodynamicClosure	thermo	theorem	massieu_log_partition_packet	lean/InfoGeometry/Canonical/SouriauCoadjointOrbitMetriplecticTheorem.lean	1137	true	thermodynamic/free-energy/closure substrate
L5_ThermodynamicClosure	thermo	theorem	fisher_covariance_packet	lean/InfoGeometry/Canonical/SouriauCoadjointOrbitMetriplecticTheorem.lean	1144	true	thermodynamic/free-energy/closure substrate
L5_ThermodynamicClosure	thermo	theorem	constructive_packet	lean/InfoGeometry/Canonical/SouriauCoadjointOrbitMetriplecticTheorem.lean	1151	true	thermodynamic/free-energy/closure substrate
L4_ModularTransport	transport	theorem	massieu_eq_log_partition_at	lean/InfoGeometry/Canonical/SouriauCoadjointOrbitMetriplecticTheorem.lean	1170	true	modular/transport/flow substrate
L4_ModularTransport	transport	theorem	fisher_hessian_eq_covariance	lean/InfoGeometry/Canonical/SouriauCoadjointOrbitMetriplecticTheorem.lean	1177	true	modular/transport/flow substrate
L4_ModularTransport	transport	theorem	fisher_hessian_symmetric	lean/InfoGeometry/Canonical/SouriauCoadjointOrbitMetriplecticTheorem.lean	1184	true	modular/transport/flow substrate
L4_ModularTransport	transport	theorem	fisher_hessian_nonnegative	lean/InfoGeometry/Canonical/SouriauCoadjointOrbitMetriplecticTheorem.lean	1191	true	modular/transport/flow substrate
L4_ModularTransport	transport	theorem	fisher_hessian_positive_of_nonzero	lean/InfoGeometry/Canonical/SouriauCoadjointOrbitMetriplecticTheorem.lean	1198	true	modular/transport/flow substrate
L4_ModularTransport	transport	theorem	entropy_hessian_eq_inverse_fisher_at	lean/InfoGeometry/Canonical/SouriauCoadjointOrbitMetriplecticTheorem.lean	1206	true	modular/transport/flow substrate
L4_ModularTransport	transport	theorem	full_infinite_dimensional_coadjoint_orbit_hessian_theorem	lean/InfoGeometry/Canonical/SouriauCoadjointOrbitMetriplecticTheorem.lean	1221	true	modular/transport/flow substrate
L4_ModularTransport	transport	theorem	full_infinite_dimensional_coadjoint_orbit_hessian_strict_fisher	lean/InfoGeometry/Canonical/SouriauCoadjointOrbitMetriplecticTheorem.lean	1252	true	modular/transport/flow substrate
L4_ModularTransport	transport	theorem	full_infinite_dimensional_coadjoint_orbit_strict_hessian_theorem	lean/InfoGeometry/Canonical/SouriauCoadjointOrbitMetriplecticTheorem.lean	1268	true	modular/transport/flow substrate
L5_ThermodynamicClosure	thermo	structure	SmoothLegendreInverseWitness	lean/InfoGeometry/Canonical/SouriauCoadjointOrbitMetriplecticTheorem.lean	1318	false	thermodynamic/free-energy/closure substrate
L5_ThermodynamicClosure	thermo	theorem	two_sided_inverse_laws	lean/InfoGeometry/Canonical/SouriauCoadjointOrbitMetriplecticTheorem.lean	1354	true	thermodynamic/free-energy/closure substrate
L5_ThermodynamicClosure	thermo	theorem	legendre_entropy_hessian_eq_inverse_fisher_at	lean/InfoGeometry/Canonical/SouriauCoadjointOrbitMetriplecticTheorem.lean	1367	true	thermodynamic/free-energy/closure substrate
L5_ThermodynamicClosure	thermo	theorem	souriau_inverse_fisher_from_smooth_legendre_packet	lean/InfoGeometry/Canonical/SouriauCoadjointOrbitMetriplecticTheorem.lean	1380	true	thermodynamic/free-energy/closure substrate
L4_ModularTransport	transport	structure	InfiniteCoadjointOrbitHessianMetriplecticContext	lean/InfoGeometry/Canonical/SouriauCoadjointOrbitMetriplecticTheorem.lean	1403	false	modular/transport/flow substrate
L5_ThermodynamicClosure	thermo	def	ofSmoothLegendreSquareDissipation	lean/InfoGeometry/Canonical/SouriauCoadjointOrbitMetriplecticTheorem.lean	1432	false	thermodynamic/free-energy/closure substrate
L5_ThermodynamicClosure	thermo	def	ofSmoothLegendreGramSquareDissipation	lean/InfoGeometry/Canonical/SouriauCoadjointOrbitMetriplecticTheorem.lean	1475	false	thermodynamic/free-energy/closure substrate
L5_ThermodynamicClosure	thermo	def	ofContinuousLinearEquivLegendreGramSquareDissipation	lean/InfoGeometry/Canonical/SouriauCoadjointOrbitMetriplecticTheorem.lean	1512	false	thermodynamic/free-energy/closure substrate
L4_ModularTransport	transport	theorem	full_infinite_dimensional_coadjoint_orbit_hessian_metriplectic_theorem	lean/InfoGeometry/Canonical/SouriauCoadjointOrbitMetriplecticTheorem.lean	1553	true	modular/transport/flow substrate
L4_ModularTransport	transport	theorem	full_infinite_dimensional_coadjoint_orbit_strict_hessian_metriplectic_theorem	lean/InfoGeometry/Canonical/SouriauCoadjointOrbitMetriplecticTheorem.lean	1592	true	modular/transport/flow substrate
L5_ThermodynamicClosure	thermo	theorem	full_smooth_legendre_square_dissipation_constructive_theorem	lean/InfoGeometry/Canonical/SouriauCoadjointOrbitMetriplecticTheorem.lean	1639	true	thermodynamic/free-energy/closure substrate
L5_ThermodynamicClosure	thermo	theorem	full_smooth_legendre_gram_square_dissipation_constructive_theorem	lean/InfoGeometry/Canonical/SouriauCoadjointOrbitMetriplecticTheorem.lean	1700	true	thermodynamic/free-energy/closure substrate
L5_ThermodynamicClosure	thermo	theorem	full_smooth_legendre_gram_square_dissipation_inverse_laws_theorem	lean/InfoGeometry/Canonical/SouriauCoadjointOrbitMetriplecticTheorem.lean	1777	true	thermodynamic/free-energy/closure substrate
L5_ThermodynamicClosure	thermo	theorem	full_cle_legendre_gram_square_dissipation_constructive_theorem	lean/InfoGeometry/Canonical/SouriauCoadjointOrbitMetriplecticTheorem.lean	1861	true	thermodynamic/free-energy/closure substrate
L5_ThermodynamicClosure	thermo	theorem	fisher_onsager_metriplectic_constructive_proof_packet	lean/InfoGeometry/Canonical/SouriauCoadjointOrbitMetriplecticTheorem.lean	1938	true	thermodynamic/free-energy/closure substrate
L5_ThermodynamicClosure	thermo	theorem	gibbs_souriau_integral_covariance_to_metriplectic_packet	lean/InfoGeometry/Canonical/SouriauCoadjointOrbitMetriplecticTheorem.lean	2023	true	thermodynamic/free-energy/closure substrate
L4_ModularTransport	transport	theorem	operatorial_metric_gate_from_psd	lean/InfoGeometry/Canonical/SouriauCoadjointOrbitMetriplecticTheorem.lean	2108	true	modular/transport/flow substrate
L4_ModularTransport	transport	theorem	operatorial_metric_gate_from_regular_cone	lean/InfoGeometry/Canonical/SouriauCoadjointOrbitMetriplecticTheorem.lean	2123	true	modular/transport/flow substrate
L4_ModularTransport	transport	theorem	operatorial_metric_gate_from_square_response	lean/InfoGeometry/Canonical/SouriauCoadjointOrbitMetriplecticTheorem.lean	2139	true	modular/transport/flow substrate
L5_ThermodynamicClosure	thermo	def	finiteWeightPairing	lean/InfoGeometry/Canonical/SouriauConformalKKTContext.lean	81	false	thermodynamic/free-energy/closure substrate
L5_ThermodynamicClosure	thermo	def	finiteUnnormalizedDensity	lean/InfoGeometry/Canonical/SouriauConformalKKTContext.lean	88	false	thermodynamic/free-energy/closure substrate
L5_ThermodynamicClosure	thermo	def	finitePartition	lean/InfoGeometry/Canonical/SouriauConformalKKTContext.lean	96	false	thermodynamic/free-energy/closure substrate
L5_ThermodynamicClosure	thermo	def	finiteMassieu	lean/InfoGeometry/Canonical/SouriauConformalKKTContext.lean	103	false	thermodynamic/free-energy/closure substrate
L5_ThermodynamicClosure	thermo	def	IsFiniteAdmissible	lean/InfoGeometry/Canonical/SouriauConformalKKTContext.lean	112	true	thermodynamic/free-energy/closure substrate
L5_ThermodynamicClosure	thermo	theorem	finiteUnnormalizedDensity_eq_souriauUnnormalizedDensity	lean/InfoGeometry/Canonical/SouriauConformalKKTContext.lean	118	true	thermodynamic/free-energy/closure substrate
L5_ThermodynamicClosure	thermo	theorem	finitePartition_eq_souriauPartition	lean/InfoGeometry/Canonical/SouriauConformalKKTContext.lean	126	true	thermodynamic/free-energy/closure substrate
L5_ThermodynamicClosure	thermo	theorem	finiteAdmissible	lean/InfoGeometry/Canonical/SouriauConformalKKTContext.lean	133	true	thermodynamic/free-energy/closure substrate
L5_ThermodynamicClosure	thermo	theorem	finiteMassieu_eq_souriauMassieuPotential	lean/InfoGeometry/Canonical/SouriauConformalKKTContext.lean	141	true	thermodynamic/free-energy/closure substrate
L4_ModularTransport	transport	structure	ConformalGibbsSouriauOperatorContext	lean/InfoGeometry/Canonical/SouriauConformalKKTContext.lean	216	false	modular/transport/flow substrate
L4_ModularTransport	transport	def	PGenerator	lean/InfoGeometry/Canonical/SouriauConformalKKTContext.lean	233	false	modular/transport/flow substrate
L4_ModularTransport	transport	def	DGenerator	lean/InfoGeometry/Canonical/SouriauConformalKKTContext.lean	238	false	modular/transport/flow substrate
L4_ModularTransport	transport	def	KGenerator	lean/InfoGeometry/Canonical/SouriauConformalKKTContext.lean	243	false	modular/transport/flow substrate
L4_ModularTransport	transport	def	conformalGeometricTemperature	lean/InfoGeometry/Canonical/SouriauConformalKKTContext.lean	254	true	modular/transport/flow substrate
L4_ModularTransport	transport	def	IsConeAdmissible	lean/InfoGeometry/Canonical/SouriauConformalKKTContext.lean	262	true	modular/transport/flow substrate
L4_ModularTransport	transport	def	operatorPartition	lean/InfoGeometry/Canonical/SouriauConformalKKTContext.lean	271	false	modular/transport/flow substrate
L4_ModularTransport	transport	def	operatorWeylCharacter	lean/InfoGeometry/Canonical/SouriauConformalKKTContext.lean	282	false	modular/transport/flow substrate
L4_ModularTransport	transport	def	operatorMassieu	lean/InfoGeometry/Canonical/SouriauConformalKKTContext.lean	287	true	modular/transport/flow substrate
L4_ModularTransport	transport	def	IsOperatorAdmissible	lean/InfoGeometry/Canonical/SouriauConformalKKTContext.lean	292	true	modular/transport/flow substrate
L4_ModularTransport	transport	theorem	operatorPartition_eq_readout_exp_neg_temperature	lean/InfoGeometry/Canonical/SouriauConformalKKTContext.lean	298	true	modular/transport/flow substrate
L4_ModularTransport	transport	theorem	operatorPartition_eq_operatorWeylCharacter	lean/InfoGeometry/Canonical/SouriauConformalKKTContext.lean	311	true	modular/transport/flow substrate
L4_ModularTransport	transport	theorem	operatorMassieu_eq_log_partition	lean/InfoGeometry/Canonical/SouriauConformalKKTContext.lean	319	true	modular/transport/flow substrate
L4_ModularTransport	transport	def	operatorMeanMoment	lean/InfoGeometry/Canonical/SouriauConformalKKTContext.lean	325	false	modular/transport/flow substrate
L4_ModularTransport	transport	theorem	operatorMeanMoment_eq_readout_temperature	lean/InfoGeometry/Canonical/SouriauConformalKKTContext.lean	331	true	modular/transport/flow substrate
L4_ModularTransport	transport	def	operatorMomentPairing	lean/InfoGeometry/Canonical/SouriauConformalKKTContext.lean	337	false	modular/transport/flow substrate
L4_ModularTransport	transport	def	operatorConformalResponse	lean/InfoGeometry/Canonical/SouriauConformalKKTContext.lean	345	false	modular/transport/flow substrate
L4_ModularTransport	transport	theorem	operatorConformalResponse_swap	lean/InfoGeometry/Canonical/SouriauConformalKKTContext.lean	351	true	modular/transport/flow substrate
L4_ModularTransport	transport	def	SatisfiesOperatorTKKMasterRelation	lean/InfoGeometry/Canonical/SouriauConformalKKTContext.lean	358	true	modular/transport/flow substrate
L4_ModularTransport	transport	theorem	conformalTemperature_eq_components	lean/InfoGeometry/Canonical/SouriauConformalKKTContext.lean	368	true	modular/transport/flow substrate
L4_ModularTransport	transport	structure	OperatorialWeylSupercharacterContext	lean/InfoGeometry/Canonical/SouriauConformalKKTContext.lean	390	false	modular/transport/flow substrate
L4_ModularTransport	transport	def	ofFermionicCorrection	lean/InfoGeometry/Canonical/SouriauConformalKKTContext.lean	412	false	modular/transport/flow substrate
L4_ModularTransport	transport	def	ofPureBosonicReadout	lean/InfoGeometry/Canonical/SouriauConformalKKTContext.lean	428	false	modular/transport/flow substrate
L4_ModularTransport	transport	def	bosonicCharacter	lean/InfoGeometry/Canonical/SouriauConformalKKTContext.lean	435	false	modular/transport/flow substrate
L4_ModularTransport	transport	def	fermionicCharacter	lean/InfoGeometry/Canonical/SouriauConformalKKTContext.lean	440	false	modular/transport/flow substrate
L4_ModularTransport	transport	def	operatorSupercharacter	lean/InfoGeometry/Canonical/SouriauConformalKKTContext.lean	445	false	modular/transport/flow substrate
L4_ModularTransport	transport	theorem	operatorPartition_eq_operatorSupercharacter	lean/InfoGeometry/Canonical/SouriauConformalKKTContext.lean	459	true	modular/transport/flow substrate
L4_ModularTransport	transport	theorem	operatorMassieu_eq_log_operatorSupercharacter	lean/InfoGeometry/Canonical/SouriauConformalKKTContext.lean	468	true	modular/transport/flow substrate
L4_ModularTransport	transport	theorem	operatorPartition_eq_operatorSupercharacter_ofFermionicCorrection	lean/InfoGeometry/Canonical/SouriauConformalKKTContext.lean	479	true	modular/transport/flow substrate
L4_ModularTransport	transport	theorem	operatorMassieu_eq_log_operatorSupercharacter_ofFermionicCorrection	lean/InfoGeometry/Canonical/SouriauConformalKKTContext.lean	493	true	modular/transport/flow substrate
L4_ModularTransport	transport	theorem	operatorPartition_eq_operatorSupercharacter_ofPureBosonicReadout	lean/InfoGeometry/Canonical/SouriauConformalKKTContext.lean	507	true	modular/transport/flow substrate
L4_ModularTransport	transport	theorem	operatorMassieu_eq_log_operatorSupercharacter_ofPureBosonicReadout	lean/InfoGeometry/Canonical/SouriauConformalKKTContext.lean	519	true	modular/transport/flow substrate
L4_ModularTransport	transport	structure	SelfDualChiralLightConeCertificate	lean/InfoGeometry/Canonical/SouriauConformalKKTContext.lean	543	false	modular/transport/flow substrate
L4_ModularTransport	transport	theorem	uPlus_mem_chiralCone	lean/InfoGeometry/Canonical/SouriauConformalKKTContext.lean	558	true	modular/transport/flow substrate
L4_ModularTransport	transport	theorem	uMinus_mem_chiralCone	lean/InfoGeometry/Canonical/SouriauConformalKKTContext.lean	572	true	modular/transport/flow substrate
L4_ModularTransport	transport	theorem	spectralCommutator_mem_spectralCompact	lean/InfoGeometry/Canonical/SouriauConformalKKTContext.lean	589	true	modular/transport/flow substrate
L4_ModularTransport	transport	theorem	circularCommutator_isGZero	lean/InfoGeometry/Canonical/SouriauConformalKKTContext.lean	626	true	modular/transport/flow substrate
L4_ModularTransport	transport	structure	ConformalPositivePartitionWitness	lean/InfoGeometry/Canonical/SouriauConformalKKTContext.lean	643	false	modular/transport/flow substrate
L4_ModularTransport	transport	theorem	operatorPartition_pos	lean/InfoGeometry/Canonical/SouriauConformalKKTContext.lean	663	true	modular/transport/flow substrate
L4_ModularTransport	transport	structure	ConformalCartanOddPartitionWitness	lean/InfoGeometry/Canonical/SouriauConformalKKTContext.lean	681	false	modular/transport/flow substrate
L4_ModularTransport	transport	theorem	partitionFloor_pos	lean/InfoGeometry/Canonical/SouriauConformalKKTContext.lean	703	true	modular/transport/flow substrate
L4_ModularTransport	transport	def	toPositivePartitionWitness	lean/InfoGeometry/Canonical/SouriauConformalKKTContext.lean	713	false	modular/transport/flow substrate
L4_ModularTransport	transport	theorem	operatorPartition_pos	lean/InfoGeometry/Canonical/SouriauConformalKKTContext.lean	728	true	modular/transport/flow substrate
L4_ModularTransport	transport	theorem	operatorAdmissible_of_cartanOddPartition	lean/InfoGeometry/Canonical/SouriauConformalKKTContext.lean	742	true	modular/transport/flow substrate
L4_ModularTransport	transport	structure	ConformalWeylTKKKKTJordanLieContext	lean/InfoGeometry/Canonical/SouriauConformalKKTContext.lean	768	false	modular/transport/flow substrate
L4_ModularTransport	transport	structure	ConformalOperatorAdmissibilityWitness	lean/InfoGeometry/Canonical/SouriauConformalKKTContext.lean	789	false	modular/transport/flow substrate
L4_ModularTransport	transport	theorem	operatorAdmissible	lean/InfoGeometry/Canonical/SouriauConformalKKTContext.lean	811	true	modular/transport/flow substrate
L4_ModularTransport	transport	def	toClosureContext	lean/InfoGeometry/Canonical/SouriauConformalKKTContext.lean	822	false	modular/transport/flow substrate
L4_ModularTransport	transport	def	toOperatorAdmissibilityWitness	lean/InfoGeometry/Canonical/SouriauConformalKKTContext.lean	844	false	modular/transport/flow substrate
L4_ModularTransport	transport	def	toClosureContext	lean/InfoGeometry/Canonical/SouriauConformalKKTContext.lean	866	false	modular/transport/flow substrate
L4_ModularTransport	transport	def	weylTemperature	lean/InfoGeometry/Canonical/SouriauConformalKKTContext.lean	886	false	modular/transport/flow substrate
L4_ModularTransport	transport	theorem	tkkMasterRelation	lean/InfoGeometry/Canonical/SouriauConformalKKTContext.lean	892	true	modular/transport/flow substrate
L4_ModularTransport	transport	theorem	operatorAdmissible	lean/InfoGeometry/Canonical/SouriauConformalKKTContext.lean	899	true	modular/transport/flow substrate
L4_ModularTransport	transport	theorem	dilation_isGZero	lean/InfoGeometry/Canonical/SouriauConformalKKTContext.lean	906	true	modular/transport/flow substrate
L4_ModularTransport	transport	theorem	chiralGrading_isGZero	lean/InfoGeometry/Canonical/SouriauConformalKKTContext.lean	914	true	modular/transport/flow substrate
L4_ModularTransport	transport	def	circularPolarizedCommutator	lean/InfoGeometry/Canonical/SouriauConformalKKTContext.lean	922	false	modular/transport/flow substrate
L4_ModularTransport	transport	theorem	circularPolarizedCommutator_isGZero	lean/InfoGeometry/Canonical/SouriauConformalKKTContext.lean	928	true	modular/transport/flow substrate
L4_ModularTransport	transport	def	jordanProductTemperatureWeyl	lean/InfoGeometry/Canonical/SouriauConformalKKTContext.lean	935	false	modular/transport/flow substrate
L4_ModularTransport	transport	def	lieProductTemperatureWeyl	lean/InfoGeometry/Canonical/SouriauConformalKKTContext.lean	941	false	modular/transport/flow substrate
L4_ModularTransport	transport	theorem	fockCommutator_temperature_weyl_eq_two_smul_lieProduct	lean/InfoGeometry/Canonical/SouriauConformalKKTContext.lean	951	true	modular/transport/flow substrate
L4_ModularTransport	transport	theorem	fockAnticommutator_temperature_weyl_eq_two_smul_jordanProduct	lean/InfoGeometry/Canonical/SouriauConformalKKTContext.lean	965	true	modular/transport/flow substrate
L4_ModularTransport	transport	def	SatisfiesKKT_TKK_Weyl_JordanLieClosure	lean/InfoGeometry/Canonical/SouriauConformalKKTContext.lean	978	true	modular/transport/flow substrate
L4_ModularTransport	transport	theorem	satisfiesKKT_TKK_Weyl_JordanLieClosure	lean/InfoGeometry/Canonical/SouriauConformalKKTContext.lean	990	true	modular/transport/flow substrate
L4_ModularTransport	transport	theorem	operatorConformalResponse_XY_swap	lean/InfoGeometry/Canonical/SouriauConformalKKTContext.lean	998	true	modular/transport/flow substrate
L4_ModularTransport	transport	def	SatisfiesKMSLike	lean/InfoGeometry/Canonical/SouriauConformalKKTContext.lean	1010	true	modular/transport/flow substrate
L4_ModularTransport	transport	def	SatisfiesKMS	lean/InfoGeometry/Canonical/SouriauConformalKKTContext.lean	1016	true	modular/transport/flow substrate
L4_ModularTransport	transport	theorem	kms_zero_implies_operatorReadout_commutation	lean/InfoGeometry/Canonical/SouriauConformalKKTContext.lean	1026	true	modular/transport/flow substrate
L4_ModularTransport	transport	def	transformWeylGauge	lean/InfoGeometry/Canonical/SouriauConformalKKTContext.lean	1042	false	modular/transport/flow substrate
L4_ModularTransport	transport	theorem	transformWeylGauge_weylTemperature	lean/InfoGeometry/Canonical/SouriauConformalKKTContext.lean	1057	true	modular/transport/flow substrate
L4_ModularTransport	transport	theorem	transformWeylGauge_preserves_closure	lean/InfoGeometry/Canonical/SouriauConformalKKTContext.lean	1073	true	modular/transport/flow substrate
L4_ModularTransport	transport	def	transformWeylGaugeByPotential	lean/InfoGeometry/Canonical/SouriauConformalKKTContext.lean	1083	false	modular/transport/flow substrate
L4_ModularTransport	transport	theorem	transformWeylGaugeByPotential_preserves_closure	lean/InfoGeometry/Canonical/SouriauConformalKKTContext.lean	1098	true	modular/transport/flow substrate
L4_ModularTransport	transport	theorem	fieldStrength_transformWeylGaugeByPotential_eq	lean/InfoGeometry/Canonical/SouriauConformalKKTContext.lean	1110	true	modular/transport/flow substrate
L4_ModularTransport	transport	structure	ConformalFisherOnsagerPositiveContext	lean/InfoGeometry/Canonical/SouriauConformalKKTContext.lean	1131	false	modular/transport/flow substrate
L4_ModularTransport	transport	def	fisherOnsagerProduction	lean/InfoGeometry/Canonical/SouriauConformalKKTContext.lean	1143	false	modular/transport/flow substrate
L4_ModularTransport	transport	theorem	fisherOnsagerProduction_nonneg	lean/InfoGeometry/Canonical/SouriauConformalKKTContext.lean	1149	true	modular/transport/flow substrate
L4_ModularTransport	transport	theorem	fisherOnsagerProduction_swap	lean/InfoGeometry/Canonical/SouriauConformalKKTContext.lean	1156	true	modular/transport/flow substrate
L4_ModularTransport	transport	structure	ConformalSquareFisherOnsagerPositiveContext	lean/InfoGeometry/Canonical/SouriauConformalKKTContext.lean	1174	false	modular/transport/flow substrate
L4_ModularTransport	transport	theorem	selfResponse_nonneg	lean/InfoGeometry/Canonical/SouriauConformalKKTContext.lean	1189	true	modular/transport/flow substrate
L4_ModularTransport	transport	def	toPositiveContext	lean/InfoGeometry/Canonical/SouriauConformalKKTContext.lean	1201	false	modular/transport/flow substrate
L4_ModularTransport	transport	theorem	fisherOnsagerProduction_nonneg_of_squareResponse	lean/InfoGeometry/Canonical/SouriauConformalKKTContext.lean	1212	true	modular/transport/flow substrate
L4_ModularTransport	transport	structure	ConformalGrandCanonicalFockContext	lean/InfoGeometry/Canonical/SouriauConformalKKTContext.lean	1228	false	modular/transport/flow substrate
L4_ModularTransport	transport	def	fockOccupationOperator	lean/InfoGeometry/Canonical/SouriauConformalKKTContext.lean	1240	false	modular/transport/flow substrate
L5_ThermodynamicClosure	thermo	def	chemicalPotentialFockGaugeTerm	lean/InfoGeometry/Canonical/SouriauConformalKKTContext.lean	1245	false	thermodynamic/free-energy/closure substrate
L5_ThermodynamicClosure	thermo	def	grandCanonicalFockOperator	lean/InfoGeometry/Canonical/SouriauConformalKKTContext.lean	1250	false	thermodynamic/free-energy/closure substrate
L4_ModularTransport	transport	theorem	fockOccupationOperator_eq_creation_after_annihilation	lean/InfoGeometry/Canonical/SouriauConformalKKTContext.lean	1257	true	modular/transport/flow substrate
L5_ThermodynamicClosure	thermo	theorem	chemicalPotentialFockGaugeTerm_eq_mu_smul_fockOccupation	lean/InfoGeometry/Canonical/SouriauConformalKKTContext.lean	1266	true	thermodynamic/free-energy/closure substrate
L5_ThermodynamicClosure	thermo	theorem	grandCanonicalFockOperator_eq_hamiltonian_sub_fockGauge	lean/InfoGeometry/Canonical/SouriauConformalKKTContext.lean	1274	true	thermodynamic/free-energy/closure substrate
L5_ThermodynamicClosure	thermo	def	finiteFockChemicalPotentialAffineFunctor	lean/InfoGeometry/Canonical/SouriauConformalKKTContext.lean	1288	false	thermodynamic/free-energy/closure substrate
L5_ThermodynamicClosure	thermo	def	firstQuantizationChemicalPotentialAffineFunctor	lean/InfoGeometry/Canonical/SouriauConformalKKTContext.lean	1301	false	thermodynamic/free-energy/closure substrate
L5_ThermodynamicClosure	thermo	theorem	finiteFockChemicalPotentialAffineFunctor_finiteGauge	lean/InfoGeometry/Canonical/SouriauConformalKKTContext.lean	1314	true	thermodynamic/free-energy/closure substrate
L5_ThermodynamicClosure	thermo	theorem	finiteFockChemicalPotentialAffineFunctor_fockShiftedHamiltonian	lean/InfoGeometry/Canonical/SouriauConformalKKTContext.lean	1325	true	thermodynamic/free-energy/closure substrate
L5_ThermodynamicClosure	thermo	def	SatisfiesWeylGrandCanonicalTKKKKTBridge	lean/InfoGeometry/Canonical/SouriauConformalKKTContext.lean	1342	true	thermodynamic/free-energy/closure substrate
L5_ThermodynamicClosure	thermo	theorem	satisfiesWeylGrandCanonicalTKKKKTBridge	lean/InfoGeometry/Canonical/SouriauConformalKKTContext.lean	1363	true	thermodynamic/free-energy/closure substrate
L4_ModularTransport	transport	def	transformWeylGauge	lean/InfoGeometry/Canonical/SouriauConformalKKTContext.lean	1379	false	modular/transport/flow substrate
L5_ThermodynamicClosure	thermo	theorem	transformWeylGauge_preserves_weylGrandCanonicalTKKKKTBridge	lean/InfoGeometry/Canonical/SouriauConformalKKTContext.lean	1393	true	thermodynamic/free-energy/closure substrate
L5_ThermodynamicClosure	thermo	theorem	grandCanonicalFockOperator_zero_mu	lean/InfoGeometry/Canonical/SouriauConformalKKTContext.lean	1402	true	thermodynamic/free-energy/closure substrate
L5_ThermodynamicClosure	thermo	def	representationWeight	lean/InfoGeometry/Canonical/SouriauDensityWeightContext.lean	46	false	thermodynamic/free-energy/closure substrate
L5_ThermodynamicClosure	thermo	def	densityWeight	lean/InfoGeometry/Canonical/SouriauDensityWeightContext.lean	51	false	thermodynamic/free-energy/closure substrate
L5_ThermodynamicClosure	thermo	def	liftedTransportGenerator	lean/InfoGeometry/Canonical/SouriauDensityWeightContext.lean	56	false	thermodynamic/free-energy/closure substrate
L5_ThermodynamicClosure	thermo	theorem	densityWeight_eq_numberWeight	lean/InfoGeometry/Canonical/SouriauDensityWeightContext.lean	61	true	thermodynamic/free-energy/closure substrate
L5_ThermodynamicClosure	thermo	theorem	liftedTransportGenerator_eq_souriau_add_number_weighted_dilationOperator	lean/InfoGeometry/Canonical/SouriauDensityWeightContext.lean	81	true	thermodynamic/free-energy/closure substrate
L4_ModularTransport	transport	structure	CoadjointMomentMapData	lean/InfoGeometry/Canonical/SouriauFenchelOnsagerBridge.lean	49	false	modular/transport/flow substrate
L4_ModularTransport	transport	def	actionAt	lean/InfoGeometry/Canonical/SouriauFenchelOnsagerBridge.lean	61	false	modular/transport/flow substrate
L4_ModularTransport	transport	theorem	actionAt_eq_pairing	lean/InfoGeometry/Canonical/SouriauFenchelOnsagerBridge.lean	65	true	modular/transport/flow substrate
L4_ModularTransport	transport	structure	SouriauFenchelContext	lean/InfoGeometry/Canonical/SouriauFenchelOnsagerBridge.lean	83	false	modular/transport/flow substrate
L4_ModularTransport	transport	theorem	partition_eq_exp_souriauMassieu	lean/InfoGeometry/Canonical/SouriauFenchelOnsagerBridge.lean	98	true	modular/transport/flow substrate
L4_ModularTransport	transport	theorem	fenchelGap_nonneg	lean/InfoGeometry/Canonical/SouriauFenchelOnsagerBridge.lean	107	true	modular/transport/flow substrate
L4_ModularTransport	transport	theorem	fenchelGap_eq_zero_at_contact	lean/InfoGeometry/Canonical/SouriauFenchelOnsagerBridge.lean	113	true	modular/transport/flow substrate
L4_ModularTransport	transport	theorem	contact_balance	lean/InfoGeometry/Canonical/SouriauFenchelOnsagerBridge.lean	119	true	modular/transport/flow substrate
L4_ModularTransport	transport	theorem	souriauMassieu_contact_balance	lean/InfoGeometry/Canonical/SouriauFenchelOnsagerBridge.lean	127	true	modular/transport/flow substrate
L4_ModularTransport	transport	theorem	scaledFenchelGap_nonneg	lean/InfoGeometry/Canonical/SouriauFenchelOnsagerBridge.lean	136	true	modular/transport/flow substrate
L4_ModularTransport	transport	theorem	souriauOnsager_response_symmetric	lean/InfoGeometry/Canonical/SouriauFenchelOnsagerBridge.lean	152	true	modular/transport/flow substrate
L4_ModularTransport	transport	theorem	casimir_channel_zero	lean/InfoGeometry/Canonical/SouriauFenchelOnsagerBridge.lean	158	true	modular/transport/flow substrate
L4_ModularTransport	transport	theorem	onsager_total_entropy_nonnegative	lean/InfoGeometry/Canonical/SouriauFenchelOnsagerBridge.lean	171	true	modular/transport/flow substrate
L4_ModularTransport	transport	theorem	souriau_fockCommutator_eq_two_smul_lieProduct	lean/InfoGeometry/Canonical/SouriauFlowCliffordBridge.lean	37	true	modular/transport/flow substrate
L4_ModularTransport	transport	theorem	souriau_fockAnticommutator_eq_two_smul_jordanProduct	lean/InfoGeometry/Canonical/SouriauFlowCliffordBridge.lean	52	true	modular/transport/flow substrate
L4_ModularTransport	transport	theorem	souriau_comp_eq_jordan_plus_lie	lean/InfoGeometry/Canonical/SouriauFlowCliffordBridge.lean	67	true	modular/transport/flow substrate
L4_ModularTransport	transport	theorem	deriv_apply_operatorialGibbsWeight_zero_eq_neg_expectation_souriau	lean/InfoGeometry/Canonical/SouriauFlowCliffordBridge.lean	88	true	modular/transport/flow substrate
L4_ModularTransport	transport	theorem	souriau_stateQGTPhaseReadout_eq_metric_comp_complex_i	lean/InfoGeometry/Canonical/SouriauFlowCliffordBridge.lean	105	true	modular/transport/flow substrate
L4_ModularTransport	transport	theorem	sourceSink_souriau_defect_split_of_connection_eq	lean/InfoGeometry/Canonical/SouriauFlowCliffordBridge.lean	123	true	modular/transport/flow substrate
L4_ModularTransport	transport	structure	OperatorialMetriplecticContext	lean/InfoGeometry/Canonical/SouriauKreinMetriplecticContext.lean	66	false	modular/transport/flow substrate
L4_ModularTransport	transport	def	metricResponse	lean/InfoGeometry/Canonical/SouriauKreinMetriplecticContext.lean	84	false	modular/transport/flow substrate
L4_ModularTransport	transport	def	swappedMetricResponse	lean/InfoGeometry/Canonical/SouriauKreinMetriplecticContext.lean	89	false	modular/transport/flow substrate
L4_ModularTransport	transport	def	curvatureResponse	lean/InfoGeometry/Canonical/SouriauKreinMetriplecticContext.lean	94	false	modular/transport/flow substrate
L4_ModularTransport	transport	def	swappedCurvatureResponse	lean/InfoGeometry/Canonical/SouriauKreinMetriplecticContext.lean	99	false	modular/transport/flow substrate
L4_ModularTransport	transport	def	diagonalMetricResponse	lean/InfoGeometry/Canonical/SouriauKreinMetriplecticContext.lean	104	false	modular/transport/flow substrate
L4_ModularTransport	transport	def	yDiagonalMetricResponse	lean/InfoGeometry/Canonical/SouriauKreinMetriplecticContext.lean	109	false	modular/transport/flow substrate
L4_ModularTransport	transport	def	mixedMetricResponseXY	lean/InfoGeometry/Canonical/SouriauKreinMetriplecticContext.lean	114	false	modular/transport/flow substrate
L4_ModularTransport	transport	def	mixedMetricResponseYX	lean/InfoGeometry/Canonical/SouriauKreinMetriplecticContext.lean	119	false	modular/transport/flow substrate
L4_ModularTransport	transport	def	operatorialXFlux	lean/InfoGeometry/Canonical/SouriauKreinMetriplecticContext.lean	124	false	modular/transport/flow substrate
L4_ModularTransport	transport	def	operatorialYFlux	lean/InfoGeometry/Canonical/SouriauKreinMetriplecticContext.lean	129	false	modular/transport/flow substrate
L4_ModularTransport	transport	def	operatorialEntropyProduction	lean/InfoGeometry/Canonical/SouriauKreinMetriplecticContext.lean	139	false	modular/transport/flow substrate
L4_ModularTransport	transport	def	weightedDynamics	lean/InfoGeometry/Canonical/SouriauKreinMetriplecticContext.lean	145	false	modular/transport/flow substrate
L4_ModularTransport	transport	def	zeroWeightDynamics	lean/InfoGeometry/Canonical/SouriauKreinMetriplecticContext.lean	150	false	modular/transport/flow substrate
L4_ModularTransport	transport	def	weightedPhaseAxisCommutator	lean/InfoGeometry/Canonical/SouriauKreinMetriplecticContext.lean	155	false	modular/transport/flow substrate
L4_ModularTransport	transport	def	weylCovariantThermodynamicDerivation	lean/InfoGeometry/Canonical/SouriauKreinMetriplecticContext.lean	166	false	modular/transport/flow substrate
L4_ModularTransport	transport	def	zeroWeightThermodynamicDerivation	lean/InfoGeometry/Canonical/SouriauKreinMetriplecticContext.lean	172	false	modular/transport/flow substrate
L4_ModularTransport	transport	def	phaseAxisThermodynamicDerivation	lean/InfoGeometry/Canonical/SouriauKreinMetriplecticContext.lean	178	false	modular/transport/flow substrate
L4_ModularTransport	transport	def	phaseCorrelation	lean/InfoGeometry/Canonical/SouriauKreinMetriplecticContext.lean	183	false	modular/transport/flow substrate
L4_ModularTransport	transport	def	jReflectedPhaseCorrelation	lean/InfoGeometry/Canonical/SouriauKreinMetriplecticContext.lean	189	false	modular/transport/flow substrate
L4_ModularTransport	transport	theorem	metricResponse_swap	lean/InfoGeometry/Canonical/SouriauKreinMetriplecticContext.lean	197	true	modular/transport/flow substrate
L4_ModularTransport	transport	theorem	mixedMetricResponse_symm	lean/InfoGeometry/Canonical/SouriauKreinMetriplecticContext.lean	204	true	modular/transport/flow substrate
L4_ModularTransport	transport	theorem	operatorialEntropyProduction_eq_quadratic	lean/InfoGeometry/Canonical/SouriauKreinMetriplecticContext.lean	211	true	modular/transport/flow substrate
L4_ModularTransport	transport	def	OperatorialMetricResponsePSD	lean/InfoGeometry/Canonical/SouriauKreinMetriplecticContext.lean	230	true	modular/transport/flow substrate
L4_ModularTransport	transport	structure	SquareOperatorialResponseContext	lean/InfoGeometry/Canonical/SouriauKreinMetriplecticContext.lean	245	false	modular/transport/flow substrate
L4_ModularTransport	transport	theorem	diagonalMetricResponse_nonnegative	lean/InfoGeometry/Canonical/SouriauKreinMetriplecticContext.lean	261	true	modular/transport/flow substrate
L4_ModularTransport	transport	theorem	yDiagonalMetricResponse_nonnegative	lean/InfoGeometry/Canonical/SouriauKreinMetriplecticContext.lean	269	true	modular/transport/flow substrate
L4_ModularTransport	transport	theorem	operatorialMetricResponsePSD	lean/InfoGeometry/Canonical/SouriauKreinMetriplecticContext.lean	277	true	modular/transport/flow substrate
L4_ModularTransport	transport	structure	RegularConeXResponseContext	lean/InfoGeometry/Canonical/SouriauKreinMetriplecticContext.lean	304	false	modular/transport/flow substrate
L4_ModularTransport	transport	theorem	diagonalMetricResponse_nonneg	lean/InfoGeometry/Canonical/SouriauKreinMetriplecticContext.lean	319	true	modular/transport/flow substrate
L4_ModularTransport	transport	structure	RegularConeOperatorialResponseContext	lean/InfoGeometry/Canonical/SouriauKreinMetriplecticContext.lean	338	false	modular/transport/flow substrate
L4_ModularTransport	transport	theorem	diagonalMetricResponse_nonneg	lean/InfoGeometry/Canonical/SouriauKreinMetriplecticContext.lean	360	true	modular/transport/flow substrate
L4_ModularTransport	transport	theorem	yDiagonalMetricResponse_nonneg	lean/InfoGeometry/Canonical/SouriauKreinMetriplecticContext.lean	370	true	modular/transport/flow substrate
L4_ModularTransport	transport	theorem	operatorialMetricResponsePSD	lean/InfoGeometry/Canonical/SouriauKreinMetriplecticContext.lean	380	true	modular/transport/flow substrate
L4_ModularTransport	transport	structure	CramerRaoOperatorialResponseContext	lean/InfoGeometry/Canonical/SouriauKreinMetriplecticContext.lean	399	false	modular/transport/flow substrate
L4_ModularTransport	transport	theorem	diagonalMetricResponse_nonneg	lean/InfoGeometry/Canonical/SouriauKreinMetriplecticContext.lean	416	true	modular/transport/flow substrate
L4_ModularTransport	transport	theorem	yDiagonalMetricResponse_nonneg	lean/InfoGeometry/Canonical/SouriauKreinMetriplecticContext.lean	424	true	modular/transport/flow substrate
L4_ModularTransport	transport	theorem	mixed_determinant_nonneg	lean/InfoGeometry/Canonical/SouriauKreinMetriplecticContext.lean	435	true	modular/transport/flow substrate
L4_ModularTransport	transport	theorem	operatorialMetricResponsePSD	lean/InfoGeometry/Canonical/SouriauKreinMetriplecticContext.lean	451	true	modular/transport/flow substrate
L4_ModularTransport	transport	theorem	operatorialEntropyProduction_nonneg_of_metricResponsePSD	lean/InfoGeometry/Canonical/SouriauKreinMetriplecticContext.lean	465	true	modular/transport/flow substrate
L4_ModularTransport	transport	theorem	operatorialEntropyProduction_nonneg_of_regularCone	lean/InfoGeometry/Canonical/SouriauKreinMetriplecticContext.lean	518	true	modular/transport/flow substrate
L4_ModularTransport	transport	theorem	operatorialEntropyProduction_nonneg_of_squareResponse	lean/InfoGeometry/Canonical/SouriauKreinMetriplecticContext.lean	532	true	modular/transport/flow substrate
L4_ModularTransport	transport	theorem	operatorialEntropyProduction_nonneg_of_cramerRaoResponse	lean/InfoGeometry/Canonical/SouriauKreinMetriplecticContext.lean	546	true	modular/transport/flow substrate
L4_ModularTransport	transport	theorem	canonicalEntropyProduction_nonneg_of_cramerRaoResponse	lean/InfoGeometry/Canonical/SouriauKreinMetriplecticContext.lean	563	true	modular/transport/flow substrate
L4_ModularTransport	transport	theorem	canonicalEntropyProduction_nonneg_of_regularCone	lean/InfoGeometry/Canonical/SouriauKreinMetriplecticContext.lean	581	true	modular/transport/flow substrate
L4_ModularTransport	transport	theorem	supergradedEvenOddOnsagerBlock_packet_of_cramerRaoResponse	lean/InfoGeometry/Canonical/SouriauKreinMetriplecticContext.lean	600	true	modular/transport/flow substrate
L4_ModularTransport	transport	theorem	operatorialEntropyProduction_xChannel_nonneg_of_regularCone	lean/InfoGeometry/Canonical/SouriauKreinMetriplecticContext.lean	633	true	modular/transport/flow substrate
L4_ModularTransport	transport	theorem	metricResponse_eq_half_probe_observableLieHessian_add_swap	lean/InfoGeometry/Canonical/SouriauKreinMetriplecticContext.lean	645	true	modular/transport/flow substrate
L4_ModularTransport	transport	theorem	diagonalMetricResponse_eq_probe_double_transportCommutator	lean/InfoGeometry/Canonical/SouriauKreinMetriplecticContext.lean	656	true	modular/transport/flow substrate
L4_ModularTransport	transport	theorem	curvatureResponse_swap_neg	lean/InfoGeometry/Canonical/SouriauKreinMetriplecticContext.lean	667	true	modular/transport/flow substrate
L4_ModularTransport	transport	theorem	curvatureResponse_eq_probe_bracketDerivation	lean/InfoGeometry/Canonical/SouriauKreinMetriplecticContext.lean	674	true	modular/transport/flow substrate
L4_ModularTransport	transport	theorem	jReflectedPhaseCorrelation_eq_neg	lean/InfoGeometry/Canonical/SouriauKreinMetriplecticContext.lean	686	true	modular/transport/flow substrate
L4_ModularTransport	transport	theorem	weightedDynamics_eq_zeroWeight_add_phaseAxisCommutator	lean/InfoGeometry/Canonical/SouriauKreinMetriplecticContext.lean	697	true	modular/transport/flow substrate
L4_ModularTransport	transport	theorem	weightedDynamics_eq_weylCovariantThermodynamicDerivation	lean/InfoGeometry/Canonical/SouriauKreinMetriplecticContext.lean	709	true	modular/transport/flow substrate
L4_ModularTransport	transport	theorem	weylCovariantThermodynamicDerivation_eq_zeroWeight_add_phaseAxis	lean/InfoGeometry/Canonical/SouriauKreinMetriplecticContext.lean	724	true	modular/transport/flow substrate
L4_ModularTransport	transport	theorem	operatorialDilationGoldstoneCharge_packet	lean/InfoGeometry/Canonical/SouriauKreinMetriplecticContext.lean	744	true	modular/transport/flow substrate
L4_ModularTransport	transport	theorem	supergradedFisherOnsagerBlock_squareResponse_CAR_packet	lean/InfoGeometry/Canonical/SouriauKreinMetriplecticContext.lean	786	true	modular/transport/flow substrate
L5_ThermodynamicClosure	thermo	structure	KKTEntropyStationarityShadow	lean/InfoGeometry/Canonical/SouriauLieThermoKKTBridge.lean	57	true	thermodynamic/free-energy/closure substrate
L5_ThermodynamicClosure	thermo	theorem	packet	lean/InfoGeometry/Canonical/SouriauLieThermoKKTBridge.lean	68	true	thermodynamic/free-energy/closure substrate
L5_ThermodynamicClosure	thermo	structure	DimensionAgnosticKKTResiduals	lean/InfoGeometry/Canonical/SouriauLieThermoKKTBridge.lean	89	false	thermodynamic/free-energy/closure substrate
L5_ThermodynamicClosure	thermo	def	toShadow	lean/InfoGeometry/Canonical/SouriauLieThermoKKTBridge.lean	101	false	thermodynamic/free-energy/closure substrate
L5_ThermodynamicClosure	thermo	def	exact	lean/InfoGeometry/Canonical/SouriauLieThermoKKTBridge.lean	109	false	thermodynamic/free-energy/closure substrate
L5_ThermodynamicClosure	thermo	theorem	coneAdmissible_of_square	lean/InfoGeometry/Canonical/SouriauLieThermoKKTBridge.lean	118	true	thermodynamic/free-energy/closure substrate
L5_ThermodynamicClosure	thermo	theorem	partitionAdmissible_of_square	lean/InfoGeometry/Canonical/SouriauLieThermoKKTBridge.lean	125	true	thermodynamic/free-energy/closure substrate
L5_ThermodynamicClosure	thermo	theorem	exact_stationarity_packet	lean/InfoGeometry/Canonical/SouriauLieThermoKKTBridge.lean	135	true	thermodynamic/free-energy/closure substrate
L5_ThermodynamicClosure	thermo	theorem	mk_exact	lean/InfoGeometry/Canonical/SouriauLieThermoKKTBridge.lean	151	true	thermodynamic/free-energy/closure substrate
L5_ThermodynamicClosure	thermo	structure	SuperCoadjointMomentMapData	lean/InfoGeometry/Canonical/SouriauLieThermoKKTBridge.lean	177	false	thermodynamic/free-energy/closure substrate
L5_ThermodynamicClosure	thermo	def	actionAt	lean/InfoGeometry/Canonical/SouriauLieThermoKKTBridge.lean	195	false	thermodynamic/free-energy/closure substrate
L5_ThermodynamicClosure	thermo	def	stressTensorAt	lean/InfoGeometry/Canonical/SouriauLieThermoKKTBridge.lean	200	false	thermodynamic/free-energy/closure substrate
L5_ThermodynamicClosure	thermo	def	supercurrentAt	lean/InfoGeometry/Canonical/SouriauLieThermoKKTBridge.lean	205	false	thermodynamic/free-energy/closure substrate
L5_ThermodynamicClosure	thermo	theorem	actionAt_eq_pairing	lean/InfoGeometry/Canonical/SouriauLieThermoKKTBridge.lean	210	true	thermodynamic/free-energy/closure substrate
L5_ThermodynamicClosure	thermo	def	identityBalanced	lean/InfoGeometry/Canonical/SouriauLieThermoKKTBridge.lean	226	false	thermodynamic/free-energy/closure substrate
L5_ThermodynamicClosure	thermo	theorem	identityBalanced_coadjointAction	lean/InfoGeometry/Canonical/SouriauLieThermoKKTBridge.lean	244	true	thermodynamic/free-energy/closure substrate
L5_ThermodynamicClosure	thermo	theorem	identityBalanced_supertrace_balance	lean/InfoGeometry/Canonical/SouriauLieThermoKKTBridge.lean	259	true	thermodynamic/free-energy/closure substrate
L5_ThermodynamicClosure	thermo	structure	FullCoadjointOrbitMetriplecticContext	lean/InfoGeometry/Canonical/SouriauLieThermoKKTBridge.lean	287	false	thermodynamic/free-energy/closure substrate
L5_ThermodynamicClosure	thermo	def	ofMomentImageSquareDissipation	lean/InfoGeometry/Canonical/SouriauLieThermoKKTBridge.lean	347	false	thermodynamic/free-energy/closure substrate
L5_ThermodynamicClosure	thermo	def	ofIdentityBalancedSquareDissipation	lean/InfoGeometry/Canonical/SouriauLieThermoKKTBridge.lean	407	false	thermodynamic/free-energy/closure substrate
L5_ThermodynamicClosure	thermo	theorem	reversible_channel_zero	lean/InfoGeometry/Canonical/SouriauLieThermoKKTBridge.lean	445	true	thermodynamic/free-energy/closure substrate
L5_ThermodynamicClosure	thermo	theorem	moment_lands_on_coadjoint_orbit	lean/InfoGeometry/Canonical/SouriauLieThermoKKTBridge.lean	451	true	thermodynamic/free-energy/closure substrate
L5_ThermodynamicClosure	thermo	theorem	orbit_entropy_invariant_readout	lean/InfoGeometry/Canonical/SouriauLieThermoKKTBridge.lean	457	true	thermodynamic/free-energy/closure substrate
L5_ThermodynamicClosure	thermo	theorem	weyl_gauge_covariant	lean/InfoGeometry/Canonical/SouriauLieThermoKKTBridge.lean	463	true	thermodynamic/free-energy/closure substrate
L5_ThermodynamicClosure	thermo	theorem	supertrace_free_stress	lean/InfoGeometry/Canonical/SouriauLieThermoKKTBridge.lean	470	true	thermodynamic/free-energy/closure substrate
L5_ThermodynamicClosure	thermo	theorem	totalEntropyProduction_nonneg	lean/InfoGeometry/Canonical/SouriauLieThermoKKTBridge.lean	484	true	thermodynamic/free-energy/closure substrate
L5_ThermodynamicClosure	thermo	def	stressTensorAt	lean/InfoGeometry/Canonical/SouriauLieThermoKKTBridge.lean	493	false	thermodynamic/free-energy/closure substrate
L5_ThermodynamicClosure	thermo	def	supercurrentAt	lean/InfoGeometry/Canonical/SouriauLieThermoKKTBridge.lean	498	false	thermodynamic/free-energy/closure substrate
L5_ThermodynamicClosure	thermo	theorem	full_moment_image_square_dissipation_packet	lean/InfoGeometry/Canonical/SouriauLieThermoKKTBridge.lean	507	true	thermodynamic/free-energy/closure substrate
L5_ThermodynamicClosure	thermo	theorem	full_identity_balanced_square_dissipation_packet	lean/InfoGeometry/Canonical/SouriauLieThermoKKTBridge.lean	562	true	thermodynamic/free-energy/closure substrate
L5_ThermodynamicClosure	thermo	theorem	dimensionAgnostic_squareDissipation_secondLaw	lean/InfoGeometry/Canonical/SouriauLieThermoKKTBridge.lean	629	true	thermodynamic/free-energy/closure substrate
L2_Operator	operator	structure	CoordinatelessKMSFisherState	lean/InfoGeometry/Canonical/SouriauLieThermoKKTBridge.lean	665	true	operator-algebraic bridge substrate
L2_Operator	operator	theorem	fisherMetric_nonneg	lean/InfoGeometry/Canonical/SouriauLieThermoKKTBridge.lean	682	true	operator-algebraic bridge substrate
L2_Operator	operator	theorem	algebraic_equilibrium_packet	lean/InfoGeometry/Canonical/SouriauLieThermoKKTBridge.lean	689	true	operator-algebraic bridge substrate
L5_ThermodynamicClosure	thermo	structure	SouriauLieThermoKKTContext	lean/InfoGeometry/Canonical/SouriauLieThermoKKTBridge.lean	709	false	thermodynamic/free-energy/closure substrate
L5_ThermodynamicClosure	thermo	theorem	finiteFenchelGap_nonneg	lean/InfoGeometry/Canonical/SouriauLieThermoKKTBridge.lean	742	true	thermodynamic/free-energy/closure substrate
L5_ThermodynamicClosure	thermo	theorem	finiteFenchelGap_eq_zero_at_contact	lean/InfoGeometry/Canonical/SouriauLieThermoKKTBridge.lean	749	true	thermodynamic/free-energy/closure substrate
L5_ThermodynamicClosure	thermo	theorem	finiteMassieu_matches_souriau	lean/InfoGeometry/Canonical/SouriauLieThermoKKTBridge.lean	758	true	thermodynamic/free-energy/closure substrate
L5_ThermodynamicClosure	thermo	theorem	finiteMetriplecticEntropyProduction_nonneg	lean/InfoGeometry/Canonical/SouriauLieThermoKKTBridge.lean	770	true	thermodynamic/free-energy/closure substrate
L5_ThermodynamicClosure	thermo	theorem	finiteSouriauOnsager_response_symmetric	lean/InfoGeometry/Canonical/SouriauLieThermoKKTBridge.lean	777	true	thermodynamic/free-energy/closure substrate
L5_ThermodynamicClosure	thermo	def	finiteSouriauFisherMetricReadout	lean/InfoGeometry/Canonical/SouriauLieThermoKKTBridge.lean	785	false	thermodynamic/free-energy/closure substrate
L5_ThermodynamicClosure	thermo	theorem	finiteSouriauFisherMetricReadout_nonneg	lean/InfoGeometry/Canonical/SouriauLieThermoKKTBridge.lean	794	true	thermodynamic/free-energy/closure substrate
L5_ThermodynamicClosure	thermo	theorem	finiteFenchelLegendre_contact_entropy	lean/InfoGeometry/Canonical/SouriauLieThermoKKTBridge.lean	807	true	thermodynamic/free-energy/closure substrate
L5_ThermodynamicClosure	thermo	theorem	finite_inverseFisherMetric_of_det_ne_zero	lean/InfoGeometry/Canonical/SouriauLieThermoKKTBridge.lean	829	true	thermodynamic/free-energy/closure substrate
L5_ThermodynamicClosure	thermo	theorem	finite_Hessian_eq_Fisher_eq_Onsager	lean/InfoGeometry/Canonical/SouriauLieThermoKKTBridge.lean	861	true	thermodynamic/free-energy/closure substrate
L5_ThermodynamicClosure	thermo	theorem	finite_FisherOnsager_entropyProduction_nonneg	lean/InfoGeometry/Canonical/SouriauLieThermoKKTBridge.lean	881	true	thermodynamic/free-energy/closure substrate
L5_ThermodynamicClosure	thermo	theorem	finite_FisherOnsager_entropyProduction_nonneg_of_det_nonneg	lean/InfoGeometry/Canonical/SouriauLieThermoKKTBridge.lean	900	true	thermodynamic/free-energy/closure substrate
L4_ModularTransport	transport	theorem	conformalD_eq_dilationGap	lean/InfoGeometry/Canonical/SouriauLieThermoKKTBridge.lean	914	true	modular/transport/flow substrate
L4_ModularTransport	transport	theorem	conformalD_isGZero	lean/InfoGeometry/Canonical/SouriauLieThermoKKTBridge.lean	922	true	modular/transport/flow substrate
L4_ModularTransport	transport	theorem	chiralGrading_isGZero	lean/InfoGeometry/Canonical/SouriauLieThermoKKTBridge.lean	929	true	modular/transport/flow substrate
L4_ModularTransport	transport	def	SatisfiesConformalKKTGradeZero	lean/InfoGeometry/Canonical/SouriauLieThermoKKTBridge.lean	940	true	modular/transport/flow substrate
L4_ModularTransport	transport	theorem	satisfiesConformalKKTGradeZero	lean/InfoGeometry/Canonical/SouriauLieThermoKKTBridge.lean	951	true	modular/transport/flow substrate
L4_ModularTransport	transport	theorem	operatorialMetricResponse_swap	lean/InfoGeometry/Canonical/SouriauLieThermoKKTBridge.lean	960	true	modular/transport/flow substrate
L4_ModularTransport	transport	theorem	operatorialMixedMetricResponse_symm	lean/InfoGeometry/Canonical/SouriauLieThermoKKTBridge.lean	968	true	modular/transport/flow substrate
L4_ModularTransport	transport	theorem	operatorialFisherOnsager_eq_hessianReadout	lean/InfoGeometry/Canonical/SouriauLieThermoKKTBridge.lean	982	true	modular/transport/flow substrate
L4_ModularTransport	transport	theorem	operatorial_Hessian_eq_Fisher_eq_Onsager	lean/InfoGeometry/Canonical/SouriauLieThermoKKTBridge.lean	1004	true	modular/transport/flow substrate
L4_ModularTransport	transport	theorem	operatorialDiagonalFisherOnsager_eq_doubleTransportCommutator	lean/InfoGeometry/Canonical/SouriauLieThermoKKTBridge.lean	1023	true	modular/transport/flow substrate
L4_ModularTransport	transport	theorem	operatorialWeightedDynamics_eq_weylCovariantThermodynamicDerivation	lean/InfoGeometry/Canonical/SouriauLieThermoKKTBridge.lean	1038	true	modular/transport/flow substrate
L4_ModularTransport	transport	theorem	operatorialWeylCovariantThermodynamicDerivation_split	lean/InfoGeometry/Canonical/SouriauLieThermoKKTBridge.lean	1050	true	modular/transport/flow substrate
L4_ModularTransport	transport	theorem	operatorialEntropyProduction_eq_quadratic	lean/InfoGeometry/Canonical/SouriauLieThermoKKTBridge.lean	1060	true	modular/transport/flow substrate
L4_ModularTransport	transport	theorem	operatorialEntropyProduction_nonneg_of_metricResponsePSD	lean/InfoGeometry/Canonical/SouriauLieThermoKKTBridge.lean	1074	true	modular/transport/flow substrate
L4_ModularTransport	transport	theorem	operatorialFisherOnsager_entropyProduction_equation	lean/InfoGeometry/Canonical/SouriauLieThermoKKTBridge.lean	1088	true	modular/transport/flow substrate
L4_ModularTransport	transport	theorem	operatorialFisherOnsager_entropyProduction_equation_of_squareResponse	lean/InfoGeometry/Canonical/SouriauLieThermoKKTBridge.lean	1120	true	modular/transport/flow substrate
L4_ModularTransport	transport	theorem	operatorialFisherOnsager_entropyProduction_equation_of_regularCone	lean/InfoGeometry/Canonical/SouriauLieThermoKKTBridge.lean	1154	true	modular/transport/flow substrate
L4_ModularTransport	transport	theorem	operatorialFisherOnsager_entropyProduction_equation_of_cramerRaoResponse	lean/InfoGeometry/Canonical/SouriauLieThermoKKTBridge.lean	1188	true	modular/transport/flow substrate
L4_ModularTransport	transport	theorem	operatorCanonicalEntropyProduction_nonneg_of_cramerRaoResponse	lean/InfoGeometry/Canonical/SouriauLieThermoKKTBridge.lean	1222	true	modular/transport/flow substrate
L4_ModularTransport	transport	theorem	operatorialSouriauFisherMetric_packet_of_cramerRaoResponse	lean/InfoGeometry/Canonical/SouriauLieThermoKKTBridge.lean	1244	true	modular/transport/flow substrate
L4_ModularTransport	transport	theorem	operatorialSupergradedEvenOddOnsagerBlock_packet_of_cramerRaoResponse	lean/InfoGeometry/Canonical/SouriauLieThermoKKTBridge.lean	1289	true	modular/transport/flow substrate
L4_ModularTransport	transport	theorem	operatorialXChannel_entropyProduction_nonneg_of_regularCone	lean/InfoGeometry/Canonical/SouriauLieThermoKKTBridge.lean	1327	true	modular/transport/flow substrate
L5_ThermodynamicClosure	thermo	theorem	kktStationarity_packet	lean/InfoGeometry/Canonical/SouriauLieThermoKKTBridge.lean	1341	true	thermodynamic/free-energy/closure substrate
L5_ThermodynamicClosure	thermo	theorem	kktStationarity_packet_of_exact	lean/InfoGeometry/Canonical/SouriauLieThermoKKTBridge.lean	1354	true	thermodynamic/free-energy/closure substrate
L5_ThermodynamicClosure	thermo	theorem	finite_and_operatorial_entropyProduction_nonneg	lean/InfoGeometry/Canonical/SouriauLieThermoKKTBridge.lean	1373	true	thermodynamic/free-energy/closure substrate
L5_ThermodynamicClosure	thermo	theorem	finite_and_operatorial_entropyProduction_nonneg_of_squareResponse	lean/InfoGeometry/Canonical/SouriauLieThermoKKTBridge.lean	1388	true	thermodynamic/free-energy/closure substrate
L5_ThermodynamicClosure	thermo	theorem	finite_and_operatorial_entropyProduction_nonneg_of_regularCone	lean/InfoGeometry/Canonical/SouriauLieThermoKKTBridge.lean	1405	true	thermodynamic/free-energy/closure substrate
L5_ThermodynamicClosure	thermo	theorem	finite_and_operatorial_entropyProduction_nonneg_of_cramerRaoResponse	lean/InfoGeometry/Canonical/SouriauLieThermoKKTBridge.lean	1423	true	thermodynamic/free-energy/closure substrate
L5_ThermodynamicClosure	thermo	theorem	finite_and_operatorial_xChannel_entropyProduction_nonneg_of_regularCone	lean/InfoGeometry/Canonical/SouriauLieThermoKKTBridge.lean	1444	true	thermodynamic/free-energy/closure substrate
L4_ModularTransport	transport	def	reversibleEntropyProduction	lean/InfoGeometry/Canonical/SouriauMetriplecticContext.lean	55	false	modular/transport/flow substrate
L4_ModularTransport	transport	def	metricEntropyProduction	lean/InfoGeometry/Canonical/SouriauMetriplecticContext.lean	60	false	modular/transport/flow substrate
L4_ModularTransport	transport	def	totalEntropyProduction	lean/InfoGeometry/Canonical/SouriauMetriplecticContext.lean	65	false	modular/transport/flow substrate
L4_ModularTransport	transport	theorem	reversibleEntropyProduction_eq_zero	lean/InfoGeometry/Canonical/SouriauMetriplecticContext.lean	70	true	modular/transport/flow substrate
L4_ModularTransport	transport	theorem	totalEntropyProduction_eq_metric	lean/InfoGeometry/Canonical/SouriauMetriplecticContext.lean	76	true	modular/transport/flow substrate
L4_ModularTransport	transport	theorem	fisher_positiveSemidefinite	lean/InfoGeometry/Canonical/SouriauMetriplecticContext.lean	87	true	modular/transport/flow substrate
L4_ModularTransport	transport	theorem	metricEntropyProduction_nonneg	lean/InfoGeometry/Canonical/SouriauMetriplecticContext.lean	94	true	modular/transport/flow substrate
L4_ModularTransport	transport	theorem	totalEntropyProduction_nonneg	lean/InfoGeometry/Canonical/SouriauMetriplecticContext.lean	105	true	modular/transport/flow substrate
L5_ThermodynamicClosure	thermo	structure	SouriauLieThermoData	lean/InfoGeometry/Canonical/SouriauMetriplecticOptimalTransport.lean	40	false	thermodynamic/free-energy/closure substrate
L5_ThermodynamicClosure	thermo	def	K_beta	lean/InfoGeometry/Canonical/SouriauMetriplecticOptimalTransport.lean	52	false	thermodynamic/free-energy/closure substrate
L5_ThermodynamicClosure	thermo	def	gibbsWeight	lean/InfoGeometry/Canonical/SouriauMetriplecticOptimalTransport.lean	58	false	thermodynamic/free-energy/closure substrate
L5_ThermodynamicClosure	thermo	theorem	K_beta_eq_pairing	lean/InfoGeometry/Canonical/SouriauMetriplecticOptimalTransport.lean	64	true	thermodynamic/free-energy/closure substrate
L5_ThermodynamicClosure	thermo	theorem	gibbsWeight_eq_exp_neg_K_beta	lean/InfoGeometry/Canonical/SouriauMetriplecticOptimalTransport.lean	71	true	thermodynamic/free-energy/closure substrate
L5_ThermodynamicClosure	thermo	structure	SouriauTransportFlow	lean/InfoGeometry/Canonical/SouriauMetriplecticOptimalTransport.lean	81	true	thermodynamic/free-energy/closure substrate
L5_ThermodynamicClosure	thermo	structure	MetriplecticData	lean/InfoGeometry/Canonical/SouriauMetriplecticOptimalTransport.lean	92	true	thermodynamic/free-energy/closure substrate
L5_ThermodynamicClosure	thermo	def	totalRate	lean/InfoGeometry/Canonical/SouriauMetriplecticOptimalTransport.lean	111	false	thermodynamic/free-energy/closure substrate
L5_ThermodynamicClosure	thermo	structure	MetriplecticConsistencyWitness	lean/InfoGeometry/Canonical/SouriauMetriplecticOptimalTransport.lean	118	true	thermodynamic/free-energy/closure substrate
L5_ThermodynamicClosure	thermo	structure	OptimalTransportMetricWitness	lean/InfoGeometry/Canonical/SouriauMetriplecticOptimalTransport.lean	126	true	thermodynamic/free-energy/closure substrate
L5_ThermodynamicClosure	thermo	structure	FreeEnergyFunctional	lean/InfoGeometry/Canonical/SouriauMetriplecticOptimalTransport.lean	136	true	thermodynamic/free-energy/closure substrate
L5_ThermodynamicClosure	thermo	theorem	freeEnergy_eq_split	lean/InfoGeometry/Canonical/SouriauMetriplecticOptimalTransport.lean	151	true	thermodynamic/free-energy/closure substrate
L5_ThermodynamicClosure	thermo	structure	WassersteinGradientFlow	lean/InfoGeometry/Canonical/SouriauMetriplecticOptimalTransport.lean	160	true	thermodynamic/free-energy/closure substrate
L5_ThermodynamicClosure	thermo	structure	JKOTimeStep	lean/InfoGeometry/Canonical/SouriauMetriplecticOptimalTransport.lean	169	false	thermodynamic/free-energy/closure substrate
L5_ThermodynamicClosure	thermo	structure	EquilibriumCandidate	lean/InfoGeometry/Canonical/SouriauMetriplecticOptimalTransport.lean	179	true	thermodynamic/free-energy/closure substrate
L5_ThermodynamicClosure	thermo	structure	SouriauMetriplecticOTFlow	lean/InfoGeometry/Canonical/SouriauMetriplecticOptimalTransport.lean	192	false	thermodynamic/free-energy/closure substrate
L5_ThermodynamicClosure	thermo	theorem	totalFlow_eq_add_at	lean/InfoGeometry/Canonical/SouriauMetriplecticOptimalTransport.lean	213	true	thermodynamic/free-energy/closure substrate
L4_ModularTransport	transport	structure	MetricTransportCompatibility	lean/InfoGeometry/Canonical/SouriauMetriplecticOptimalTransport.lean	226	true	modular/transport/flow substrate
L5_ThermodynamicClosure	thermo	structure	LogRadonNikodymHamiltonian	lean/InfoGeometry/Canonical/SouriauMetriplecticOptimalTransport.lean	236	true	thermodynamic/free-energy/closure substrate
L5_ThermodynamicClosure	thermo	structure	RelativeEntropyReadout	lean/InfoGeometry/Canonical/SouriauMetriplecticOptimalTransport.lean	246	true	thermodynamic/free-energy/closure substrate
L5_ThermodynamicClosure	thermo	structure	JacobianPotentialReadout	lean/InfoGeometry/Canonical/SouriauMetriplecticOptimalTransport.lean	254	true	thermodynamic/free-energy/closure substrate
L5_ThermodynamicClosure	thermo	structure	ModularHamiltonianQuantum	lean/InfoGeometry/Canonical/SouriauMetriplecticOptimalTransport.lean	261	true	thermodynamic/free-energy/closure substrate
L5_ThermodynamicClosure	thermo	structure	DuhamelOperatorDerivativeWitness	lean/InfoGeometry/Canonical/SouriauMetriplecticOptimalTransport.lean	271	true	thermodynamic/free-energy/closure substrate
L5_ThermodynamicClosure	thermo	structure	RenyiModularDeformation	lean/InfoGeometry/Canonical/SouriauMetriplecticOptimalTransport.lean	279	true	thermodynamic/free-energy/closure substrate
L5_ThermodynamicClosure	thermo	structure	OperatorialLogPotentialLayer	lean/InfoGeometry/Canonical/SouriauMetriplecticOptimalTransport.lean	290	true	thermodynamic/free-energy/closure substrate
L5_ThermodynamicClosure	thermo	structure	FiniteSouriauMetriplecticOTBridge	lean/InfoGeometry/Canonical/SouriauMetriplecticOptimalTransport.lean	305	false	thermodynamic/free-energy/closure substrate
L5_ThermodynamicClosure	thermo	structure	LogRadonNikodymData	lean/InfoGeometry/Canonical/SouriauOperatorialLogPotential.lean	34	false	thermodynamic/free-energy/closure substrate
L5_ThermodynamicClosure	thermo	theorem	KL_eq_expectation_logDensity	lean/InfoGeometry/Canonical/SouriauOperatorialLogPotential.lean	50	true	thermodynamic/free-energy/closure substrate
L5_ThermodynamicClosure	thermo	theorem	KL_eq_neg_expectation_surprisalDensity	lean/InfoGeometry/Canonical/SouriauOperatorialLogPotential.lean	55	true	thermodynamic/free-energy/closure substrate
L5_ThermodynamicClosure	thermo	theorem	surprisalDensity_eq_neg_logDensity	lean/InfoGeometry/Canonical/SouriauOperatorialLogPotential.lean	60	true	thermodynamic/free-energy/closure substrate
L5_ThermodynamicClosure	thermo	structure	RegularizedJacobianPotential	lean/InfoGeometry/Canonical/SouriauOperatorialLogPotential.lean	73	true	thermodynamic/free-energy/closure substrate
L5_ThermodynamicClosure	thermo	theorem	volumeCompressionPotential_eq_neg_logDetReg_apply	lean/InfoGeometry/Canonical/SouriauOperatorialLogPotential.lean	86	true	thermodynamic/free-energy/closure substrate
L2_Operator	operator	structure	ModularHamiltonianData	lean/InfoGeometry/Canonical/SouriauOperatorialLogPotential.lean	101	false	operator-algebraic bridge substrate
L2_Operator	operator	def	modularHamiltonian	lean/InfoGeometry/Canonical/SouriauOperatorialLogPotential.lean	119	false	operator-algebraic bridge substrate
L2_Operator	operator	theorem	modularHamiltonian_eq_negativeLogDensity_theorem	lean/InfoGeometry/Canonical/SouriauOperatorialLogPotential.lean	123	true	operator-algebraic bridge substrate
L2_Operator	operator	structure	OperatorialExponentialFamily	lean/InfoGeometry/Canonical/SouriauOperatorialLogPotential.lean	136	false	operator-algebraic bridge substrate
L2_Operator	operator	theorem	operatorialExponentialFamily_eq_untraced	lean/InfoGeometry/Canonical/SouriauOperatorialLogPotential.lean	158	true	operator-algebraic bridge substrate
L2_Operator	operator	theorem	traceClass_untraced_theorem	lean/InfoGeometry/Canonical/SouriauOperatorialLogPotential.lean	164	true	operator-algebraic bridge substrate
L2_Operator	operator	theorem	partitionFunction_eq_trace_theorem	lean/InfoGeometry/Canonical/SouriauOperatorialLogPotential.lean	170	true	operator-algebraic bridge substrate
L2_Operator	operator	theorem	partitionPotential_eq_log_trace_theorem	lean/InfoGeometry/Canonical/SouriauOperatorialLogPotential.lean	176	true	operator-algebraic bridge substrate
L2_Operator	operator	structure	DuhamelOperatorDerivative	lean/InfoGeometry/Canonical/SouriauOperatorialLogPotential.lean	185	false	operator-algebraic bridge substrate
L2_Operator	operator	theorem	duhamelFormula_holds_theorem	lean/InfoGeometry/Canonical/SouriauOperatorialLogPotential.lean	211	true	operator-algebraic bridge substrate
L2_Operator	operator	theorem	higherSimplexOrderedForms_satisfy_theorem	lean/InfoGeometry/Canonical/SouriauOperatorialLogPotential.lean	217	true	operator-algebraic bridge substrate
L2_Operator	operator	theorem	tracedCumulantReadout_holds_theorem	lean/InfoGeometry/Canonical/SouriauOperatorialLogPotential.lean	224	true	operator-algebraic bridge substrate
L2_Operator	operator	structure	MomentGeneratingReadout	lean/InfoGeometry/Canonical/SouriauOperatorialLogPotential.lean	239	false	operator-algebraic bridge substrate
L2_Operator	operator	theorem	firstMoment_holds_theorem	lean/InfoGeometry/Canonical/SouriauOperatorialLogPotential.lean	259	true	operator-algebraic bridge substrate
L2_Operator	operator	theorem	bkmCovariance_holds_theorem	lean/InfoGeometry/Canonical/SouriauOperatorialLogPotential.lean	265	true	operator-algebraic bridge substrate
L2_Operator	operator	theorem	higherCumulant_holds_theorem	lean/InfoGeometry/Canonical/SouriauOperatorialLogPotential.lean	271	true	operator-algebraic bridge substrate
L5_ThermodynamicClosure	thermo	structure	SouriauLieThermoData	lean/InfoGeometry/Canonical/SouriauOperatorialLogPotential.lean	286	false	thermodynamic/free-energy/closure substrate
L5_ThermodynamicClosure	thermo	theorem	K_beta_eq_pairing_apply	lean/InfoGeometry/Canonical/SouriauOperatorialLogPotential.lean	306	true	thermodynamic/free-energy/closure substrate
L5_ThermodynamicClosure	thermo	theorem	partitionPotential_eq_logZ_theorem	lean/InfoGeometry/Canonical/SouriauOperatorialLogPotential.lean	312	true	thermodynamic/free-energy/closure substrate
L5_ThermodynamicClosure	thermo	theorem	gibbsDensity_eq_exp_neg_pairing_sub_Phi	lean/InfoGeometry/Canonical/SouriauOperatorialLogPotential.lean	318	true	thermodynamic/free-energy/closure substrate
L5_ThermodynamicClosure	thermo	theorem	negativeLogGibbsDensity_eq_K_beta_add_Phi	lean/InfoGeometry/Canonical/SouriauOperatorialLogPotential.lean	325	true	thermodynamic/free-energy/closure substrate
L5_ThermodynamicClosure	thermo	theorem	negativeLogGibbsDensity_eq_pairing_add_Phi	lean/InfoGeometry/Canonical/SouriauOperatorialLogPotential.lean	332	true	thermodynamic/free-energy/closure substrate
L5_ThermodynamicClosure	thermo	structure	SouriauNegativeLogRNDerivative	lean/InfoGeometry/Canonical/SouriauOperatorialLogPotential.lean	347	false	thermodynamic/free-energy/closure substrate
L5_ThermodynamicClosure	thermo	def	modularPotential	lean/InfoGeometry/Canonical/SouriauOperatorialLogPotential.lean	369	false	thermodynamic/free-energy/closure substrate
L5_ThermodynamicClosure	thermo	theorem	rnDerivative_eq_gibbsDensity_apply	lean/InfoGeometry/Canonical/SouriauOperatorialLogPotential.lean	374	true	thermodynamic/free-energy/closure substrate
L5_ThermodynamicClosure	thermo	theorem	modularPotential_eq_K_beta_add_Phi	lean/InfoGeometry/Canonical/SouriauOperatorialLogPotential.lean	380	true	thermodynamic/free-energy/closure substrate
L5_ThermodynamicClosure	thermo	theorem	entropy_eq_expectation_modularPotential	lean/InfoGeometry/Canonical/SouriauOperatorialLogPotential.lean	388	true	thermodynamic/free-energy/closure substrate
L5_ThermodynamicClosure	thermo	theorem	souriauEntropy_eq_Phi_add_pairing_Q_beta	lean/InfoGeometry/Canonical/SouriauOperatorialLogPotential.lean	394	true	thermodynamic/free-energy/closure substrate
L5_ThermodynamicClosure	thermo	theorem	entropy_is_expectation_of_modularPotential	lean/InfoGeometry/Canonical/SouriauOperatorialLogPotential.lean	401	true	thermodynamic/free-energy/closure substrate
L5_ThermodynamicClosure	thermo	structure	MomentMapGeneratingPotential	lean/InfoGeometry/Canonical/SouriauOperatorialLogPotential.lean	414	false	thermodynamic/free-energy/closure substrate
L5_ThermodynamicClosure	thermo	theorem	firstVariation_eq_negative_pairing_Q	lean/InfoGeometry/Canonical/SouriauOperatorialLogPotential.lean	430	true	thermodynamic/free-energy/closure substrate
L5_ThermodynamicClosure	thermo	theorem	secondVariation_eq_covariance	lean/InfoGeometry/Canonical/SouriauOperatorialLogPotential.lean	437	true	thermodynamic/free-energy/closure substrate
L5_ThermodynamicClosure	thermo	structure	SouriauKLBregmanWitness	lean/InfoGeometry/Canonical/SouriauOperatorialLogPotential.lean	447	false	thermodynamic/free-energy/closure substrate
L5_ThermodynamicClosure	thermo	theorem	KL_eq_souriau_Bregman	lean/InfoGeometry/Canonical/SouriauOperatorialLogPotential.lean	468	true	thermodynamic/free-energy/closure substrate
L5_ThermodynamicClosure	thermo	theorem	relativeEntropy_eq_expectation_difference	lean/InfoGeometry/Canonical/SouriauOperatorialLogPotential.lean	478	true	thermodynamic/free-energy/closure substrate
L2_Operator	operator	structure	QuantumOperatorialSouriauFamily	lean/InfoGeometry/Canonical/SouriauOperatorialLogPotential.lean	494	false	operator-algebraic bridge substrate
L2_Operator	operator	theorem	modularHamiltonian_eq_Khat_add_logZ	lean/InfoGeometry/Canonical/SouriauOperatorialLogPotential.lean	525	true	operator-algebraic bridge substrate
L2_Operator	operator	theorem	Khat_beta_eq_Jhat_beta	lean/InfoGeometry/Canonical/SouriauOperatorialLogPotential.lean	532	true	operator-algebraic bridge substrate
L5_ThermodynamicClosure	thermo	structure	RenyiMellinSouriauReadout	lean/InfoGeometry/Canonical/SouriauOperatorialLogPotential.lean	545	false	thermodynamic/free-energy/closure substrate
L5_ThermodynamicClosure	thermo	theorem	renyiMellin_eq_temperature_rescaling	lean/InfoGeometry/Canonical/SouriauOperatorialLogPotential.lean	579	true	thermodynamic/free-energy/closure substrate
L5_ThermodynamicClosure	thermo	theorem	renyiLogGenerator_eq_massieu_rescaling_shift	lean/InfoGeometry/Canonical/SouriauOperatorialLogPotential.lean	586	true	thermodynamic/free-energy/closure substrate
L5_ThermodynamicClosure	thermo	theorem	renyiEntropy_eq_logGenerator_div_one_sub_gamma_compat	lean/InfoGeometry/Canonical/SouriauOperatorialLogPotential.lean	598	true	thermodynamic/free-energy/closure substrate
L5_ThermodynamicClosure	thermo	theorem	renyiPartition_pos	lean/InfoGeometry/Canonical/SouriauOperatorialLogPotential.lean	604	true	thermodynamic/free-energy/closure substrate
L5_ThermodynamicClosure	thermo	structure	LieCovarianceAndCocycle	lean/InfoGeometry/Canonical/SouriauOperatorialLogPotential.lean	615	false	thermodynamic/free-energy/closure substrate
L5_ThermodynamicClosure	thermo	structure	SouriauMetriplecticOnsager	lean/InfoGeometry/Canonical/SouriauOperatorialLogPotential.lean	634	false	thermodynamic/free-energy/closure substrate
L5_ThermodynamicClosure	thermo	theorem	force_eq_variation_of_relativeFreeEnergy	lean/InfoGeometry/Canonical/SouriauOperatorialLogPotential.lean	661	true	thermodynamic/free-energy/closure substrate
L5_ThermodynamicClosure	thermo	theorem	dissipativeFlow_eq_onsager_force	lean/InfoGeometry/Canonical/SouriauOperatorialLogPotential.lean	667	true	thermodynamic/free-energy/closure substrate
L5_ThermodynamicClosure	thermo	theorem	freeEnergyDerivative_nonpos_theorem	lean/InfoGeometry/Canonical/SouriauOperatorialLogPotential.lean	673	true	thermodynamic/free-energy/closure substrate
L5_ThermodynamicClosure	thermo	structure	OptimalTransportWitness	lean/InfoGeometry/Canonical/SouriauOperatorialLogPotential.lean	683	false	thermodynamic/free-energy/closure substrate
L5_ThermodynamicClosure	thermo	structure	GenericMetriplecticCompatibility	lean/InfoGeometry/Canonical/SouriauOperatorialLogPotential.lean	707	false	thermodynamic/free-energy/closure substrate
L5_ThermodynamicClosure	thermo	theorem	dE_eq_zero_and_dS_nonneg	lean/InfoGeometry/Canonical/SouriauOperatorialLogPotential.lean	733	true	thermodynamic/free-energy/closure substrate
L2_Operator	operator	structure	ConstructiveSouriauTomitaLogPotentialOwner	lean/InfoGeometry/Canonical/SouriauOperatorialLogPotential.lean	777	false	operator-algebraic bridge substrate
L2_Operator	operator	def	logContext	lean/InfoGeometry/Canonical/SouriauOperatorialLogPotential.lean	787	false	operator-algebraic bridge substrate
L2_Operator	operator	def	negativeLogDensity	lean/InfoGeometry/Canonical/SouriauOperatorialLogPotential.lean	792	false	operator-algebraic bridge substrate
L2_Operator	operator	def	modularHamiltonian	lean/InfoGeometry/Canonical/SouriauOperatorialLogPotential.lean	797	false	operator-algebraic bridge substrate
L2_Operator	operator	def	standardFormCarrier	lean/InfoGeometry/Canonical/SouriauOperatorialLogPotential.lean	802	false	operator-algebraic bridge substrate
L2_Operator	operator	def	souriauMomentAtGeometricTemperature	lean/InfoGeometry/Canonical/SouriauOperatorialLogPotential.lean	807	false	operator-algebraic bridge substrate
L2_Operator	operator	def	untracedModularFamily	lean/InfoGeometry/Canonical/SouriauOperatorialLogPotential.lean	813	false	operator-algebraic bridge substrate
L2_Operator	operator	theorem	negativeLogDensity_eq_modularHamiltonian	lean/InfoGeometry/Canonical/SouriauOperatorialLogPotential.lean	818	true	operator-algebraic bridge substrate
L2_Operator	operator	theorem	standardFormCarrier_Delta_eq_modularHamiltonian	lean/InfoGeometry/Canonical/SouriauOperatorialLogPotential.lean	824	true	operator-algebraic bridge substrate
L2_Operator	operator	theorem	standardFormCarrier_modularFlow_eq_untracedModularFamily	lean/InfoGeometry/Canonical/SouriauOperatorialLogPotential.lean	830	true	operator-algebraic bridge substrate
L2_Operator	operator	theorem	modularHamiltonian_eq_moment_geometricTemperature_constructive	lean/InfoGeometry/Canonical/SouriauOperatorialLogPotential.lean	836	true	operator-algebraic bridge substrate
L2_Operator	operator	theorem	untracedExponential_apply_eq_modular_shift	lean/InfoGeometry/Canonical/SouriauOperatorialLogPotential.lean	842	true	operator-algebraic bridge substrate
L2_Operator	operator	theorem	constructive_operatorial_log_potential_packet	lean/InfoGeometry/Canonical/SouriauOperatorialLogPotential.lean	853	true	operator-algebraic bridge substrate
L2_Operator	operator	structure	UntracedSouriauOperatorialExponentialFamily	lean/InfoGeometry/Canonical/SouriauOperatorialLogPotential.lean	876	false	operator-algebraic bridge substrate
L2_Operator	operator	def	generator	lean/InfoGeometry/Canonical/SouriauOperatorialLogPotential.lean	885	false	operator-algebraic bridge substrate
L2_Operator	operator	def	family	lean/InfoGeometry/Canonical/SouriauOperatorialLogPotential.lean	890	false	operator-algebraic bridge substrate
L2_Operator	operator	theorem	family_apply_eq_modular_shift	lean/InfoGeometry/Canonical/SouriauOperatorialLogPotential.lean	895	true	operator-algebraic bridge substrate
L4_ModularTransport	transport	def	souriauTemperatureVector	lean/InfoGeometry/Canonical/SouriauPlanckVector.lean	34	false	modular/transport/flow substrate
L4_ModularTransport	transport	def	IsSouriauEquilibrium	lean/InfoGeometry/Canonical/SouriauPlanckVector.lean	43	true	modular/transport/flow substrate
L4_ModularTransport	transport	def	AdmissibleTemperatureCone	lean/InfoGeometry/Canonical/SouriauPlanckVector.lean	56	false	modular/transport/flow substrate
L4_ModularTransport	transport	theorem	mem_AdmissibleTemperatureCone_iff	lean/InfoGeometry/Canonical/SouriauPlanckVector.lean	62	true	modular/transport/flow substrate
L4_ModularTransport	transport	structure	GibbsSouriauEquilibriumSeed	lean/InfoGeometry/Canonical/SouriauPlanckVector.lean	74	true	modular/transport/flow substrate
L4_ModularTransport	transport	theorem	equilibriumSeed_of_probeFaithful_of_firstVariation_eq_zero	lean/InfoGeometry/Canonical/SouriauPlanckVector.lean	86	true	modular/transport/flow substrate
L4_ModularTransport	transport	theorem	admissibleTemperature_of_equilibriumSeed	lean/InfoGeometry/Canonical/SouriauPlanckVector.lean	101	true	modular/transport/flow substrate
L4_ModularTransport	transport	theorem	souriauEquilibrium_of_equilibriumSeed	lean/InfoGeometry/Canonical/SouriauPlanckVector.lean	116	true	modular/transport/flow substrate
L4_ModularTransport	transport	theorem	isThermodynamicReadoutStationary_of_equilibriumSeed	lean/InfoGeometry/Canonical/SouriauPlanckVector.lean	131	true	modular/transport/flow substrate
L4_ModularTransport	transport	theorem	isThermodynamicReadoutStationary_of_firstVariation_eq_zero_of_probeFaithful	lean/InfoGeometry/Canonical/SouriauPlanckVector.lean	147	true	modular/transport/flow substrate
L4_ModularTransport	transport	theorem	comparisonReadout_pair_eq_zero_of_equilibriumSeed	lean/InfoGeometry/Canonical/SouriauPlanckVector.lean	166	true	modular/transport/flow substrate
L5_ThermodynamicClosure	thermo	structure	EntropyFisherInverseGate	lean/InfoGeometry/Canonical/SouriauTheoremTranslatorPacket.lean	81	false	thermodynamic/free-energy/closure substrate
L5_ThermodynamicClosure	thermo	theorem	claimD_entropy_hessian_eq_fisher_inverse	lean/InfoGeometry/Canonical/SouriauTheoremTranslatorPacket.lean	90	true	thermodynamic/free-energy/closure substrate
L5_ThermodynamicClosure	thermo	theorem	claimD_scalarLegendre_inverseHessian_eq_inv_fisher	lean/InfoGeometry/Canonical/SouriauTheoremTranslatorPacket.lean	107	true	thermodynamic/free-energy/closure substrate
L5_ThermodynamicClosure	thermo	theorem	claimD_operatorLegendre_inverseHessian_eq_inverseFisher_packet	lean/InfoGeometry/Canonical/SouriauTheoremTranslatorPacket.lean	133	true	thermodynamic/free-energy/closure substrate
L5_ThermodynamicClosure	thermo	structure	StrictOnsagerEquilibriumGate	lean/InfoGeometry/Canonical/SouriauTheoremTranslatorPacket.lean	161	false	thermodynamic/free-energy/closure substrate
L5_ThermodynamicClosure	thermo	theorem	claimE_entropyProduction_eq_zero_iff_force_zero	lean/InfoGeometry/Canonical/SouriauTheoremTranslatorPacket.lean	173	true	thermodynamic/free-energy/closure substrate
L5_ThermodynamicClosure	thermo	theorem	claimA_massieu_eq_log_partition	lean/InfoGeometry/Canonical/SouriauTheoremTranslatorPacket.lean	189	true	thermodynamic/free-energy/closure substrate
L5_ThermodynamicClosure	thermo	theorem	claimB_firstDerivatives_eq_moments	lean/InfoGeometry/Canonical/SouriauTheoremTranslatorPacket.lean	205	true	thermodynamic/free-energy/closure substrate
L5_ThermodynamicClosure	thermo	theorem	claimC_hessian_eq_fisher_eq_covariance	lean/InfoGeometry/Canonical/SouriauTheoremTranslatorPacket.lean	225	true	thermodynamic/free-energy/closure substrate
L5_ThermodynamicClosure	thermo	theorem	claimD_fenchelLegendre_contact_packet	lean/InfoGeometry/Canonical/SouriauTheoremTranslatorPacket.lean	258	true	thermodynamic/free-energy/closure substrate
L5_ThermodynamicClosure	thermo	theorem	claimE_entropyProduction_nonneg_of_PSD	lean/InfoGeometry/Canonical/SouriauTheoremTranslatorPacket.lean	278	true	thermodynamic/free-energy/closure substrate
L5_ThermodynamicClosure	thermo	theorem	claimE_entropyProduction_nonneg_of_det_nonneg	lean/InfoGeometry/Canonical/SouriauTheoremTranslatorPacket.lean	293	true	thermodynamic/free-energy/closure substrate
L5_ThermodynamicClosure	thermo	theorem	claimE_entropyProduction_eq_zero_iff_force_zero_of_PD	lean/InfoGeometry/Canonical/SouriauTheoremTranslatorPacket.lean	306	true	thermodynamic/free-energy/closure substrate
L5_ThermodynamicClosure	thermo	theorem	structuredSouriauTranslatorPacket	lean/InfoGeometry/Canonical/SouriauTheoremTranslatorPacket.lean	327	true	thermodynamic/free-energy/closure substrate
L5_ThermodynamicClosure	thermo	theorem	structuredSouriauTranslatorPacket_of_det_nonneg	lean/InfoGeometry/Canonical/SouriauTheoremTranslatorPacket.lean	365	true	thermodynamic/free-energy/closure substrate
L5_ThermodynamicClosure	thermo	theorem	claimK_kktEntropyStationarity_packet	lean/InfoGeometry/Canonical/SouriauTheoremTranslatorPacket.lean	411	true	thermodynamic/free-energy/closure substrate
L5_ThermodynamicClosure	thermo	theorem	claimW_representationWeight_lifts_to_densityTransport	lean/InfoGeometry/Canonical/SouriauTheoremTranslatorPacket.lean	433	true	thermodynamic/free-energy/closure substrate
L5_ThermodynamicClosure	thermo	theorem	claimS_superCoadjoint_stress_supercurrent_readouts	lean/InfoGeometry/Canonical/SouriauTheoremTranslatorPacket.lean	451	true	thermodynamic/free-energy/closure substrate
L5_ThermodynamicClosure	thermo	theorem	claimF_superSouriauFermionGas_packet	lean/InfoGeometry/Canonical/SouriauTheoremTranslatorPacket.lean	477	true	thermodynamic/free-energy/closure substrate
L5_ThermodynamicClosure	thermo	theorem	claimF_superSouriauFermionGas_packet_ofIdentityBalancedStress	lean/InfoGeometry/Canonical/SouriauTheoremTranslatorPacket.lean	543	true	thermodynamic/free-energy/closure substrate
L5_ThermodynamicClosure	thermo	theorem	claimG_infiniteSuperCoadjointMetriplectic_packet	lean/InfoGeometry/Canonical/SouriauTheoremTranslatorPacket.lean	633	true	thermodynamic/free-energy/closure substrate
L4_ModularTransport	transport	theorem	claimT_splitCl44_TKK_JordanLie_packet	lean/InfoGeometry/Canonical/SouriauTheoremTranslatorPacket.lean	676	true	modular/transport/flow substrate
L5_ThermodynamicClosure	thermo	theorem	claimM_coadjointLeaf_Casimir_transverseOnsager_packet	lean/InfoGeometry/Canonical/SouriauTheoremTranslatorPacket.lean	721	true	thermodynamic/free-energy/closure substrate
L5_ThermodynamicClosure	thermo	theorem	claimM_coadjointLeaf_Casimir_transverseOnsager_square_packet	lean/InfoGeometry/Canonical/SouriauTheoremTranslatorPacket.lean	744	true	thermodynamic/free-energy/closure substrate
L5_ThermodynamicClosure	thermo	theorem	structuredSouriauKKTTranslatorPacket	lean/InfoGeometry/Canonical/SouriauTheoremTranslatorPacket.lean	794	true	thermodynamic/free-energy/closure substrate
L5_ThermodynamicClosure	thermo	theorem	structuredSouriauKKTTranslatorPacket_ofExactResiduals	lean/InfoGeometry/Canonical/SouriauTheoremTranslatorPacket.lean	835	true	thermodynamic/free-energy/closure substrate
L5_ThermodynamicClosure	thermo	theorem	structuredSouriauKKTTranslatorPacket_ofExactResiduals_det_nonneg	lean/InfoGeometry/Canonical/SouriauTheoremTranslatorPacket.lean	875	true	thermodynamic/free-energy/closure substrate
L5_ThermodynamicClosure	thermo	theorem	analyticEnrichmentTranslatorPacket	lean/InfoGeometry/Canonical/SouriauTheoremTranslatorPacket.lean	919	true	thermodynamic/free-energy/closure substrate
L5_ThermodynamicClosure	thermo	theorem	claimCD_fullCoadjointOrbit_hessian_packet	lean/InfoGeometry/Canonical/SouriauTheoremTranslatorPacket.lean	942	true	thermodynamic/free-energy/closure substrate
L5_ThermodynamicClosure	thermo	theorem	claimCD_fullCoadjointOrbit_strict_hessian_packet	lean/InfoGeometry/Canonical/SouriauTheoremTranslatorPacket.lean	965	true	thermodynamic/free-energy/closure substrate
L5_ThermodynamicClosure	thermo	theorem	claimCDE_fullCoadjointOrbit_hessian_metriplectic_packet	lean/InfoGeometry/Canonical/SouriauTheoremTranslatorPacket.lean	991	true	thermodynamic/free-energy/closure substrate
L5_ThermodynamicClosure	thermo	theorem	claimCDE_fullCoadjointOrbit_strict_hessian_metriplectic_packet	lean/InfoGeometry/Canonical/SouriauTheoremTranslatorPacket.lean	1019	true	thermodynamic/free-energy/closure substrate
L5_ThermodynamicClosure	thermo	structure	SouriauThermalEvaluation	lean/InfoGeometry/Canonical/SouriauThermalEvaluation.lean	22	true	thermodynamic/free-energy/closure substrate
L5_ThermodynamicClosure	thermo	def	evaluatedPrimeMonomial	lean/InfoGeometry/Canonical/SouriauThermalEvaluation.lean	31	false	thermodynamic/free-energy/closure substrate
L5_ThermodynamicClosure	thermo	def	finiteEvaluatedDenominator	lean/InfoGeometry/Canonical/SouriauThermalEvaluation.lean	37	false	thermodynamic/free-energy/closure substrate
L5_ThermodynamicClosure	thermo	def	finiteEvaluatedAlternatingSum	lean/InfoGeometry/Canonical/SouriauThermalEvaluation.lean	43	false	thermodynamic/free-energy/closure substrate
L5_ThermodynamicClosure	thermo	theorem	finite_euler_weyl_identity	lean/InfoGeometry/Canonical/SouriauThermalEvaluation.lean	52	true	thermodynamic/free-energy/closure substrate
L5_ThermodynamicClosure	thermo	def	rootThermalEvaluation	lean/InfoGeometry/Canonical/SouriauThermalEvaluation.lean	61	false	thermodynamic/free-energy/closure substrate
L5_ThermodynamicClosure	thermo	def	finiteParityProduct	lean/InfoGeometry/Canonical/SouriauThermalEvaluation.lean	67	false	thermodynamic/free-energy/closure substrate
L5_ThermodynamicClosure	thermo	def	finiteParitySubsetSum	lean/InfoGeometry/Canonical/SouriauThermalEvaluation.lean	73	false	thermodynamic/free-energy/closure substrate
L5_ThermodynamicClosure	thermo	def	splitFiniteParityTrace	lean/InfoGeometry/Canonical/SouriauThermalEvaluation.lean	79	false	thermodynamic/free-energy/closure substrate
L5_ThermodynamicClosure	thermo	def	splitFiniteParitySupertrace	lean/InfoGeometry/Canonical/SouriauThermalEvaluation.lean	85	false	thermodynamic/free-energy/closure substrate
L5_ThermodynamicClosure	thermo	structure	CartanSubalgebra	lean/InfoGeometry/Canonical/SouriauThermodynamics.lean	40	false	thermodynamic/free-energy/closure substrate
L5_ThermodynamicClosure	thermo	structure	SouriauTemperature	lean/InfoGeometry/Canonical/SouriauThermodynamics.lean	52	false	thermodynamic/free-energy/closure substrate
L5_ThermodynamicClosure	thermo	structure	ThermalRepresentation	lean/InfoGeometry/Canonical/SouriauThermodynamics.lean	62	false	thermodynamic/free-energy/closure substrate
L5_ThermodynamicClosure	thermo	theorem	partitionFunction_eq_character_at	lean/InfoGeometry/Canonical/SouriauThermodynamics.lean	74	true	thermodynamic/free-energy/closure substrate
L5_ThermodynamicClosure	thermo	def	partitionFunction	lean/InfoGeometry/Canonical/SouriauThermodynamics.lean	82	false	thermodynamic/free-energy/closure substrate
L5_ThermodynamicClosure	thermo	theorem	partitionFunction_eq_character	lean/InfoGeometry/Canonical/SouriauThermodynamics.lean	89	true	thermodynamic/free-energy/closure substrate
L5_ThermodynamicClosure	thermo	structure	GeneralizedSouriauTemperature	lean/InfoGeometry/Canonical/SouriauThermodynamics.lean	98	false	thermodynamic/free-energy/closure substrate
L5_ThermodynamicClosure	thermo	structure	ClassicalMomentMap	lean/InfoGeometry/Canonical/SouriauThermodynamics.lean	104	false	thermodynamic/free-energy/closure substrate
L5_ThermodynamicClosure	thermo	def	classicalThermalHamiltonian	lean/InfoGeometry/Canonical/SouriauThermodynamics.lean	108	false	thermodynamic/free-energy/closure substrate
L5_ThermodynamicClosure	thermo	def	classicalGibbsWeight	lean/InfoGeometry/Canonical/SouriauThermodynamics.lean	116	false	thermodynamic/free-energy/closure substrate
L5_ThermodynamicClosure	thermo	structure	QuantumRepresentationLayer	lean/InfoGeometry/Canonical/SouriauThermodynamics.lean	125	true	thermodynamic/free-energy/closure substrate
L5_ThermodynamicClosure	thermo	def	quantumThermalGenerator	lean/InfoGeometry/Canonical/SouriauThermodynamics.lean	130	false	thermodynamic/free-energy/closure substrate
L5_ThermodynamicClosure	thermo	def	quantumPartitionFunction	lean/InfoGeometry/Canonical/SouriauThermodynamics.lean	138	false	thermodynamic/free-energy/closure substrate
L5_ThermodynamicClosure	thermo	structure	WeightDecompositionWitness	lean/InfoGeometry/Canonical/SouriauThermodynamics.lean	147	false	thermodynamic/free-energy/closure substrate
L5_ThermodynamicClosure	thermo	def	quantumCharacterIfWeighted	lean/InfoGeometry/Canonical/SouriauThermodynamics.lean	153	false	thermodynamic/free-energy/closure substrate
L4_ModularTransport	transport	def	souriauWeightAt	lean/InfoGeometry/Canonical/SouriauThermodynamics.lean	190	false	modular/transport/flow substrate
L4_ModularTransport	transport	def	geometricTemperatureWeightPairing	lean/InfoGeometry/Canonical/SouriauThermodynamics.lean	200	false	modular/transport/flow substrate
L4_ModularTransport	transport	def	toGrandCanonicalTwoParam	lean/InfoGeometry/Canonical/SouriauThermodynamics.lean	206	false	modular/transport/flow substrate
L4_ModularTransport	transport	def	shiftedMomentReadout	lean/InfoGeometry/Canonical/SouriauThermodynamics.lean	213	false	modular/transport/flow substrate
L4_ModularTransport	transport	theorem	geometricTemperatureWeightPairing_eq_beta_mul_shiftedMomentReadout	lean/InfoGeometry/Canonical/SouriauThermodynamics.lean	222	true	modular/transport/flow substrate
L4_ModularTransport	transport	def	souriauUnnormalizedDensity	lean/InfoGeometry/Canonical/SouriauThermodynamics.lean	233	false	modular/transport/flow substrate
L4_ModularTransport	transport	theorem	souriauUnnormalizedDensity_eq_gc_exponential	lean/InfoGeometry/Canonical/SouriauThermodynamics.lean	239	true	modular/transport/flow substrate
L4_ModularTransport	transport	def	souriauPartition	lean/InfoGeometry/Canonical/SouriauThermodynamics.lean	249	false	modular/transport/flow substrate
L4_ModularTransport	transport	theorem	souriauPartition_eq_partitionGC	lean/InfoGeometry/Canonical/SouriauThermodynamics.lean	255	true	modular/transport/flow substrate
L4_ModularTransport	transport	theorem	souriauPartition_pos	lean/InfoGeometry/Canonical/SouriauThermodynamics.lean	268	true	modular/transport/flow substrate
L4_ModularTransport	transport	def	souriauGibbsWeight	lean/InfoGeometry/Canonical/SouriauThermodynamics.lean	277	false	modular/transport/flow substrate
L4_ModularTransport	transport	theorem	souriauGibbsWeight_eq_density_div_partition	lean/InfoGeometry/Canonical/SouriauThermodynamics.lean	287	true	modular/transport/flow substrate
L4_ModularTransport	transport	theorem	souriauGibbsWeight_nonneg	lean/InfoGeometry/Canonical/SouriauThermodynamics.lean	299	true	modular/transport/flow substrate
L4_ModularTransport	transport	theorem	souriauGibbsWeight_pos	lean/InfoGeometry/Canonical/SouriauThermodynamics.lean	307	true	modular/transport/flow substrate
L4_ModularTransport	transport	theorem	souriauGibbsWeight_sum_one	lean/InfoGeometry/Canonical/SouriauThermodynamics.lean	315	true	modular/transport/flow substrate
L4_ModularTransport	transport	def	souriauMassieuPotential	lean/InfoGeometry/Canonical/SouriauThermodynamics.lean	323	false	modular/transport/flow substrate
L4_ModularTransport	transport	theorem	souriauMassieuPotential_eq_log_partition	lean/InfoGeometry/Canonical/SouriauThermodynamics.lean	330	true	modular/transport/flow substrate
L4_ModularTransport	transport	def	souriauMeanShift	lean/InfoGeometry/Canonical/SouriauThermodynamics.lean	338	false	modular/transport/flow substrate
L4_ModularTransport	transport	def	souriauMeanNumber	lean/InfoGeometry/Canonical/SouriauThermodynamics.lean	345	false	modular/transport/flow substrate
L4_ModularTransport	transport	def	souriauExpectedWeightPairing	lean/InfoGeometry/Canonical/SouriauThermodynamics.lean	354	false	modular/transport/flow substrate
L4_ModularTransport	transport	theorem	souriauExpectedWeightPairing_eq_beta_mul_meanShift	lean/InfoGeometry/Canonical/SouriauThermodynamics.lean	362	true	modular/transport/flow substrate
L4_ModularTransport	transport	def	souriauThermodynamicEntropy	lean/InfoGeometry/Canonical/SouriauThermodynamics.lean	379	false	modular/transport/flow substrate
L4_ModularTransport	transport	theorem	souriauThermodynamicEntropy_eq_massieu_add_beta_mul_meanShift	lean/InfoGeometry/Canonical/SouriauThermodynamics.lean	386	true	modular/transport/flow substrate
L4_ModularTransport	transport	def	souriauFisherResponseMatrix	lean/InfoGeometry/Canonical/SouriauThermodynamics.lean	398	false	modular/transport/flow substrate
L4_ModularTransport	transport	def	souriauFisherMetricMatrix	lean/InfoGeometry/Canonical/SouriauThermodynamics.lean	405	false	modular/transport/flow substrate
L4_ModularTransport	transport	theorem	souriauFisher_betaBeta_eq_varianceShift	lean/InfoGeometry/Canonical/SouriauThermodynamics.lean	414	true	modular/transport/flow substrate
L4_ModularTransport	transport	theorem	souriauFisher_betaBeta_nonneg	lean/InfoGeometry/Canonical/SouriauThermodynamics.lean	424	true	modular/transport/flow substrate
L4_ModularTransport	transport	theorem	souriauFisher_muMu_eq_beta_sq_varianceNumber	lean/InfoGeometry/Canonical/SouriauThermodynamics.lean	433	true	modular/transport/flow substrate
L4_ModularTransport	transport	theorem	souriauFisher_muMu_nonneg	lean/InfoGeometry/Canonical/SouriauThermodynamics.lean	445	true	modular/transport/flow substrate
L4_ModularTransport	transport	theorem	souriauFisher_betaMu_eq_meanNumber_sub_beta_mul_covariance	lean/InfoGeometry/Canonical/SouriauThermodynamics.lean	455	true	modular/transport/flow substrate
L4_ModularTransport	transport	theorem	souriauFisher_muBeta_eq_meanNumber_sub_beta_mul_covariance	lean/InfoGeometry/Canonical/SouriauThermodynamics.lean	467	true	modular/transport/flow substrate
L4_ModularTransport	transport	theorem	souriauFisherResponseMatrix_symmetric	lean/InfoGeometry/Canonical/SouriauThermodynamics.lean	479	true	modular/transport/flow substrate
L4_ModularTransport	transport	theorem	souriauFisherMetricMatrix_isSymm	lean/InfoGeometry/Canonical/SouriauThermodynamics.lean	488	true	modular/transport/flow substrate
L4_ModularTransport	transport	theorem	souriauFisherResponseMatrix_positiveSemidefinite_of_det_nonneg	lean/InfoGeometry/Canonical/SouriauThermodynamics.lean	509	true	modular/transport/flow substrate
L4_ModularTransport	transport	def	souriauFisherInverseMetricResponse	lean/InfoGeometry/Canonical/SouriauThermodynamics.lean	526	false	modular/transport/flow substrate
L4_ModularTransport	transport	def	souriauFisherInverseMetricMatrix	lean/InfoGeometry/Canonical/SouriauThermodynamics.lean	533	false	modular/transport/flow substrate
L4_ModularTransport	transport	theorem	souriauFisherInverseMetricResponse_symmetric	lean/InfoGeometry/Canonical/SouriauThermodynamics.lean	542	true	modular/transport/flow substrate
L4_ModularTransport	transport	theorem	souriauFisher_comp_inverseMetric_of_det_ne_zero	lean/InfoGeometry/Canonical/SouriauThermodynamics.lean	551	true	modular/transport/flow substrate
L4_ModularTransport	transport	theorem	souriauFisher_inverseMetric_comp_of_det_ne_zero	lean/InfoGeometry/Canonical/SouriauThermodynamics.lean	562	true	modular/transport/flow substrate
L4_ModularTransport	transport	def	souriauEntropyProduction	lean/InfoGeometry/Canonical/SouriauThermodynamics.lean	576	false	modular/transport/flow substrate
L4_ModularTransport	transport	theorem	souriauEntropyProduction_nonneg_of_positiveSemidefinite	lean/InfoGeometry/Canonical/SouriauThermodynamics.lean	586	true	modular/transport/flow substrate
L4_ModularTransport	transport	theorem	souriauEntropyProduction_nonneg_of_det_nonneg	lean/InfoGeometry/Canonical/SouriauThermodynamics.lean	603	true	modular/transport/flow substrate
L4_ModularTransport	transport	theorem	souriauEntropyProduction_eq_zero_iff_force_zero_of_positiveDefinite	lean/InfoGeometry/Canonical/SouriauThermodynamics.lean	621	true	modular/transport/flow substrate
L4_ModularTransport	transport	theorem	souriauFisherOnsager_proof_packet	lean/InfoGeometry/Canonical/SouriauThermodynamics.lean	647	true	modular/transport/flow substrate
L4_ModularTransport	transport	theorem	souriau_beta_conjugate_shifted_readout	lean/InfoGeometry/Canonical/SouriauThermodynamics.lean	674	true	modular/transport/flow substrate
L4_ModularTransport	transport	theorem	souriau_mu_conjugate_number_readout	lean/InfoGeometry/Canonical/SouriauThermodynamics.lean	685	true	modular/transport/flow substrate
L4_ModularTransport	transport	theorem	gibbsSouriau_massieu_fisher_onsager_secondLaw_packet	lean/InfoGeometry/Canonical/SouriauThermodynamics.lean	709	true	modular/transport/flow substrate
L4_ModularTransport	transport	theorem	souriau_canonical_hessian_eq_variance	lean/InfoGeometry/Canonical/SouriauThermodynamics.lean	746	true	modular/transport/flow substrate
L4_ModularTransport	transport	def	souriauPartitionAsCharacter	lean/InfoGeometry/Canonical/SouriauThermodynamics.lean	765	false	modular/transport/flow substrate
L4_ModularTransport	transport	theorem	souriauPartitionAsCharacter_eq_souriauPartition	lean/InfoGeometry/Canonical/SouriauThermodynamics.lean	774	true	modular/transport/flow substrate
L2_Operator	operator	structure	SouriauTomitaLogContext	lean/InfoGeometry/Canonical/SouriauTomitaModularFlowBridge.lean	43	false	operator-algebraic bridge substrate
L2_Operator	operator	def	toRealModularLogData	lean/InfoGeometry/Canonical/SouriauTomitaModularFlowBridge.lean	52	false	operator-algebraic bridge substrate
L2_Operator	operator	theorem	tomita_deltaLog_eq_thermalGenerator	lean/InfoGeometry/Canonical/SouriauTomitaModularFlowBridge.lean	57	true	operator-algebraic bridge substrate
L2_Operator	operator	def	modularHamiltonian	lean/InfoGeometry/Canonical/SouriauTomitaModularFlowBridge.lean	69	false	operator-algebraic bridge substrate
L2_Operator	operator	def	souriauAdditiveModularFlow	lean/InfoGeometry/Canonical/SouriauTomitaModularFlowBridge.lean	74	false	operator-algebraic bridge substrate
L2_Operator	operator	def	tomitaAdditiveModularFlow	lean/InfoGeometry/Canonical/SouriauTomitaModularFlowBridge.lean	79	false	operator-algebraic bridge substrate
L2_Operator	operator	theorem	tomitaAdditiveModularFlow_eq_generator_modularHamiltonian	lean/InfoGeometry/Canonical/SouriauTomitaModularFlowBridge.lean	87	true	operator-algebraic bridge substrate
L2_Operator	operator	def	toStandardFormSeed	lean/InfoGeometry/Canonical/SouriauTomitaModularFlowBridge.lean	98	false	operator-algebraic bridge substrate
L2_Operator	operator	def	toStandardFormCarrier	lean/InfoGeometry/Canonical/SouriauTomitaModularFlowBridge.lean	116	false	operator-algebraic bridge substrate
L2_Operator	operator	theorem	toStandardFormCarrier_Delta_eq_modularHamiltonian	lean/InfoGeometry/Canonical/SouriauTomitaModularFlowBridge.lean	124	true	operator-algebraic bridge substrate
L2_Operator	operator	theorem	toStandardFormCarrier_modularFlow_apply	lean/InfoGeometry/Canonical/SouriauTomitaModularFlowBridge.lean	130	true	operator-algebraic bridge substrate
L2_Operator	operator	theorem	tomita_flow_eq_souriau_modularTransportFlow	lean/InfoGeometry/Canonical/SouriauTomitaModularFlowBridge.lean	146	true	operator-algebraic bridge substrate
L2_Operator	operator	theorem	souriauAdditiveModularFlow_apply_eq_modular_shift	lean/InfoGeometry/Canonical/SouriauTomitaModularFlowBridge.lean	155	true	operator-algebraic bridge substrate
L2_Operator	operator	theorem	souriauModularGenerator_eq_moment_geometricTemperature	lean/InfoGeometry/Canonical/SouriauTomitaModularFlowBridge.lean	165	true	operator-algebraic bridge substrate
L2_Operator	operator	theorem	modularHamiltonian_eq_moment_geometricTemperature	lean/InfoGeometry/Canonical/SouriauTomitaModularFlowBridge.lean	172	true	operator-algebraic bridge substrate
L2_Operator	operator	theorem	tomita_deltaLog_eq_modularHamiltonian	lean/InfoGeometry/Canonical/SouriauTomitaModularFlowBridge.lean	181	true	operator-algebraic bridge substrate
L2_Operator	operator	theorem	souriauAdditiveModularFlow_apply_eq_modularHamiltonian_shift	lean/InfoGeometry/Canonical/SouriauTomitaModularFlowBridge.lean	187	true	operator-algebraic bridge substrate
L2_Operator	operator	structure	MatchedCarrierOwner	lean/InfoGeometry/Canonical/SouriauTomitaModularFlowBridge.lean	201	false	operator-algebraic bridge substrate
L2_Operator	operator	def	negativeLogDensity	lean/InfoGeometry/Canonical/SouriauTomitaModularFlowBridge.lean	210	false	operator-algebraic bridge substrate
L2_Operator	operator	def	modularHamiltonian	lean/InfoGeometry/Canonical/SouriauTomitaModularFlowBridge.lean	215	false	operator-algebraic bridge substrate
L2_Operator	operator	def	standardFormCarrier	lean/InfoGeometry/Canonical/SouriauTomitaModularFlowBridge.lean	220	false	operator-algebraic bridge substrate
L2_Operator	operator	def	modularFamily	lean/InfoGeometry/Canonical/SouriauTomitaModularFlowBridge.lean	225	false	operator-algebraic bridge substrate
L2_Operator	operator	theorem	negativeLogDensity_eq_modularHamiltonian	lean/InfoGeometry/Canonical/SouriauTomitaModularFlowBridge.lean	230	true	operator-algebraic bridge substrate
L2_Operator	operator	theorem	standardFormCarrier_Delta_eq_modularHamiltonian	lean/InfoGeometry/Canonical/SouriauTomitaModularFlowBridge.lean	236	true	operator-algebraic bridge substrate
L2_Operator	operator	theorem	standardFormCarrier_modularFlow_eq_modularFamily	lean/InfoGeometry/Canonical/SouriauTomitaModularFlowBridge.lean	242	true	operator-algebraic bridge substrate
L2_Operator	operator	theorem	modularFamily_apply_eq_modular_shift	lean/InfoGeometry/Canonical/SouriauTomitaModularFlowBridge.lean	252	true	operator-algebraic bridge substrate
L2_Operator	operator	theorem	matchedCarrier_packet	lean/InfoGeometry/Canonical/SouriauTomitaModularFlowBridge.lean	262	true	operator-algebraic bridge substrate
L2_Operator	operator	def	zeroThermalSouriauMoment	lean/InfoGeometry/Canonical/SouriauTomitaModularFlowBridge.lean	281	false	operator-algebraic bridge substrate
L2_Operator	operator	def	SouriauTomitaLogContext.ofZeroThermalMoment	lean/InfoGeometry/Canonical/SouriauTomitaModularFlowBridge.lean	294	false	operator-algebraic bridge substrate
L2_Operator	operator	theorem	modularHamiltonian_zero_ofZeroThermalMoment	lean/InfoGeometry/Canonical/SouriauTomitaModularFlowBridge.lean	303	true	operator-algebraic bridge substrate
L2_Operator	operator	structure	SouriauTomitaKMSContext	lean/InfoGeometry/Canonical/SouriauTomitaModularFlowBridge.lean	320	false	operator-algebraic bridge substrate
L2_Operator	operator	theorem	mk_of_state_kms	lean/InfoGeometry/Canonical/SouriauTomitaModularFlowBridge.lean	333	true	operator-algebraic bridge substrate
L2_Operator	operator	def	sigma	lean/InfoGeometry/Canonical/SouriauTomitaModularFlowBridge.lean	352	false	operator-algebraic bridge substrate
L2_Operator	operator	def	modularBeta	lean/InfoGeometry/Canonical/SouriauTomitaModularFlowBridge.lean	357	false	operator-algebraic bridge substrate
L2_Operator	operator	theorem	kms_eval_mul_souriau_modular_eq_eval_flip	lean/InfoGeometry/Canonical/SouriauTomitaModularFlowBridge.lean	362	true	operator-algebraic bridge substrate
L2_Operator	operator	theorem	sigma_add	lean/InfoGeometry/Canonical/SouriauTomitaModularFlowBridge.lean	377	true	operator-algebraic bridge substrate
L2_Operator	operator	theorem	sigma_zero	lean/InfoGeometry/Canonical/SouriauTomitaModularFlowBridge.lean	383	true	operator-algebraic bridge substrate
L2_Operator	operator	theorem	modularHamiltonian_eq_moment_geometricTemperature	lean/InfoGeometry/Canonical/SouriauTomitaModularFlowBridge.lean	389	true	operator-algebraic bridge substrate
L2_Operator	operator	theorem	constructive_kms_packet	lean/InfoGeometry/Canonical/SouriauTomitaModularFlowBridge.lean	397	true	operator-algebraic bridge substrate
L2_Operator	operator	structure	MinimalSouriauTomitaKMSContext	lean/InfoGeometry/Canonical/SouriauTomitaModularFlowBridge.lean	421	false	operator-algebraic bridge substrate
L2_Operator	operator	def	state	lean/InfoGeometry/Canonical/SouriauTomitaModularFlowBridge.lean	432	false	operator-algebraic bridge substrate
L2_Operator	operator	def	toSouriauTomitaKMSContext	lean/InfoGeometry/Canonical/SouriauTomitaModularFlowBridge.lean	444	false	operator-algebraic bridge substrate
L2_Operator	operator	theorem	toSouriauTomitaKMSContext_state_eq	lean/InfoGeometry/Canonical/SouriauTomitaModularFlowBridge.lean	453	true	operator-algebraic bridge substrate
L2_Operator	operator	theorem	toSouriauTomitaKMSContext_kms_eq	lean/InfoGeometry/Canonical/SouriauTomitaModularFlowBridge.lean	459	true	operator-algebraic bridge substrate
L2_Operator	operator	theorem	toSouriauTomitaKMSContext_kms_state_eq	lean/InfoGeometry/Canonical/SouriauTomitaModularFlowBridge.lean	469	true	operator-algebraic bridge substrate
L2_Operator	operator	def	sigma	lean/InfoGeometry/Canonical/SouriauTomitaModularFlowBridge.lean	475	false	operator-algebraic bridge substrate
L2_Operator	operator	def	modularBeta	lean/InfoGeometry/Canonical/SouriauTomitaModularFlowBridge.lean	480	false	operator-algebraic bridge substrate
L2_Operator	operator	theorem	kms_eval_mul_souriau_modular_eq_eval_flip	lean/InfoGeometry/Canonical/SouriauTomitaModularFlowBridge.lean	485	true	operator-algebraic bridge substrate
L2_Operator	operator	theorem	sigma_add	lean/InfoGeometry/Canonical/SouriauTomitaModularFlowBridge.lean	493	true	operator-algebraic bridge substrate
L2_Operator	operator	theorem	sigma_zero	lean/InfoGeometry/Canonical/SouriauTomitaModularFlowBridge.lean	499	true	operator-algebraic bridge substrate
L2_Operator	operator	theorem	modularHamiltonian_eq_moment_geometricTemperature	lean/InfoGeometry/Canonical/SouriauTomitaModularFlowBridge.lean	505	true	operator-algebraic bridge substrate
L2_Operator	operator	theorem	constructive_kms_packet	lean/InfoGeometry/Canonical/SouriauTomitaModularFlowBridge.lean	513	true	operator-algebraic bridge substrate
L2_Operator	operator	structure	CyclicSouriauTomitaKMSContext	lean/InfoGeometry/Canonical/SouriauTomitaModularFlowBridge.lean	537	false	operator-algebraic bridge substrate
L2_Operator	operator	def	logContext	lean/InfoGeometry/Canonical/SouriauTomitaModularFlowBridge.lean	548	false	operator-algebraic bridge substrate
L2_Operator	operator	def	sigma	lean/InfoGeometry/Canonical/SouriauTomitaModularFlowBridge.lean	553	false	operator-algebraic bridge substrate
L2_Operator	operator	def	modularBeta	lean/InfoGeometry/Canonical/SouriauTomitaModularFlowBridge.lean	558	false	operator-algebraic bridge substrate
L2_Operator	operator	theorem	modularHamiltonian_zero	lean/InfoGeometry/Canonical/SouriauTomitaModularFlowBridge.lean	563	true	operator-algebraic bridge substrate
L2_Operator	operator	theorem	toStandardFormCarrier_Delta_eq_zero	lean/InfoGeometry/Canonical/SouriauTomitaModularFlowBridge.lean	570	true	operator-algebraic bridge substrate
L2_Operator	operator	theorem	sigma_apply_eq_self	lean/InfoGeometry/Canonical/SouriauTomitaModularFlowBridge.lean	577	true	operator-algebraic bridge substrate
L2_Operator	operator	theorem	toStandardFormCarrier_modularFlow_apply_eq_self	lean/InfoGeometry/Canonical/SouriauTomitaModularFlowBridge.lean	591	true	operator-algebraic bridge substrate
L2_Operator	operator	theorem	kms_eval_mul_souriau_modular_eq_eval_flip	lean/InfoGeometry/Canonical/SouriauTomitaModularFlowBridge.lean	598	true	operator-algebraic bridge substrate
L2_Operator	operator	def	toKMSState	lean/InfoGeometry/Canonical/SouriauTomitaModularFlowBridge.lean	613	false	operator-algebraic bridge substrate
L2_Operator	operator	theorem	toKMSState_state_eq	lean/InfoGeometry/Canonical/SouriauTomitaModularFlowBridge.lean	621	true	operator-algebraic bridge substrate
L2_Operator	operator	def	toMinimalSouriauTomitaKMSContext	lean/InfoGeometry/Canonical/SouriauTomitaModularFlowBridge.lean	635	false	operator-algebraic bridge substrate
L2_Operator	operator	theorem	toMinimalSouriauTomitaKMSContext_state_eq	lean/InfoGeometry/Canonical/SouriauTomitaModularFlowBridge.lean	648	true	operator-algebraic bridge substrate
L2_Operator	operator	theorem	toMinimalSouriauTomitaKMSContext_kms_eq	lean/InfoGeometry/Canonical/SouriauTomitaModularFlowBridge.lean	654	true	operator-algebraic bridge substrate
L2_Operator	operator	def	toSouriauTomitaKMSContext	lean/InfoGeometry/Canonical/SouriauTomitaModularFlowBridge.lean	668	false	operator-algebraic bridge substrate
L2_Operator	operator	theorem	toSouriauTomitaKMSContext_state_eq	lean/InfoGeometry/Canonical/SouriauTomitaModularFlowBridge.lean	674	true	operator-algebraic bridge substrate
L2_Operator	operator	theorem	toSouriauTomitaKMSContext_kms_state_eq	lean/InfoGeometry/Canonical/SouriauTomitaModularFlowBridge.lean	680	true	operator-algebraic bridge substrate
L2_Operator	operator	theorem	sigma_add	lean/InfoGeometry/Canonical/SouriauTomitaModularFlowBridge.lean	686	true	operator-algebraic bridge substrate
L2_Operator	operator	theorem	sigma_zero	lean/InfoGeometry/Canonical/SouriauTomitaModularFlowBridge.lean	692	true	operator-algebraic bridge substrate
L2_Operator	operator	theorem	modularHamiltonian_eq_moment_geometricTemperature	lean/InfoGeometry/Canonical/SouriauTomitaModularFlowBridge.lean	698	true	operator-algebraic bridge substrate
L2_Operator	operator	theorem	constructive_kms_packet	lean/InfoGeometry/Canonical/SouriauTomitaModularFlowBridge.lean	706	true	operator-algebraic bridge substrate
L5_ThermodynamicClosure	thermo	theorem	bulgarian_hessian_fisher_covariance_maps_to_claimC	lean/InfoGeometry/Canonical/SouriauTranslatorAudit.lean	34	true	thermodynamic/free-energy/closure substrate
L5_ThermodynamicClosure	thermo	theorem	bulgarian_fenchel_legendre_maps_to_claimD	lean/InfoGeometry/Canonical/SouriauTranslatorAudit.lean	43	true	thermodynamic/free-energy/closure substrate
L5_ThermodynamicClosure	thermo	theorem	bulgarian_onsager_metriplectic_maps_to_claimE	lean/InfoGeometry/Canonical/SouriauTranslatorAudit.lean	52	true	thermodynamic/free-energy/closure substrate
L5_ThermodynamicClosure	thermo	theorem	alignedWithSouriauTranslator_eq_expected	lean/InfoGeometry/Canonical/SouriauTranslatorAudit.lean	64	true	thermodynamic/free-energy/closure substrate
L5_ThermodynamicClosure	thermo	theorem	audit_claimA_massieu_eq_log_partition	lean/InfoGeometry/Canonical/SouriauTranslatorAudit.lean	77	true	thermodynamic/free-energy/closure substrate
L5_ThermodynamicClosure	thermo	theorem	audit_claimB_firstDerivatives_eq_moments	lean/InfoGeometry/Canonical/SouriauTranslatorAudit.lean	87	true	thermodynamic/free-energy/closure substrate
L5_ThermodynamicClosure	thermo	theorem	audit_claimC_hessian_eq_fisher_eq_covariance	lean/InfoGeometry/Canonical/SouriauTranslatorAudit.lean	100	true	thermodynamic/free-energy/closure substrate
L5_ThermodynamicClosure	thermo	theorem	audit_claimD_fenchelLegendre_contact_packet	lean/InfoGeometry/Canonical/SouriauTranslatorAudit.lean	121	true	thermodynamic/free-energy/closure substrate
L5_ThermodynamicClosure	thermo	theorem	audit_claimE_entropyProduction_nonneg_of_PSD	lean/InfoGeometry/Canonical/SouriauTranslatorAudit.lean	135	true	thermodynamic/free-energy/closure substrate
L5_ThermodynamicClosure	thermo	theorem	audit_claimE_entropyProduction_nonneg_of_det_nonneg	lean/InfoGeometry/Canonical/SouriauTranslatorAudit.lean	148	true	thermodynamic/free-energy/closure substrate
L5_ThermodynamicClosure	thermo	theorem	audit_claimE_entropyProduction_eq_zero_iff_force_zero_of_PD	lean/InfoGeometry/Canonical/SouriauTranslatorAudit.lean	163	true	thermodynamic/free-energy/closure substrate
L5_ThermodynamicClosure	thermo	theorem	audit_finite_inverseFisherMetric_of_det_ne_zero	lean/InfoGeometry/Canonical/SouriauTranslatorAudit.lean	181	true	thermodynamic/free-energy/closure substrate
L5_ThermodynamicClosure	thermo	theorem	audit_claimD_scalarLegendre_inverseHessian_eq_inv_fisher	lean/InfoGeometry/Canonical/SouriauTranslatorAudit.lean	206	true	thermodynamic/free-energy/closure substrate
L5_ThermodynamicClosure	thermo	theorem	audit_claimD_operatorLegendre_inverseHessian_eq_inverseFisher_packet	lean/InfoGeometry/Canonical/SouriauTranslatorAudit.lean	230	true	thermodynamic/free-energy/closure substrate
L5_ThermodynamicClosure	thermo	theorem	audit_analyticEnrichmentTranslatorPacket	lean/InfoGeometry/Canonical/SouriauTranslatorAudit.lean	253	true	thermodynamic/free-energy/closure substrate
L5_ThermodynamicClosure	thermo	theorem	audit_claimCD_fullCoadjointOrbit_hessian_packet	lean/InfoGeometry/Canonical/SouriauTranslatorAudit.lean	271	true	thermodynamic/free-energy/closure substrate
L5_ThermodynamicClosure	thermo	theorem	audit_claimCD_fullCoadjointOrbit_strict_hessian_packet	lean/InfoGeometry/Canonical/SouriauTranslatorAudit.lean	295	true	thermodynamic/free-energy/closure substrate
L5_ThermodynamicClosure	thermo	theorem	audit_claimCDE_fullCoadjointOrbit_hessian_metriplectic_packet	lean/InfoGeometry/Canonical/SouriauTranslatorAudit.lean	320	true	thermodynamic/free-energy/closure substrate
L5_ThermodynamicClosure	thermo	theorem	audit_claimCDE_fullCoadjointOrbit_strict_hessian_metriplectic_packet	lean/InfoGeometry/Canonical/SouriauTranslatorAudit.lean	347	true	thermodynamic/free-energy/closure substrate
L3_Krein	krein	theorem	dirac_sq_eq_metric	lean/InfoGeometry/Canonical/SpectralInference.lean	375	true	Krein/doubled-geometry substrate
L4_ModularTransport	transport	structure	SpectroscopicGaugeData	lean/InfoGeometry/Canonical/SpectroscopicGauge.lean	55	false	modular/transport/flow substrate
L4_ModularTransport	transport	def	referenceState	lean/InfoGeometry/Canonical/SpectroscopicGauge.lean	65	false	modular/transport/flow substrate
L4_ModularTransport	transport	def	inverseTemperature	lean/InfoGeometry/Canonical/SpectroscopicGauge.lean	71	false	modular/transport/flow substrate
L4_ModularTransport	transport	theorem	referenceState_eq_probe	lean/InfoGeometry/Canonical/SpectroscopicGauge.lean	76	true	modular/transport/flow substrate
L4_ModularTransport	transport	theorem	referenceState_owned_unruh_kms_identity	lean/InfoGeometry/Canonical/SpectroscopicGauge.lean	86	true	modular/transport/flow substrate
L4_ModularTransport	transport	def	measuredCrossPacket	lean/InfoGeometry/Canonical/SpectroscopicGauge.lean	101	false	modular/transport/flow substrate
L4_ModularTransport	transport	def	measuredSpectralPacket	lean/InfoGeometry/Canonical/SpectroscopicGauge.lean	109	false	modular/transport/flow substrate
L4_ModularTransport	transport	def	gaugeObstruction	lean/InfoGeometry/Canonical/SpectroscopicGauge.lean	116	false	modular/transport/flow substrate
L4_ModularTransport	transport	theorem	gaugeObstruction_eq_zero_of_commute	lean/InfoGeometry/Canonical/SpectroscopicGauge.lean	122	true	modular/transport/flow substrate
L4_ModularTransport	transport	theorem	measuredCrossPacket_swap	lean/InfoGeometry/Canonical/SpectroscopicGauge.lean	132	true	modular/transport/flow substrate
L4_ModularTransport	transport	theorem	relativity_of_measurements_of_same_datum_and_probe	lean/InfoGeometry/Canonical/SpectroscopicGauge.lean	158	true	modular/transport/flow substrate
L4_ModularTransport	transport	def	spectralPacketShift	lean/InfoGeometry/Canonical/SpectroscopicGauge.lean	173	false	modular/transport/flow substrate
L4_ModularTransport	transport	theorem	spectralPacketShift_eq_zero_of_same_datum_and_probe	lean/InfoGeometry/Canonical/SpectroscopicGauge.lean	181	true	modular/transport/flow substrate
L4_ModularTransport	transport	theorem	geometric_anomaly_is_gaugeObstruction	lean/InfoGeometry/Canonical/SpectroscopicGauge.lean	198	true	modular/transport/flow substrate
L4_ModularTransport	transport	def	satisfiesOwnedUnruhKMS	lean/InfoGeometry/Canonical/SpectroscopicGaugeKMSBridge.lean	39	true	modular/transport/flow substrate
L4_ModularTransport	transport	structure	SpectroscopicKMSCompatible	lean/InfoGeometry/Canonical/SpectroscopicGaugeKMSBridge.lean	53	false	modular/transport/flow substrate
L4_ModularTransport	transport	theorem	SpectroscopicKMSCompatible.kms_identity	lean/InfoGeometry/Canonical/SpectroscopicGaugeKMSBridge.lean	61	true	modular/transport/flow substrate
L4_ModularTransport	transport	theorem	owned_unruhFlow_expansion	lean/InfoGeometry/Canonical/SpectroscopicGaugeKMSBridge.lean	76	true	modular/transport/flow substrate
L5_ThermodynamicClosure	thermo	abbrev	Cartan4	lean/InfoGeometry/Canonical/Spin44CharacterShadow.lean	20	false	thermodynamic/free-energy/closure substrate
L5_ThermodynamicClosure	thermo	def	signOfBool	lean/InfoGeometry/Canonical/Spin44CharacterShadow.lean	24	false	thermodynamic/free-energy/closure substrate
L5_ThermodynamicClosure	thermo	def	minusCount	lean/InfoGeometry/Canonical/Spin44CharacterShadow.lean	29	true	thermodynamic/free-energy/closure substrate
L5_ThermodynamicClosure	thermo	def	EvenMinus	lean/InfoGeometry/Canonical/Spin44CharacterShadow.lean	34	true	thermodynamic/free-energy/closure substrate
L5_ThermodynamicClosure	thermo	def	OddMinus	lean/InfoGeometry/Canonical/Spin44CharacterShadow.lean	39	true	thermodynamic/free-energy/closure substrate
L5_ThermodynamicClosure	thermo	def	halfSignedPairing	lean/InfoGeometry/Canonical/Spin44CharacterShadow.lean	54	false	thermodynamic/free-energy/closure substrate
L5_ThermodynamicClosure	thermo	def	vectorCharacter	lean/InfoGeometry/Canonical/Spin44CharacterShadow.lean	59	false	thermodynamic/free-energy/closure substrate
L5_ThermodynamicClosure	thermo	def	vectorCharacterCosh	lean/InfoGeometry/Canonical/Spin44CharacterShadow.lean	64	false	thermodynamic/free-energy/closure substrate
L5_ThermodynamicClosure	thermo	theorem	vectorCharacter_eq_two_sum_cosh	lean/InfoGeometry/Canonical/Spin44CharacterShadow.lean	69	true	thermodynamic/free-energy/closure substrate
L5_ThermodynamicClosure	thermo	def	spinorEvenCharacter	lean/InfoGeometry/Canonical/Spin44CharacterShadow.lean	80	false	thermodynamic/free-energy/closure substrate
L5_ThermodynamicClosure	thermo	def	spinorOddCharacter	lean/InfoGeometry/Canonical/Spin44CharacterShadow.lean	86	false	thermodynamic/free-energy/closure substrate
L5_ThermodynamicClosure	thermo	def	diracSpinorCharacter	lean/InfoGeometry/Canonical/Spin44CharacterShadow.lean	92	false	thermodynamic/free-energy/closure substrate
L5_ThermodynamicClosure	thermo	def	vectorMinusDiracSupertraceShadow	lean/InfoGeometry/Canonical/Spin44CharacterShadow.lean	97	false	thermodynamic/free-energy/closure substrate
L5_ThermodynamicClosure	thermo	def	halfSpinorDifferenceShadow	lean/InfoGeometry/Canonical/Spin44CharacterShadow.lean	102	false	thermodynamic/free-energy/closure substrate
L5_ThermodynamicClosure	thermo	theorem	evenMinus_card	lean/InfoGeometry/Canonical/Spin44CharacterShadow.lean	107	true	thermodynamic/free-energy/closure substrate
L5_ThermodynamicClosure	thermo	theorem	oddMinus_card	lean/InfoGeometry/Canonical/Spin44CharacterShadow.lean	113	true	thermodynamic/free-energy/closure substrate
L5_ThermodynamicClosure	thermo	theorem	vectorMinusDiracSupertraceShadow_eq	lean/InfoGeometry/Canonical/Spin44CharacterShadow.lean	119	true	thermodynamic/free-energy/closure substrate
L5_ThermodynamicClosure	thermo	theorem	halfSpinorDifferenceShadow_eq	lean/InfoGeometry/Canonical/Spin44CharacterShadow.lean	127	true	thermodynamic/free-energy/closure substrate
L4_ModularTransport	transport	theorem	exists_danglingZeroMode_of_operatorialCentralCharge_ne_zero_of_identifiedTransportedPolarization	lean/InfoGeometry/Canonical/SpinorModularBridge.lean	241	true	modular/transport/flow substrate
L4_ModularTransport	transport	theorem	exists_danglingZeroMode_of_operatorialCentralCharge_ne_zero_of_kernelSeparation_of_identifiedTransportedPolarization	lean/InfoGeometry/Canonical/SpinorModularBridge.lean	277	true	modular/transport/flow substrate
L4_ModularTransport	transport	theorem	boundaryGenerator_ne_zero_of_operatorialCentralCharge_ne_zero_of_identifiedTransportedPolarization	lean/InfoGeometry/Canonical/SpinorModularBridge.lean	309	true	modular/transport/flow substrate
L4_ModularTransport	transport	theorem	boundaryGenerator_ne_zero_of_operatorialCentralCharge_ne_zero_of_kernelSeparation_of_identifiedTransportedPolarization	lean/InfoGeometry/Canonical/SpinorModularBridge.lean	336	true	modular/transport/flow substrate
L4_ModularTransport	transport	theorem	boundaryScale_ne_zero_of_operatorialCentralCharge_ne_zero_of_identifiedTransportedPolarization	lean/InfoGeometry/Canonical/SpinorModularBridge.lean	364	true	modular/transport/flow substrate
L4_ModularTransport	transport	theorem	boundaryScale_ne_zero_of_operatorialCentralCharge_ne_zero_of_kernelSeparation_of_identifiedTransportedPolarization	lean/InfoGeometry/Canonical/SpinorModularBridge.lean	391	true	modular/transport/flow substrate
L4_ModularTransport	transport	theorem	coriolisVorticity_ne_zero_of_operatorialCentralCharge_ne_zero_of_identifiedTransportedPolarization	lean/InfoGeometry/Canonical/SpinorModularBridge.lean	419	true	modular/transport/flow substrate
L4_ModularTransport	transport	theorem	coriolisVorticity_ne_zero_of_operatorialCentralCharge_ne_zero_of_kernelSeparation_of_identifiedTransportedPolarization	lean/InfoGeometry/Canonical/SpinorModularBridge.lean	446	true	modular/transport/flow substrate
L4_ModularTransport	transport	theorem	exists_localizedBoundaryVortex_of_operatorialCentralCharge_ne_zero_of_identifiedTransportedPolarization	lean/InfoGeometry/Canonical/SpinorModularBridge.lean	477	true	modular/transport/flow substrate
L4_ModularTransport	transport	theorem	exists_localizedBoundaryVortex_of_operatorialCentralCharge_ne_zero_of_kernelSeparation_of_identifiedTransportedPolarization	lean/InfoGeometry/Canonical/SpinorModularBridge.lean	506	true	modular/transport/flow substrate
L3_Krein	krein	theorem	splitCl44_recursive_head_factor	lean/InfoGeometry/Canonical/SplitCl44TKKJordanLieBridge.lean	52	true	Krein/doubled-geometry substrate
L3_Krein	krein	theorem	splitCl44_recursive_tail_factor	lean/InfoGeometry/Canonical/SplitCl44TKKJordanLieBridge.lean	66	true	Krein/doubled-geometry substrate
L3_Krein	krein	theorem	splitTriality_informationalDiracSquare_eq_id	lean/InfoGeometry/Canonical/SplitCl44TKKJordanLieBridge.lean	81	true	Krein/doubled-geometry substrate
L3_Krein	krein	theorem	splitTriality_supercharge_sq_eq_id	lean/InfoGeometry/Canonical/SplitCl44TKKJordanLieBridge.lean	90	true	Krein/doubled-geometry substrate
L3_Krein	krein	theorem	splitTriality_phaseAxis_anticommutes	lean/InfoGeometry/Canonical/SplitCl44TKKJordanLieBridge.lean	100	true	Krein/doubled-geometry substrate
L4_ModularTransport	transport	structure	SplitCl44TKKJordanLiePacket	lean/InfoGeometry/Canonical/SplitCl44TKKJordanLieBridge.lean	114	false	modular/transport/flow substrate
L4_ModularTransport	transport	theorem	tkkMasterRelation	lean/InfoGeometry/Canonical/SplitCl44TKKJordanLieBridge.lean	124	true	modular/transport/flow substrate
L4_ModularTransport	transport	theorem	operatorAdmissible	lean/InfoGeometry/Canonical/SplitCl44TKKJordanLieBridge.lean	130	true	modular/transport/flow substrate
L4_ModularTransport	transport	theorem	dilation_isGZero	lean/InfoGeometry/Canonical/SplitCl44TKKJordanLieBridge.lean	136	true	modular/transport/flow substrate
L4_ModularTransport	transport	theorem	circularPolarizedCommutator_isGZero	lean/InfoGeometry/Canonical/SplitCl44TKKJordanLieBridge.lean	142	true	modular/transport/flow substrate
L4_ModularTransport	transport	theorem	satisfiesKKT_TKK_Weyl_JordanLieClosure	lean/InfoGeometry/Canonical/SplitCl44TKKJordanLieBridge.lean	148	true	modular/transport/flow substrate
L4_ModularTransport	transport	theorem	fockCommutator_temperature_weyl_eq_two_smul_lieProduct	lean/InfoGeometry/Canonical/SplitCl44TKKJordanLieBridge.lean	154	true	modular/transport/flow substrate
L4_ModularTransport	transport	theorem	fockAnticommutator_temperature_weyl_eq_two_smul_jordanProduct	lean/InfoGeometry/Canonical/SplitCl44TKKJordanLieBridge.lean	162	true	modular/transport/flow substrate
L3_Krein	krein	theorem	triality_informationalDiracSquare_eq_id	lean/InfoGeometry/Canonical/SplitCl44TKKJordanLieBridge.lean	170	true	Krein/doubled-geometry substrate
L4_ModularTransport	transport	theorem	splitCl44_TKK_JordanLie_constructive_packet	lean/InfoGeometry/Canonical/SplitCl44TKKJordanLieBridge.lean	189	true	modular/transport/flow substrate
L4_ModularTransport	transport	theorem	fisherKilling_baseRelation_transports	lean/InfoGeometry/Canonical/SplitCl44TKKJordanLieBridge.lean	252	true	modular/transport/flow substrate
L3_Krein	krein	def	headKFlipResidualTensor	lean/InfoGeometry/Canonical/SplitCliffordHeadEquivariance.lean	24	false	Krein/doubled-geometry substrate
L3_Krein	krein	def	headJTensor	lean/InfoGeometry/Canonical/SplitCliffordHeadLift.lean	29	false	Krein/doubled-geometry substrate
L3_Krein	krein	def	headKTensor	lean/InfoGeometry/Canonical/SplitCliffordHeadLift.lean	35	false	Krein/doubled-geometry substrate
L3_Krein	krein	def	headEpsTensor	lean/InfoGeometry/Canonical/SplitCliffordHeadLift.lean	41	false	Krein/doubled-geometry substrate
L3_Krein	krein	def	headNullMinusTensor	lean/InfoGeometry/Canonical/SplitCliffordHeadLift.lean	46	false	Krein/doubled-geometry substrate
L3_Krein	krein	def	headNullPlusTensor	lean/InfoGeometry/Canonical/SplitCliffordHeadLift.lean	51	false	Krein/doubled-geometry substrate
L3_Krein	krein	theorem	headLeftFactor_tmul_smul	lean/InfoGeometry/Canonical/SplitCliffordHeadLift.lean	159	true	Krein/doubled-geometry substrate
L3_Krein	krein	def	headKFlipCarrierEquiv	lean/InfoGeometry/Canonical/SplitCliffordHeadPhaseFlip.lean	32	false	Krein/doubled-geometry substrate
L3_Krein	krein	def	headKFlipIsometry	lean/InfoGeometry/Canonical/SplitCliffordHeadPhaseFlip.lean	38	false	Krein/doubled-geometry substrate
L3_Krein	krein	def	headKFlipAlg	lean/InfoGeometry/Canonical/SplitCliffordHeadPhaseFlip.lean	50	false	Krein/doubled-geometry substrate
L3_Krein	krein	def	headKFlipTensor	lean/InfoGeometry/Canonical/SplitCliffordHeadPhaseFlip.lean	56	false	Krein/doubled-geometry substrate
L3_Krein	krein	def	headMinusSectorTensor	lean/InfoGeometry/Canonical/SplitCliffordHeadPolarization.lean	31	false	Krein/doubled-geometry substrate
L3_Krein	krein	def	headPlusSectorTensor	lean/InfoGeometry/Canonical/SplitCliffordHeadPolarization.lean	36	false	Krein/doubled-geometry substrate
L3_Krein	krein	abbrev	headEpsMinusProjectorTensor	lean/InfoGeometry/Canonical/SplitCliffordHeadProjectors.lean	22	false	Krein/doubled-geometry substrate
L3_Krein	krein	abbrev	headEpsPlusProjectorTensor	lean/InfoGeometry/Canonical/SplitCliffordHeadProjectors.lean	27	false	Krein/doubled-geometry substrate
L3_Krein	krein	abbrev	headNullMinus	lean/InfoGeometry/Canonical/SplitCliffordHeadSuperBracket.lean	25	false	Krein/doubled-geometry substrate
L3_Krein	krein	abbrev	headNullPlus	lean/InfoGeometry/Canonical/SplitCliffordHeadSuperBracket.lean	30	false	Krein/doubled-geometry substrate
L3_Krein	krein	abbrev	headCommutator	lean/InfoGeometry/Canonical/SplitCliffordHeadSuperBracket.lean	35	false	Krein/doubled-geometry substrate
L3_Krein	krein	abbrev	headAnticommutator	lean/InfoGeometry/Canonical/SplitCliffordHeadSuperBracket.lean	41	false	Krein/doubled-geometry substrate
L4_ModularTransport	transport	theorem	head_null_car_algebra	lean/InfoGeometry/Canonical/SplitCliffordHeadSuperBracket.lean	50	true	modular/transport/flow substrate
L4_ModularTransport	transport	theorem	head_jk_commutator	lean/InfoGeometry/Canonical/SplitCliffordHeadSuperBracket.lean	63	true	modular/transport/flow substrate
L3_Krein	krein	abbrev	doubledHeadAtom	lean/InfoGeometry/Canonical/SplitCliffordTensorBridge.lean	56	false	Krein/doubled-geometry substrate
L3_Krein	krein	abbrev	splitCliffordTensorStepEquiv	lean/InfoGeometry/Canonical/SplitCliffordTensorBridge.lean	144	false	Krein/doubled-geometry substrate
L3_Krein	krein	abbrev	splitCl44_headFactorEquiv	lean/InfoGeometry/Canonical/SplitCliffordTensorBridge.lean	199	false	Krein/doubled-geometry substrate
L3_Krein	krein	abbrev	SplitOctonionCliffordShadow	lean/InfoGeometry/Canonical/SplitOctonionTamingBridge.lean	39	false	Krein/doubled-geometry substrate
L3_Krein	krein	abbrev	SplitOctonionCarrierShadow	lean/InfoGeometry/Canonical/SplitOctonionTamingBridge.lean	44	false	Krein/doubled-geometry substrate
L3_Krein	krein	theorem	splitOctonionCliffordShadow_eq_splitBottOwner	lean/InfoGeometry/Canonical/SplitOctonionTamingBridge.lean	51	true	Krein/doubled-geometry substrate
L3_Krein	krein	theorem	splitTriality_left_channel_nilpotent	lean/InfoGeometry/Canonical/SplitOctonionTamingBridge.lean	86	true	Krein/doubled-geometry substrate
L3_Krein	krein	theorem	splitTriality_right_channel_nilpotent	lean/InfoGeometry/Canonical/SplitOctonionTamingBridge.lean	93	true	Krein/doubled-geometry substrate
L3_Krein	krein	theorem	splitTriality_paired_supercharge_sq_eq_id	lean/InfoGeometry/Canonical/SplitOctonionTamingBridge.lean	100	true	Krein/doubled-geometry substrate
L3_Krein	krein	def	VectorState.expectation	lean/InfoGeometry/Canonical/StandardFormCore.lean	46	false	Krein/doubled-geometry substrate
L3_Krein	krein	def	StandardFormSeed.plusProjector	lean/InfoGeometry/Canonical/StandardFormCore.lean	69	false	Krein/doubled-geometry substrate
L3_Krein	krein	def	StandardFormSeed.minusProjector	lean/InfoGeometry/Canonical/StandardFormCore.lean	74	false	Krein/doubled-geometry substrate
L3_Krein	krein	def	tomitaAtomSeed	lean/InfoGeometry/Canonical/StandardFormCore.lean	79	false	Krein/doubled-geometry substrate
L3_Krein	krein	structure	StandardFormCarrier	lean/InfoGeometry/Canonical/StandardFormCore.lean	186	false	Krein/doubled-geometry substrate
L2_Operator	operator	structure	RelativeModularBridge	lean/InfoGeometry/Canonical/StandardFormCore.lean	217	false	operator-algebraic bridge substrate
L1_Projective	projective	def	RelativeModularBridge.projectiveLogDensity	lean/InfoGeometry/Canonical/StandardFormCore.lean	229	false	projection/support/compression substrate
L1_Projective	projective	def	RelativeModularBridge.projectiveModularPotential	lean/InfoGeometry/Canonical/StandardFormCore.lean	235	false	projection/support/compression substrate
L2_Operator	operator	def	RelativeModularBridge.operatorLogPotential	lean/InfoGeometry/Canonical/StandardFormCore.lean	241	false	operator-algebraic bridge substrate
L4_ModularTransport	transport	theorem	stateQGTReadout_constant_apply_eq_metricPhase_relativeModularDeriv	lean/InfoGeometry/Canonical/StateDependentTransport.lean	218	true	modular/transport/flow substrate
L4_ModularTransport	transport	theorem	stateQGTReadout_pair_eq_zero_of_stateInducedDynamics_eq_zero	lean/InfoGeometry/Canonical/StateDependentTransport.lean	240	true	modular/transport/flow substrate
L4_ModularTransport	transport	theorem	stateQGTReadout_constant_pair_eq_zero_of_relativeModularDeriv_eq_zero	lean/InfoGeometry/Canonical/StateDependentTransport.lean	257	true	modular/transport/flow substrate
L4_ModularTransport	transport	structure	StateIndexedSeedDatum	lean/InfoGeometry/Canonical/StateIndexedModularSeedBridge.lean	51	false	modular/transport/flow substrate
L4_ModularTransport	transport	def	stateIndexedBoostGenerator	lean/InfoGeometry/Canonical/StateIndexedModularSeedBridge.lean	62	false	modular/transport/flow substrate
L4_ModularTransport	transport	def	stateIndexedBivectorSeed	lean/InfoGeometry/Canonical/StateIndexedModularSeedBridge.lean	71	false	modular/transport/flow substrate
L4_ModularTransport	transport	theorem	modularTransportGenerator_stateIndexedBivectorSeed	lean/InfoGeometry/Canonical/StateIndexedModularSeedBridge.lean	80	true	modular/transport/flow substrate
L4_ModularTransport	transport	structure	BoundedCanonicalSeedWitness	lean/InfoGeometry/Canonical/StateIndexedModularSeedBridge.lean	107	false	modular/transport/flow substrate
L4_ModularTransport	transport	theorem	stateIndexedBoostGenerator_eq_superHamiltonian_of_boundedWitness	lean/InfoGeometry/Canonical/StateIndexedModularSeedBridge.lean	117	true	modular/transport/flow substrate
L4_ModularTransport	transport	theorem	stateIndexedBivectorSeed_eq_canonicalModularSeed_of_boundedWitness	lean/InfoGeometry/Canonical/StateIndexedModularSeedBridge.lean	141	true	modular/transport/flow substrate
L4_ModularTransport	transport	theorem	stateIndexed_transportGenerator_eq_canonical_of_boundedWitness	lean/InfoGeometry/Canonical/StateIndexedModularSeedBridge.lean	159	true	modular/transport/flow substrate
L5_ThermodynamicClosure	thermo	structure	SupergradedAlgebra	lean/InfoGeometry/Canonical/SuperKMS_Equilibrium.lean	13	false	thermodynamic/free-energy/closure substrate
L5_ThermodynamicClosure	thermo	structure	SuperchargeInteractionVertex	lean/InfoGeometry/Canonical/SuperKMS_Equilibrium.lean	21	false	thermodynamic/free-energy/closure substrate
L5_ThermodynamicClosure	thermo	structure	SuperKMSEquilibriumState	lean/InfoGeometry/Canonical/SuperKMS_Equilibrium.lean	29	false	thermodynamic/free-energy/closure substrate
L5_ThermodynamicClosure	thermo	structure	ConstructiveSuperKMSEquilibriumState	lean/InfoGeometry/Canonical/SuperKMS_Equilibrium.lean	41	false	thermodynamic/free-energy/closure substrate
L5_ThermodynamicClosure	thermo	def	toSuperKMSEquilibriumState	lean/InfoGeometry/Canonical/SuperKMS_Equilibrium.lean	47	false	thermodynamic/free-energy/closure substrate
L5_ThermodynamicClosure	thermo	theorem	constructive_detailed_balance	lean/InfoGeometry/Canonical/SuperKMS_Equilibrium.lean	56	true	thermodynamic/free-energy/closure substrate
L5_ThermodynamicClosure	thermo	theorem	stimulated_emission_from_ccr	lean/InfoGeometry/Canonical/SuperKMS_Equilibrium.lean	66	true	thermodynamic/free-energy/closure substrate
L5_ThermodynamicClosure	thermo	structure	SuperKMSChiralEquilibrium	lean/InfoGeometry/Canonical/SuperKMS_Equilibrium.lean	75	false	thermodynamic/free-energy/closure substrate
L5_ThermodynamicClosure	thermo	theorem	dirac_mass_term_is_equilibrium_constant	lean/InfoGeometry/Canonical/SuperKMS_Equilibrium.lean	85	true	thermodynamic/free-energy/closure substrate
L4_ModularTransport	transport	structure	SuperMomentMapData	lean/InfoGeometry/Canonical/SuperSouriauFermionGasBridge.lean	38	false	modular/transport/flow substrate
L4_ModularTransport	transport	def	stressTensor	lean/InfoGeometry/Canonical/SuperSouriauFermionGasBridge.lean	52	false	modular/transport/flow substrate
L4_ModularTransport	transport	def	bosonicCharge	lean/InfoGeometry/Canonical/SuperSouriauFermionGasBridge.lean	57	false	modular/transport/flow substrate
L4_ModularTransport	transport	def	supercurrent	lean/InfoGeometry/Canonical/SuperSouriauFermionGasBridge.lean	62	false	modular/transport/flow substrate
L4_ModularTransport	transport	theorem	stressTensor_eq_even_readout	lean/InfoGeometry/Canonical/SuperSouriauFermionGasBridge.lean	66	true	modular/transport/flow substrate
L4_ModularTransport	transport	theorem	supercurrent_eq_odd_readout	lean/InfoGeometry/Canonical/SuperSouriauFermionGasBridge.lean	70	true	modular/transport/flow substrate
L4_ModularTransport	transport	theorem	projection_readout_packet	lean/InfoGeometry/Canonical/SuperSouriauFermionGasBridge.lean	81	true	modular/transport/flow substrate
L5_ThermodynamicClosure	thermo	structure	SuperGeometricTemperature	lean/InfoGeometry/Canonical/SuperSouriauFermionGasBridge.lean	91	false	thermodynamic/free-energy/closure substrate
L5_ThermodynamicClosure	thermo	structure	SuperSouriauPairing	lean/InfoGeometry/Canonical/SuperSouriauFermionGasBridge.lean	102	false	thermodynamic/free-energy/closure substrate
L5_ThermodynamicClosure	thermo	def	action	lean/InfoGeometry/Canonical/SuperSouriauFermionGasBridge.lean	116	false	thermodynamic/free-energy/closure substrate
L5_ThermodynamicClosure	thermo	theorem	action_eq_even_add_odd	lean/InfoGeometry/Canonical/SuperSouriauFermionGasBridge.lean	120	true	thermodynamic/free-energy/closure substrate
L5_ThermodynamicClosure	thermo	theorem	action_zero_odd_beta	lean/InfoGeometry/Canonical/SuperSouriauFermionGasBridge.lean	125	true	thermodynamic/free-energy/closure substrate
L3_Krein	krein	def	evenGrandCanonicalFockGenerator	lean/InfoGeometry/Canonical/SuperSouriauFermionGasBridge.lean	137	false	Krein/doubled-geometry substrate
L3_Krein	krein	def	oddFockSourceCoupling	lean/InfoGeometry/Canonical/SuperSouriauFermionGasBridge.lean	144	false	Krein/doubled-geometry substrate
L3_Krein	krein	def	superGrandCanonicalFockGenerator	lean/InfoGeometry/Canonical/SuperSouriauFermionGasBridge.lean	153	false	Krein/doubled-geometry substrate
L3_Krein	krein	theorem	superGrandCanonicalFockGenerator_eq_even_add_odd	lean/InfoGeometry/Canonical/SuperSouriauFermionGasBridge.lean	160	true	Krein/doubled-geometry substrate
L3_Krein	krein	theorem	superGrandCanonicalFockGenerator_zero_odd_beta	lean/InfoGeometry/Canonical/SuperSouriauFermionGasBridge.lean	169	true	Krein/doubled-geometry substrate
L5_ThermodynamicClosure	thermo	theorem	superGrandCanonicalFockGenerator_zero_mu	lean/InfoGeometry/Canonical/SuperSouriauFermionGasBridge.lean	185	true	thermodynamic/free-energy/closure substrate
L3_Krein	krein	theorem	odd_odd_superBracket_eq_CARBracket	lean/InfoGeometry/Canonical/SuperSouriauFermionGasBridge.lean	194	true	Krein/doubled-geometry substrate
L3_Krein	krein	theorem	even_even_superBracket_eq_CCRBracket	lean/InfoGeometry/Canonical/SuperSouriauFermionGasBridge.lean	201	true	Krein/doubled-geometry substrate
L3_Krein	krein	structure	FermionicCAROperatorPair	lean/InfoGeometry/Canonical/SuperSouriauFermionGasBridge.lean	214	false	Krein/doubled-geometry substrate
L3_Krein	krein	theorem	annihilation_anticommutator_self_zero	lean/InfoGeometry/Canonical/SuperSouriauFermionGasBridge.lean	225	true	Krein/doubled-geometry substrate
L3_Krein	krein	theorem	creation_anticommutator_self_zero	lean/InfoGeometry/Canonical/SuperSouriauFermionGasBridge.lean	231	true	Krein/doubled-geometry substrate
L3_Krein	krein	theorem	annihilation_creation_anticommutator_id	lean/InfoGeometry/Canonical/SuperSouriauFermionGasBridge.lean	237	true	Krein/doubled-geometry substrate
L3_Krein	krein	def	cliffordConcreteFermionicCAROperatorPair	lean/InfoGeometry/Canonical/SuperSouriauFermionGasBridge.lean	249	false	Krein/doubled-geometry substrate
L3_Krein	krein	theorem	cliffordConcreteFermionicCARPacket	lean/InfoGeometry/Canonical/SuperSouriauFermionGasBridge.lean	262	true	Krein/doubled-geometry substrate
L3_Krein	krein	theorem	superFockConcreteFermionGasPacket	lean/InfoGeometry/Canonical/SuperSouriauFermionGasBridge.lean	287	true	Krein/doubled-geometry substrate
L3_Krein	krein	theorem	projector_super_pair_is_not_claimed_as_CAR	lean/InfoGeometry/Canonical/SuperSouriauFermionGasBridge.lean	316	true	Krein/doubled-geometry substrate
L4_ModularTransport	transport	structure	WeylSupertraceFreeStressContext	lean/InfoGeometry/Canonical/SuperSouriauFermionGasBridge.lean	332	true	modular/transport/flow substrate
L4_ModularTransport	transport	theorem	superTrace_stress_eq_zero	lean/InfoGeometry/Canonical/SuperSouriauFermionGasBridge.lean	345	true	modular/transport/flow substrate
L4_ModularTransport	transport	theorem	is_weyl_invariant	lean/InfoGeometry/Canonical/SuperSouriauFermionGasBridge.lean	351	true	modular/transport/flow substrate
L4_ModularTransport	transport	structure	BalancedScalarStress	lean/InfoGeometry/Canonical/SuperSouriauFermionGasBridge.lean	367	false	modular/transport/flow substrate
L4_ModularTransport	transport	def	superTrace	lean/InfoGeometry/Canonical/SuperSouriauFermionGasBridge.lean	375	false	modular/transport/flow substrate
L5_ThermodynamicClosure	thermo	def	WeylSupertraceFreeStressContext.ofIdentityBalanced	lean/InfoGeometry/Canonical/SuperSouriauFermionGasBridge.lean	391	false	thermodynamic/free-energy/closure substrate
L5_ThermodynamicClosure	thermo	theorem	superTrace_eq_zero_ofIdentityBalanced	lean/InfoGeometry/Canonical/SuperSouriauFermionGasBridge.lean	426	true	thermodynamic/free-energy/closure substrate
L3_Krein	krein	abbrev	paritySuperchargeOp	lean/InfoGeometry/Canonical/SuperchargeCARCCRBridge.lean	36	false	Krein/doubled-geometry substrate
L3_Krein	krein	abbrev	modularSuperchargeOp	lean/InfoGeometry/Canonical/SuperchargeCARCCRBridge.lean	43	false	Krein/doubled-geometry substrate
L3_Krein	krein	abbrev	cptSuperchargeOp	lean/InfoGeometry/Canonical/SuperchargeCARCCRBridge.lean	50	false	Krein/doubled-geometry substrate
L3_Krein	krein	abbrev	CARBracket	lean/InfoGeometry/Canonical/SuperchargeCARCCRBridge.lean	70	false	Krein/doubled-geometry substrate
L3_Krein	krein	abbrev	CCRBracket	lean/InfoGeometry/Canonical/SuperchargeCARCCRBridge.lean	76	false	Krein/doubled-geometry substrate
L3_Krein	krein	theorem	parity_modular_supercharge_car_zero	lean/InfoGeometry/Canonical/SuperchargeCARCCRBridge.lean	82	true	Krein/doubled-geometry substrate
L3_Krein	krein	theorem	modular_j_spectral_epsilon_car_zero	lean/InfoGeometry/Canonical/SuperchargeCARCCRBridge.lean	93	true	Krein/doubled-geometry substrate
L3_Krein	krein	theorem	parity_modular_supercharge_ccr_eq_two_cpt	lean/InfoGeometry/Canonical/SuperchargeCARCCRBridge.lean	102	true	Krein/doubled-geometry substrate
L3_Krein	krein	theorem	parity_modular_supercharge_ccrBracket_eq_two_cpt	lean/InfoGeometry/Canonical/SuperchargeCARCCRBridge.lean	117	true	Krein/doubled-geometry substrate
L3_Krein	krein	theorem	modular_j_spectral_epsilon_ccr_eq_two_complex_i	lean/InfoGeometry/Canonical/SuperchargeCARCCRBridge.lean	127	true	Krein/doubled-geometry substrate
L3_Krein	krein	theorem	cptSuperchargeOp_maps_plus_to_minus	lean/InfoGeometry/Canonical/SuperchargeCARCCRBridge.lean	155	true	Krein/doubled-geometry substrate
L3_Krein	krein	theorem	complex_i_maps_plus_to_minus	lean/InfoGeometry/Canonical/SuperchargeCARCCRBridge.lean	163	true	Krein/doubled-geometry substrate
L3_Krein	krein	theorem	cptSuperchargeOp_maps_minus_to_plus	lean/InfoGeometry/Canonical/SuperchargeCARCCRBridge.lean	170	true	Krein/doubled-geometry substrate
L3_Krein	krein	theorem	complex_i_maps_minus_to_plus	lean/InfoGeometry/Canonical/SuperchargeCARCCRBridge.lean	178	true	Krein/doubled-geometry substrate
L3_Krein	krein	abbrev	concreteCARAnnihilation	lean/InfoGeometry/Canonical/SuperchargeCARCCRBridge.lean	199	false	Krein/doubled-geometry substrate
L3_Krein	krein	abbrev	concreteCARCreation	lean/InfoGeometry/Canonical/SuperchargeCARCCRBridge.lean	204	false	Krein/doubled-geometry substrate
L3_Krein	krein	theorem	concrete_car_pair	lean/InfoGeometry/Canonical/SuperchargeCARCCRBridge.lean	209	true	Krein/doubled-geometry substrate
L3_Krein	krein	theorem	concrete_car_nilpotency	lean/InfoGeometry/Canonical/SuperchargeCARCCRBridge.lean	218	true	Krein/doubled-geometry substrate
L3_Krein	krein	theorem	concrete_car_minus_plus	lean/InfoGeometry/Canonical/SuperchargeCARCCRBridge.lean	240	true	Krein/doubled-geometry substrate
L4_ModularTransport	transport	theorem	harmonic_oscillator_spine	lean/InfoGeometry/Canonical/SuperchargeCARCCRBridge.lean	258	true	modular/transport/flow substrate
L4_ModularTransport	transport	def	cptGapHessianClosure	lean/InfoGeometry/Canonical/SuperchargeCentralChargeClosure.lean	63	true	modular/transport/flow substrate
L4_ModularTransport	transport	def	rootGapHessianClosure	lean/InfoGeometry/Canonical/SuperchargeCentralChargeClosure.lean	89	true	modular/transport/flow substrate
L4_ModularTransport	transport	theorem	rootGapHessianClosure_iff_cptGapHessianClosure	lean/InfoGeometry/Canonical/SuperchargeCentralChargeClosure.lean	116	true	modular/transport/flow substrate
L4_ModularTransport	transport	theorem	quasilatticeAnalyticalIndex_eq_operatorialCentralCharge_on_cpt_lane	lean/InfoGeometry/Canonical/SuperchargeCentralChargeClosure.lean	138	true	modular/transport/flow substrate
L4_ModularTransport	transport	theorem	cpt_gap_hessian_centralCharge_closure	lean/InfoGeometry/Canonical/SuperchargeCentralChargeClosure.lean	162	true	modular/transport/flow substrate
L4_ModularTransport	transport	theorem	cpt_gap_hessian_parity_kkt_closure	lean/InfoGeometry/Canonical/SuperchargeCentralChargeClosure.lean	196	true	modular/transport/flow substrate
L4_ModularTransport	transport	theorem	cpt_gap_hessian_centralCharge_with_oscillator_spine	lean/InfoGeometry/Canonical/SuperchargeCentralChargeClosure.lean	233	true	modular/transport/flow substrate
L4_ModularTransport	transport	theorem	root_gap_hessian_centralCharge_closure	lean/InfoGeometry/Canonical/SuperchargeCentralChargeClosure.lean	283	true	modular/transport/flow substrate
L4_ModularTransport	transport	theorem	root_gap_hessian_parity_kkt_closure	lean/InfoGeometry/Canonical/SuperchargeCentralChargeClosure.lean	309	true	modular/transport/flow substrate
L4_ModularTransport	transport	theorem	root_supercharge_lichnerowicz_centralCharge_closure	lean/InfoGeometry/Canonical/SuperchargeCentralChargeClosure.lean	342	true	modular/transport/flow substrate
L4_ModularTransport	transport	def	operatorialCentralChargeOperator	lean/InfoGeometry/Canonical/SuperchargeCentralChargeClosure.lean	374	false	modular/transport/flow substrate
L4_ModularTransport	transport	def	cptSuperchargeKineticPart	lean/InfoGeometry/Canonical/SuperchargeCentralChargeClosure.lean	384	false	modular/transport/flow substrate
L4_ModularTransport	transport	theorem	operatorialCentralChargeOperator_commute	lean/InfoGeometry/Canonical/SuperchargeCentralChargeClosure.lean	394	true	modular/transport/flow substrate
L4_ModularTransport	transport	theorem	cptSupercharge_sq_eq_kinetic_plus_centralChargeOperator	lean/InfoGeometry/Canonical/SuperchargeCentralChargeClosure.lean	409	true	modular/transport/flow substrate
L4_ModularTransport	transport	theorem	root_central_supercharge_theorem	lean/InfoGeometry/Canonical/SuperchargeCentralChargeClosure.lean	432	true	modular/transport/flow substrate
L4_ModularTransport	transport	theorem	unified_supercharge_central_supergeometry_topological_closure	lean/InfoGeometry/Canonical/SuperchargeCentralChargeClosure.lean	480	true	modular/transport/flow substrate
L4_ModularTransport	transport	structure	SuperchargeProjectorCompatibility	lean/InfoGeometry/Canonical/SuperchargeEinsteinSourceBridge.lean	53	true	modular/transport/flow substrate
L4_ModularTransport	transport	theorem	projectorObstruction_ne_zero_of_compat_of_mismatch	lean/InfoGeometry/Canonical/SuperchargeEinsteinSourceBridge.lean	75	true	modular/transport/flow substrate
L4_ModularTransport	transport	theorem	chiralScale_ne_zero_of_compat_of_mismatch	lean/InfoGeometry/Canonical/SuperchargeEinsteinSourceBridge.lean	100	true	modular/transport/flow substrate
L4_ModularTransport	transport	theorem	chiralScale_ne_zero_and_einsteinEquation_of_compat_of_mismatch	lean/InfoGeometry/Canonical/SuperchargeEinsteinSourceBridge.lean	123	true	modular/transport/flow substrate
L4_ModularTransport	transport	theorem	projectorObstruction_ne_zero_of_operatorialCentralCharge_ne_zero_of_compat	lean/InfoGeometry/Canonical/SuperchargeEinsteinSourceBridge.lean	158	true	modular/transport/flow substrate
L4_ModularTransport	transport	theorem	projectorObstruction_ne_zero_of_quasilatticeAnalyticalIndex_ne_zero_of_compat	lean/InfoGeometry/Canonical/SuperchargeEinsteinSourceBridge.lean	189	true	modular/transport/flow substrate
L4_ModularTransport	transport	theorem	chiralScale_ne_zero_and_einsteinEquation_of_operatorialCentralCharge_ne_zero_of_compat	lean/InfoGeometry/Canonical/SuperchargeEinsteinSourceBridge.lean	216	true	modular/transport/flow substrate
L4_ModularTransport	transport	theorem	chiralScale_ne_zero_and_einsteinEquation_of_quasilatticeAnalyticalIndex_ne_zero_of_compat	lean/InfoGeometry/Canonical/SuperchargeEinsteinSourceBridge.lean	255	true	modular/transport/flow substrate
L4_ModularTransport	transport	theorem	einsteinEquation_of_transportedIndexMismatch_source	lean/InfoGeometry/Canonical/SuperchargeEinsteinSourceBridge.lean	289	true	modular/transport/flow substrate
L4_ModularTransport	transport	theorem	superchargeProjectorCompatibility_of_mismatch_forces_projector_noncommute	lean/InfoGeometry/Canonical/SuperchargeEinsteinSourceBridge.lean	322	true	modular/transport/flow substrate
L4_ModularTransport	transport	theorem	quasilatticeAnalyticalIndex_ne_zero_of_transportedChiralKernelDimMismatch	lean/InfoGeometry/Canonical/SuperchargeEinsteinSourceBridge.lean	344	true	modular/transport/flow substrate
L4_ModularTransport	transport	theorem	mismatch_forces_projector_noncommute_of_boundaryScale_ne_zero	lean/InfoGeometry/Canonical/SuperchargeEinsteinSourceBridge.lean	372	true	modular/transport/flow substrate
L4_ModularTransport	transport	theorem	conformal_projector_noncommute_of_boundary_projector_noncommute_of_alignment	lean/InfoGeometry/Canonical/SuperchargeEinsteinSourceBridge.lean	407	true	modular/transport/flow substrate
L4_ModularTransport	transport	theorem	mismatch_forces_boundary_projector_noncommute_of_identifiedTransportedPolarization	lean/InfoGeometry/Canonical/SuperchargeEinsteinSourceBridge.lean	429	true	modular/transport/flow substrate
L4_ModularTransport	transport	theorem	mismatch_forces_conformal_projector_noncommute_of_identifiedTransportedPolarization_on_boundaryCarrier	lean/InfoGeometry/Canonical/SuperchargeEinsteinSourceBridge.lean	483	true	modular/transport/flow substrate
L4_ModularTransport	transport	theorem	conformal_projector_noncommute_of_quasilatticeAnalyticalIndex_ne_zero_of_identifiedTransportedPolarization_on_boundaryCarrier	lean/InfoGeometry/Canonical/SuperchargeEinsteinSourceBridge.lean	536	true	modular/transport/flow substrate
L4_ModularTransport	transport	theorem	chiralScale_ne_zero_of_quasilatticeAnalyticalIndex_ne_zero_of_identifiedTransportedPolarization_on_boundaryCarrier	lean/InfoGeometry/Canonical/SuperchargeEinsteinSourceBridge.lean	586	true	modular/transport/flow substrate
L4_ModularTransport	transport	theorem	projectorObstruction_ne_zero_of_quasilatticeAnalyticalIndex_ne_zero_of_identifiedTransportedPolarization_on_boundaryCarrier	lean/InfoGeometry/Canonical/SuperchargeEinsteinSourceBridge.lean	631	true	modular/transport/flow substrate
L4_ModularTransport	transport	theorem	chiralScale_ne_zero_and_einsteinEquation_of_quasilatticeAnalyticalIndex_ne_zero_of_identifiedTransportedPolarization_on_boundaryCarrier	lean/InfoGeometry/Canonical/SuperchargeEinsteinSourceBridge.lean	683	true	modular/transport/flow substrate
L4_ModularTransport	transport	structure	SuperchargeBoundaryCarrierCompatibility	lean/InfoGeometry/Canonical/SuperchargeEinsteinSourceBridge.lean	738	true	modular/transport/flow substrate
L4_ModularTransport	transport	theorem	superchargeBoundaryCarrierCompatibility_of_identifiedTransportedPolarization	lean/InfoGeometry/Canonical/SuperchargeEinsteinSourceBridge.lean	762	true	modular/transport/flow substrate
L4_ModularTransport	transport	theorem	superchargeBoundaryCarrierCompatibility_of_operatorialCentralCharge_ne_zero_of_identifiedTransportedPolarization	lean/InfoGeometry/Canonical/SuperchargeEinsteinSourceBridge.lean	805	true	modular/transport/flow substrate
L4_ModularTransport	transport	theorem	superchargeBoundaryCarrierCompatibility_of_quasilatticeAnalyticalIndex_ne_zero_of_identifiedTransportedPolarization	lean/InfoGeometry/Canonical/SuperchargeEinsteinSourceBridge.lean	855	true	modular/transport/flow substrate
L4_ModularTransport	transport	theorem	conformal_projector_noncommute_of_operatorialCentralCharge_ne_zero_of_identifiedTransportedPolarization_on_boundaryCarrier	lean/InfoGeometry/Canonical/SuperchargeEinsteinSourceBridge.lean	908	true	modular/transport/flow substrate
L4_ModularTransport	transport	theorem	chiralScale_ne_zero_of_operatorialCentralCharge_ne_zero_of_identifiedTransportedPolarization_on_boundaryCarrier	lean/InfoGeometry/Canonical/SuperchargeEinsteinSourceBridge.lean	956	true	modular/transport/flow substrate
L4_ModularTransport	transport	theorem	projectorObstruction_ne_zero_of_operatorialCentralCharge_ne_zero_of_identifiedTransportedPolarization_on_boundaryCarrier	lean/InfoGeometry/Canonical/SuperchargeEinsteinSourceBridge.lean	999	true	modular/transport/flow substrate
L4_ModularTransport	transport	theorem	chiralScale_ne_zero_and_einsteinEquation_of_operatorialCentralCharge_ne_zero_of_identifiedTransportedPolarization_on_boundaryCarrier	lean/InfoGeometry/Canonical/SuperchargeEinsteinSourceBridge.lean	1049	true	modular/transport/flow substrate
L4_ModularTransport	transport	theorem	superchargeProjectorCompatibility_of_boundaryScale_ne_zero_of_mismatch	lean/InfoGeometry/Canonical/SuperchargeEinsteinSourceBridge.lean	1101	true	modular/transport/flow substrate
L4_ModularTransport	transport	theorem	chiralScale_ne_zero_and_einsteinEquation_of_operatorialCentralCharge_ne_zero_of_mismatch_forces_projector_noncommute	lean/InfoGeometry/Canonical/SuperchargeEinsteinSourceBridge.lean	1126	true	modular/transport/flow substrate
L4_ModularTransport	transport	theorem	projectorObstruction_ne_zero_of_operatorialCentralCharge_ne_zero_of_mismatch_forces_projector_noncommute	lean/InfoGeometry/Canonical/SuperchargeEinsteinSourceBridge.lean	1167	true	modular/transport/flow substrate
L4_ModularTransport	transport	theorem	chiralScale_ne_zero_and_einsteinEquation_of_quasilatticeAnalyticalIndex_ne_zero_of_mismatch_forces_projector_noncommute	lean/InfoGeometry/Canonical/SuperchargeEinsteinSourceBridge.lean	1199	true	modular/transport/flow substrate
L4_ModularTransport	transport	def	flatParityModularGap	lean/InfoGeometry/Canonical/SuperchargeGapBridge.lean	39	false	modular/transport/flow substrate
L4_ModularTransport	transport	def	transportedParityModularGap	lean/InfoGeometry/Canonical/SuperchargeGapBridge.lean	45	false	modular/transport/flow substrate
L4_ModularTransport	transport	theorem	flatParityModularGap_eq_zero	lean/InfoGeometry/Canonical/SuperchargeGapBridge.lean	54	true	modular/transport/flow substrate
L4_ModularTransport	transport	theorem	transportedParityModularGap_zero	lean/InfoGeometry/Canonical/SuperchargeGapBridge.lean	61	true	modular/transport/flow substrate
L4_ModularTransport	transport	theorem	transportedParityModularGap_zero_eq_zero	lean/InfoGeometry/Canonical/SuperchargeGapBridge.lean	68	true	modular/transport/flow substrate
L4_ModularTransport	transport	def	transportedParityModularGapSeed	lean/InfoGeometry/Canonical/SuperchargeGapBridge.lean	79	false	modular/transport/flow substrate
L4_ModularTransport	transport	theorem	transportedParityModularGapSeed_eq_transportSeed	lean/InfoGeometry/Canonical/SuperchargeGapBridge.lean	85	true	modular/transport/flow substrate
L4_ModularTransport	transport	theorem	transportedParityModularGapSeed_eq_split_generator	lean/InfoGeometry/Canonical/SuperchargeGapBridge.lean	97	true	modular/transport/flow substrate
L4_ModularTransport	transport	theorem	transportedParityModularGapSeed_eq_phaseAntilinearSeed_of_commute_phaseLinearPart	lean/InfoGeometry/Canonical/SuperchargeGapBridge.lean	120	true	modular/transport/flow substrate
L4_ModularTransport	transport	theorem	transportedParityModularGapSeed_eq_zero_of_commute_modularJ	lean/InfoGeometry/Canonical/SuperchargeGapBridge.lean	142	true	modular/transport/flow substrate
L4_ModularTransport	transport	theorem	transportedParityModularGapSeed_eq_cpt_lane_transportSeed	lean/InfoGeometry/Canonical/SuperchargeGapHessianBridge.lean	50	true	modular/transport/flow substrate
L4_ModularTransport	transport	theorem	deriv2_transportedParitySupercharge_at_zero_eq_metricPart_add_half_curvaturePart_cpt_lane	lean/InfoGeometry/Canonical/SuperchargeGapHessianBridge.lean	65	true	modular/transport/flow substrate
L4_ModularTransport	transport	theorem	transportedParitySupercharge_first_second_landings	lean/InfoGeometry/Canonical/SuperchargeGapHessianBridge.lean	84	true	modular/transport/flow substrate
L4_ModularTransport	transport	theorem	transported_gapSeed_hessian_curvature_cpt_package	lean/InfoGeometry/Canonical/SuperchargeGapHessianBridge.lean	118	true	modular/transport/flow substrate
L4_ModularTransport	transport	theorem	transported_gapSeed_hessian_curvature_with_oscillator_spine	lean/InfoGeometry/Canonical/SuperchargeGapHessianBridge.lean	150	true	modular/transport/flow substrate
L4_ModularTransport	transport	theorem	transported_gapSeed_hessian_curvature_root_package	lean/InfoGeometry/Canonical/SuperchargeGapHessianBridge.lean	203	true	modular/transport/flow substrate
L4_ModularTransport	transport	theorem	root_supercharge_lichnerowicz_closure	lean/InfoGeometry/Canonical/SuperchargeGapHessianBridge.lean	243	true	modular/transport/flow substrate
L3_Krein	krein	def	oddOddBracket	lean/InfoGeometry/Canonical/SuperchargeHoppingBridge.lean	34	false	Krein/doubled-geometry substrate
L3_Krein	krein	theorem	susyHoppingOperator_eq_oddOddBracket_self	lean/InfoGeometry/Canonical/SuperchargeHoppingBridge.lean	39	true	Krein/doubled-geometry substrate
L3_Krein	krein	def	hoppingTranslationCandidate	lean/InfoGeometry/Canonical/SuperchargeHoppingBridge.lean	46	false	Krein/doubled-geometry substrate
L3_Krein	krein	theorem	hoppingTranslationCandidate_eq_susyHoppingOperator	lean/InfoGeometry/Canonical/SuperchargeHoppingBridge.lean	51	true	Krein/doubled-geometry substrate
L2_Operator	operator	def	entropyProductionShadow	lean/InfoGeometry/Canonical/SuperchargeOddOddDecomposition.lean	40	false	operator-algebraic bridge substrate
L2_Operator	operator	structure	OddOddDecompositionData	lean/InfoGeometry/Canonical/SuperchargeOddOddDecomposition.lean	51	false	operator-algebraic bridge substrate
L2_Operator	operator	def	centralBPSCore	lean/InfoGeometry/Canonical/SuperchargeOddOddDecomposition.lean	67	false	operator-algebraic bridge substrate
L2_Operator	operator	theorem	oddOddBracket_decomposes	lean/InfoGeometry/Canonical/SuperchargeOddOddDecomposition.lean	72	true	operator-algebraic bridge substrate
L2_Operator	operator	theorem	entropyProduction_vanishes_on_centralCore	lean/InfoGeometry/Canonical/SuperchargeOddOddDecomposition.lean	79	true	operator-algebraic bridge substrate
L2_Operator	operator	theorem	oddOdd_decomposition_packet	lean/InfoGeometry/Canonical/SuperchargeOddOddDecomposition.lean	88	true	operator-algebraic bridge substrate
L4_ModularTransport	transport	theorem	transportedParityModularGapSeed_eq_car_of_infinitesimalParitySupercharge	lean/InfoGeometry/Canonical/SuperchargeRoleBridge.lean	75	true	modular/transport/flow substrate
L4_ModularTransport	transport	theorem	transportedParityModularGapSeed_eq_car_root	lean/InfoGeometry/Canonical/SuperchargeRoleBridge.lean	87	true	modular/transport/flow substrate
L4_ModularTransport	transport	theorem	transportedParityModularGapSeed_eq_phaseAntilinearCAR_of_commute_phaseLinearPart	lean/InfoGeometry/Canonical/SuperchargeRoleBridge.lean	102	true	modular/transport/flow substrate
L4_ModularTransport	transport	theorem	transportedParityModularGapSeed_eq_phaseAntilinearCAR_root_of_commute_phaseLinearPart	lean/InfoGeometry/Canonical/SuperchargeRoleBridge.lean	120	true	modular/transport/flow substrate
L4_ModularTransport	transport	theorem	deriv2_transportedParitySupercharge_at_zero_eq_operatorInformationHessian_of_paritySuperchargeOp	lean/InfoGeometry/Canonical/SuperchargeRoleBridge.lean	141	true	modular/transport/flow substrate
L4_ModularTransport	transport	theorem	deriv2_transportedParitySupercharge_at_zero_eq_operatorInformationHessian_of_modular_j	lean/InfoGeometry/Canonical/SuperchargeRoleBridge.lean	154	true	modular/transport/flow substrate
L4_ModularTransport	transport	theorem	deriv2_transportedParitySupercharge_at_zero_eq_metricPart_add_half_curvaturePart_of_paritySuperchargeOp	lean/InfoGeometry/Canonical/SuperchargeRoleBridge.lean	170	true	modular/transport/flow substrate
L4_ModularTransport	transport	theorem	deriv2_transportedParitySupercharge_at_zero_eq_metricPart_add_half_curvaturePart_of_modular_j	lean/InfoGeometry/Canonical/SuperchargeRoleBridge.lean	186	true	modular/transport/flow substrate
L4_ModularTransport	transport	abbrev	transportedParitySupercharge	lean/InfoGeometry/Canonical/SuperchargeTransportBridge.lean	46	false	modular/transport/flow substrate
L4_ModularTransport	transport	abbrev	transportedModularSupercharge	lean/InfoGeometry/Canonical/SuperchargeTransportBridge.lean	53	false	modular/transport/flow substrate
L3_Krein	krein	theorem	parity_modular_anticommutator_eq_zero	lean/InfoGeometry/Canonical/SuperchargeTransportBridge.lean	70	true	Krein/doubled-geometry substrate
L4_ModularTransport	transport	theorem	deriv_transportedParitySupercharge	lean/InfoGeometry/Canonical/SuperchargeTransportBridge.lean	84	true	modular/transport/flow substrate
L4_ModularTransport	transport	theorem	deriv_transportedModularSupercharge	lean/InfoGeometry/Canonical/SuperchargeTransportBridge.lean	97	true	modular/transport/flow substrate
L4_ModularTransport	transport	theorem	deriv_transportedParitySupercharge_at_zero_eq_phaseAntilinear_of_commute_phaseLinearPart	lean/InfoGeometry/Canonical/SuperchargeTransportBridge.lean	114	true	modular/transport/flow substrate
L4_ModularTransport	transport	theorem	deriv_transportedModularSupercharge_at_zero_eq_phaseAntilinear_of_commute_phaseLinearPart	lean/InfoGeometry/Canonical/SuperchargeTransportBridge.lean	134	true	modular/transport/flow substrate
L4_ModularTransport	transport	theorem	deriv2_transportedParitySupercharge_at_zero_eq_operatorInformationHessian	lean/InfoGeometry/Canonical/SuperchargeTransportBridge.lean	150	true	modular/transport/flow substrate
L4_ModularTransport	transport	theorem	deriv2_transportedParitySupercharge_at_zero_eq_operatorInformationMetricPart	lean/InfoGeometry/Canonical/SuperchargeTransportBridge.lean	163	true	modular/transport/flow substrate
L4_ModularTransport	transport	theorem	deriv2_transportedParitySupercharge_at_zero_eq_metricPart_add_half_curvaturePart	lean/InfoGeometry/Canonical/SuperchargeTransportBridge.lean	176	true	modular/transport/flow substrate
L4_ModularTransport	transport	theorem	deriv_anticommutator_transportedParity_staticModular_at_zero	lean/InfoGeometry/Canonical/SuperchargeTransportBridge.lean	196	true	modular/transport/flow substrate
L4_ModularTransport	transport	theorem	deriv_anticommutator_transportedParity_staticModular_at_zero_eq_split_generator	lean/InfoGeometry/Canonical/SuperchargeTransportBridge.lean	238	true	modular/transport/flow substrate
L4_ModularTransport	transport	theorem	deriv_anticommutator_transportedParity_staticModular_at_zero_eq_phaseAntilinearSeed_of_commute_phaseLinearPart	lean/InfoGeometry/Canonical/SuperchargeTransportBridge.lean	275	true	modular/transport/flow substrate
L4_ModularTransport	transport	theorem	deriv_anticommutator_transportedParity_staticModular_at_zero_eq_zero_of_commute_modularJ	lean/InfoGeometry/Canonical/SuperchargeTransportBridge.lean	311	true	modular/transport/flow substrate
L4_ModularTransport	transport	def	quasilatticeTranslationCandidate	lean/InfoGeometry/Canonical/SuperchargeTransportBridge.lean	339	false	modular/transport/flow substrate
L4_ModularTransport	transport	def	quasilatticeHoppingTranslationSeed	lean/InfoGeometry/Canonical/SuperchargeTransportBridge.lean	352	false	modular/transport/flow substrate
L4_ModularTransport	transport	def	quasilatticeHoppingTranslationCandidate	lean/InfoGeometry/Canonical/SuperchargeTransportBridge.lean	360	false	modular/transport/flow substrate
L4_ModularTransport	transport	def	quasilatticePhaseLinearTranslationSeed	lean/InfoGeometry/Canonical/SuperchargeTransportBridge.lean	366	false	modular/transport/flow substrate
L4_ModularTransport	transport	def	quasilatticePhaseAntilinearTranslationSeed	lean/InfoGeometry/Canonical/SuperchargeTransportBridge.lean	376	false	modular/transport/flow substrate
L4_ModularTransport	transport	theorem	quasilatticeTranslationCandidate_eq_hoppingSeed	lean/InfoGeometry/Canonical/SuperchargeTransportBridge.lean	386	true	modular/transport/flow substrate
L4_ModularTransport	transport	theorem	quasilatticeTranslationCandidate_eq_phaseLinearSeed_add_phaseAntilinearSeed	lean/InfoGeometry/Canonical/SuperchargeTransportBridge.lean	398	true	modular/transport/flow substrate
L4_ModularTransport	transport	theorem	quasilatticeTranslationCandidate_eq_phaseAntilinearSeed_of_commute_phaseLinearPart	lean/InfoGeometry/Canonical/SuperchargeTransportBridge.lean	412	true	modular/transport/flow substrate
L5_ThermodynamicClosure	thermo	inductive	ShadowStatus	lean/InfoGeometry/Canonical/TheoryShadowRepresentation.lean	38	false	thermodynamic/free-energy/closure substrate
L5_ThermodynamicClosure	thermo	structure	TheoryShadowRepresentation	lean/InfoGeometry/Canonical/TheoryShadowRepresentation.lean	53	false	thermodynamic/free-energy/closure substrate
L5_ThermodynamicClosure	thermo	def	current	lean/InfoGeometry/Canonical/TheoryShadowRepresentation.lean	72	false	thermodynamic/free-energy/closure substrate
L5_ThermodynamicClosure	thermo	theorem	current_spin44_is_finiteShadow	lean/InfoGeometry/Canonical/TheoryShadowRepresentation.lean	85	true	thermodynamic/free-energy/closure substrate
L5_ThermodynamicClosure	thermo	theorem	current_exactKKT_is_ownerOwned	lean/InfoGeometry/Canonical/TheoryShadowRepresentation.lean	90	true	thermodynamic/free-energy/closure substrate
L5_ThermodynamicClosure	thermo	theorem	current_splitCl44TKK_is_bridgeOwned	lean/InfoGeometry/Canonical/TheoryShadowRepresentation.lean	95	true	thermodynamic/free-energy/closure substrate
L5_ThermodynamicClosure	thermo	theorem	current_noDixmierOwner	lean/InfoGeometry/Canonical/TheoryShadowRepresentation.lean	100	true	thermodynamic/free-energy/closure substrate
L5_ThermodynamicClosure	thermo	theorem	current_noPfaffianWittenIndexOwner	lean/InfoGeometry/Canonical/TheoryShadowRepresentation.lean	105	true	thermodynamic/free-energy/closure substrate
L5_ThermodynamicClosure	thermo	theorem	spin44_vectorCharacter_shadow_eq_two_sum_cosh	lean/InfoGeometry/Canonical/TheoryShadowRepresentation.lean	116	true	thermodynamic/free-energy/closure substrate
L5_ThermodynamicClosure	thermo	theorem	exactKKT_dimensionAgnostic_stationarity_packet	lean/InfoGeometry/Canonical/TheoryShadowRepresentation.lean	128	true	thermodynamic/free-energy/closure substrate
L5_ThermodynamicClosure	thermo	theorem	exactKKT_owner_constructs_stationarity_packet	lean/InfoGeometry/Canonical/TheoryShadowRepresentation.lean	136	true	thermodynamic/free-energy/closure substrate
L5_ThermodynamicClosure	thermo	theorem	exactKKT_translator_shadow_packet	lean/InfoGeometry/Canonical/TheoryShadowRepresentation.lean	149	true	thermodynamic/free-energy/closure substrate
L4_ModularTransport	transport	theorem	splitCl44_TKK_shadow_bridge_packet	lean/InfoGeometry/Canonical/TheoryShadowRepresentation.lean	168	true	modular/transport/flow substrate
L4_ModularTransport	transport	def	operatorialKLDivergence	lean/InfoGeometry/Canonical/ThermodynamicAction.lean	37	false	modular/transport/flow substrate
L4_ModularTransport	transport	def	fisherInformationMetric	lean/InfoGeometry/Canonical/ThermodynamicAction.lean	47	false	modular/transport/flow substrate
L3_Krein	krein	def	isEven	lean/InfoGeometry/Canonical/ThermodynamicClosureTargets.lean	32	true	Krein/doubled-geometry substrate
L3_Krein	krein	def	isOdd	lean/InfoGeometry/Canonical/ThermodynamicClosureTargets.lean	39	true	Krein/doubled-geometry substrate
L3_Krein	krein	def	EvenSector	lean/InfoGeometry/Canonical/ThermodynamicClosureTargets.lean	46	false	Krein/doubled-geometry substrate
L3_Krein	krein	def	OddSector	lean/InfoGeometry/Canonical/ThermodynamicClosureTargets.lean	69	false	Krein/doubled-geometry substrate
L3_Krein	krein	def	defectCentralNorm	lean/InfoGeometry/Canonical/ThermodynamicClosureTargets.lean	96	false	Krein/doubled-geometry substrate
L3_Krein	krein	def	projectorMismatchAnomaly	lean/InfoGeometry/Canonical/ThermodynamicClosureTargets.lean	105	false	Krein/doubled-geometry substrate
L4_ModularTransport	transport	def	defectAugmentedFreeEnergy	lean/InfoGeometry/Canonical/ThermodynamicClosureTargets.lean	114	false	modular/transport/flow substrate
L4_ModularTransport	transport	def	sinkhornStep_nonincreasing_defectAugmentedFreeEnergy_target	lean/InfoGeometry/Canonical/ThermodynamicClosureTargets.lean	125	true	modular/transport/flow substrate
L4_ModularTransport	transport	theorem	sinkhornStep_nonincreasing_defectAugmentedFreeEnergy_of_component_bounds	lean/InfoGeometry/Canonical/ThermodynamicClosureTargets.lean	139	true	modular/transport/flow substrate
L3_Krein	krein	def	commutator_preserves_cartan_target	lean/InfoGeometry/Canonical/ThermodynamicClosureTargets.lean	170	true	Krein/doubled-geometry substrate
L3_Krein	krein	def	anomaly_in_oddSector_target	lean/InfoGeometry/Canonical/ThermodynamicClosureTargets.lean	184	true	Krein/doubled-geometry substrate
L3_Krein	krein	def	phase_commutator_in_odd_target	lean/InfoGeometry/Canonical/ThermodynamicClosureTargets.lean	192	true	Krein/doubled-geometry substrate
L4_ModularTransport	transport	def	routerResidual_bounded_by_defectCentral_target	lean/InfoGeometry/Canonical/ThermodynamicClosureTargets.lean	201	true	modular/transport/flow substrate
L4_ModularTransport	transport	theorem	routerResidual_bounded_by_defectCentral_target_vanishes_of_zero	lean/InfoGeometry/Canonical/ThermodynamicClosureTargets.lean	209	true	modular/transport/flow substrate
L4_ModularTransport	transport	def	weylScale_absorbs_defect_of_scaleShapeSplit_target	lean/InfoGeometry/Canonical/ThermodynamicClosureTargets.lean	223	true	modular/transport/flow substrate
L4_ModularTransport	transport	def	souriauTemperatureVector	lean/InfoGeometry/Canonical/ThermodynamicGenerator.lean	52	false	modular/transport/flow substrate
L4_ModularTransport	transport	def	operatorialGibbsWeight	lean/InfoGeometry/Canonical/ThermodynamicGenerator.lean	75	false	modular/transport/flow substrate
L4_ModularTransport	transport	theorem	apply_operatorialGibbsWeight_eq_informationPartitionFunction	lean/InfoGeometry/Canonical/ThermodynamicGenerator.lean	89	true	modular/transport/flow substrate
L4_ModularTransport	transport	theorem	hasDerivAt_apply_operatorialGibbsWeight_zero	lean/InfoGeometry/Canonical/ThermodynamicGenerator.lean	102	true	modular/transport/flow substrate
L4_ModularTransport	transport	theorem	deriv_apply_operatorialGibbsWeight_zero	lean/InfoGeometry/Canonical/ThermodynamicGenerator.lean	113	true	modular/transport/flow substrate
L4_ModularTransport	transport	theorem	firstVariation_eq_probe_stateInducedDynamics	lean/InfoGeometry/Canonical/ThermodynamicGenerator.lean	124	true	modular/transport/flow substrate
L4_ModularTransport	transport	theorem	firstVariation_eq_gaugeVariation_add_sourceVariation	lean/InfoGeometry/Canonical/ThermodynamicGenerator.lean	132	true	modular/transport/flow substrate
L4_ModularTransport	transport	theorem	comparisonReadout_pair_apply	lean/InfoGeometry/Canonical/ThermodynamicGenerator.lean	145	true	modular/transport/flow substrate
L4_ModularTransport	transport	theorem	toRelationalInformationDatum_comparisonMetricPhase_pair_apply	lean/InfoGeometry/Canonical/ThermodynamicGenerator.lean	162	true	modular/transport/flow substrate
L4_ModularTransport	transport	def	ProbeFaithful	lean/InfoGeometry/Canonical/ThermodynamicGenerator.lean	179	true	modular/transport/flow substrate
L4_ModularTransport	transport	def	IsPotentialKillingOperator	lean/InfoGeometry/Canonical/ThermodynamicGenerator.lean	188	true	modular/transport/flow substrate
L4_ModularTransport	transport	theorem	firstVariation_eq_zero_of_isPotentialKillingOperator	lean/InfoGeometry/Canonical/ThermodynamicGenerator.lean	194	true	modular/transport/flow substrate
L4_ModularTransport	transport	theorem	isPotentialKillingOperator_iff_firstVariation_eq_zero_of_probeFaithful	lean/InfoGeometry/Canonical/ThermodynamicGenerator.lean	207	true	modular/transport/flow substrate
L4_ModularTransport	transport	theorem	isPotentialKillingOperator_of_firstVariation_eq_zero_of_probeFaithful	lean/InfoGeometry/Canonical/ThermodynamicGenerator.lean	224	true	modular/transport/flow substrate
L4_ModularTransport	transport	theorem	stateQGTReadout_pair_eq_zero_of_isPotentialKillingOperator	lean/InfoGeometry/Canonical/ThermodynamicGenerator.lean	237	true	modular/transport/flow substrate
L4_ModularTransport	transport	theorem	comparisonReadout_pair_eq_zero_of_isPotentialKillingOperator	lean/InfoGeometry/Canonical/ThermodynamicGenerator.lean	252	true	modular/transport/flow substrate
L4_ModularTransport	transport	theorem	stateQGTReadout_pair_eq_zero_of_firstVariation_eq_zero_of_probeFaithful	lean/InfoGeometry/Canonical/ThermodynamicGenerator.lean	269	true	modular/transport/flow substrate
L4_ModularTransport	transport	theorem	stateInducedDynamics_eq_zero_of_comparisonMetricReadout_eq_zero	lean/InfoGeometry/Canonical/ThermodynamicGenerator.lean	287	true	modular/transport/flow substrate
L4_ModularTransport	transport	theorem	isPotentialKillingOperator_iff_comparisonMetricReadout_eq_zero	lean/InfoGeometry/Canonical/ThermodynamicGenerator.lean	318	true	modular/transport/flow substrate
L4_ModularTransport	transport	def	IsThermodynamicReadoutStationary	lean/InfoGeometry/Canonical/ThermodynamicGenerator.lean	338	true	modular/transport/flow substrate
L4_ModularTransport	transport	theorem	isPotentialKillingOperator_iff_isThermodynamicReadoutStationary	lean/InfoGeometry/Canonical/ThermodynamicGenerator.lean	348	true	modular/transport/flow substrate
L4_ModularTransport	transport	theorem	isThermodynamicReadoutStationary_iff_firstVariation_eq_zero_of_probeFaithful	lean/InfoGeometry/Canonical/ThermodynamicGenerator.lean	369	true	modular/transport/flow substrate
L4_ModularTransport	transport	theorem	isThermodynamicReadoutStationary_of_firstVariation_eq_zero_of_probeFaithful	lean/InfoGeometry/Canonical/ThermodynamicGenerator.lean	388	true	modular/transport/flow substrate
L4_ModularTransport	transport	theorem	comparisonReadout_pair_eq_zero_of_firstVariation_eq_zero_of_probeFaithful	lean/InfoGeometry/Canonical/ThermodynamicGenerator.lean	401	true	modular/transport/flow substrate
L4_ModularTransport	transport	theorem	comparisonMetricReadout_eq_zero_of_firstVariation_eq_zero_of_probeFaithful	lean/InfoGeometry/Canonical/ThermodynamicGenerator.lean	415	true	modular/transport/flow substrate
L4_ModularTransport	transport	theorem	comparisonPhaseReadout_eq_zero_of_firstVariation_eq_zero_of_probeFaithful	lean/InfoGeometry/Canonical/ThermodynamicGenerator.lean	429	true	modular/transport/flow substrate
L3_Krein	krein	def	operatorialGrandCanonicalGenerator	lean/InfoGeometry/Canonical/ThermodynamicGenerator.lean	456	false	Krein/doubled-geometry substrate
L3_Krein	krein	def	operatorialGrandCanonicalWeight	lean/InfoGeometry/Canonical/ThermodynamicGenerator.lean	462	false	Krein/doubled-geometry substrate
L3_Krein	krein	def	operatorialGrandCanonicalMassieuPotential	lean/InfoGeometry/Canonical/ThermodynamicGenerator.lean	468	false	Krein/doubled-geometry substrate
L3_Krein	krein	def	operatorialGrandCanonicalMassieuExpectation	lean/InfoGeometry/Canonical/ThermodynamicGenerator.lean	476	false	Krein/doubled-geometry substrate
L3_Krein	krein	theorem	apply_operatorialGrandCanonicalWeight_eq_informationPartitionFunction	lean/InfoGeometry/Canonical/ThermodynamicGenerator.lean	483	true	Krein/doubled-geometry substrate
L3_Krein	krein	theorem	operatorialGrandCanonicalGenerator_eq_observable_of_zeroChemicalPotential	lean/InfoGeometry/Canonical/ThermodynamicGenerator.lean	493	true	Krein/doubled-geometry substrate
L3_Krein	krein	theorem	operatorialGrandCanonicalMassieuPotential_normalizedInfinitesimalLaw	lean/InfoGeometry/Canonical/ThermodynamicGenerator.lean	500	true	Krein/doubled-geometry substrate
L4_ModularTransport	transport	def	stateRelativeGrandCanonicalGenerator	lean/InfoGeometry/Canonical/ThermodynamicGenerator.lean	515	false	modular/transport/flow substrate
L4_ModularTransport	transport	def	stateRelativeGrandCanonicalMassieuPotential	lean/InfoGeometry/Canonical/ThermodynamicGenerator.lean	523	false	modular/transport/flow substrate
L4_ModularTransport	transport	def	stateRelativeGrandCanonicalMassieuExpectation	lean/InfoGeometry/Canonical/ThermodynamicGenerator.lean	532	false	modular/transport/flow substrate
L4_ModularTransport	transport	theorem	stateRelativeGrandCanonicalGenerator_eq_generator_of_zeroChemicalPotential	lean/InfoGeometry/Canonical/ThermodynamicGenerator.lean	540	true	modular/transport/flow substrate
L4_ModularTransport	transport	theorem	stateRelativeGrandCanonicalMassieuExpectation_eq_value_of_zeroChemicalPotential	lean/InfoGeometry/Canonical/ThermodynamicGenerator.lean	549	true	modular/transport/flow substrate
L4_ModularTransport	transport	theorem	stateRelativeGrandCanonicalMassieuPotential_normalizedInfinitesimalLaw_of_zeroChemicalPotential	lean/InfoGeometry/Canonical/ThermodynamicGenerator.lean	565	true	modular/transport/flow substrate
L4_ModularTransport	transport	theorem	stateRelativeGrandCanonicalGenerator_eq_generator_of_vacuumTransported	lean/InfoGeometry/Canonical/ThermodynamicGenerator.lean	581	true	modular/transport/flow substrate
L4_ModularTransport	transport	theorem	stateRelativeGrandCanonicalMassieuExpectation_eq_value_of_vacuumTransported	lean/InfoGeometry/Canonical/ThermodynamicGenerator.lean	601	true	modular/transport/flow substrate
L4_ModularTransport	transport	theorem	stateRelativeGrandCanonicalMassieuPotential_normalizedInfinitesimalLaw_of_vacuumTransported	lean/InfoGeometry/Canonical/ThermodynamicGenerator.lean	628	true	modular/transport/flow substrate
L3_Krein	krein	def	liftedChiralAnomalyMassieuPotential	lean/InfoGeometry/Canonical/ThermodynamicGenerator.lean	670	false	Krein/doubled-geometry substrate
L3_Krein	krein	def	liftedChiralAnomalyMassieuExpectation	lean/InfoGeometry/Canonical/ThermodynamicGenerator.lean	676	false	Krein/doubled-geometry substrate
L3_Krein	krein	def	liftedProjectorObstructionMassieuPotential	lean/InfoGeometry/Canonical/ThermodynamicGenerator.lean	682	false	Krein/doubled-geometry substrate
L3_Krein	krein	def	liftedProjectorObstructionMassieuExpectation	lean/InfoGeometry/Canonical/ThermodynamicGenerator.lean	688	false	Krein/doubled-geometry substrate
L3_Krein	krein	def	liftedEinsteinAnomalyMassieuPotential	lean/InfoGeometry/Canonical/ThermodynamicGenerator.lean	694	false	Krein/doubled-geometry substrate
L3_Krein	krein	def	liftedEinsteinAnomalyMassieuExpectation	lean/InfoGeometry/Canonical/ThermodynamicGenerator.lean	700	false	Krein/doubled-geometry substrate
L3_Krein	krein	theorem	liftedChiralAnomalyMassieuPotential_normalizedInfinitesimalLaw	lean/InfoGeometry/Canonical/ThermodynamicGenerator.lean	705	true	Krein/doubled-geometry substrate
L3_Krein	krein	theorem	liftedProjectorObstructionMassieuPotential_normalizedInfinitesimalLaw	lean/InfoGeometry/Canonical/ThermodynamicGenerator.lean	718	true	Krein/doubled-geometry substrate
L3_Krein	krein	theorem	liftedEinsteinAnomalyMassieuPotential_normalizedInfinitesimalLaw	lean/InfoGeometry/Canonical/ThermodynamicGenerator.lean	731	true	Krein/doubled-geometry substrate
L3_Krein	krein	theorem	liftedEinsteinAnomalyMassieuExpectation_eq_neg_liftedProjectorObstructionMassieuExpectation_of_projectorAgreement	lean/InfoGeometry/Canonical/ThermodynamicGenerator.lean	744	true	Krein/doubled-geometry substrate
L3_Krein	krein	theorem	liftedEinsteinAnomalyMassieuPotential_normalizedInfinitesimalLaw_of_projectorAgreement	lean/InfoGeometry/Canonical/ThermodynamicGenerator.lean	759	true	Krein/doubled-geometry substrate
L3_Krein	krein	structure	RealTimeReversal	lean/InfoGeometry/Canonical/TimeReversalKramers.lean	37	false	Krein/doubled-geometry substrate
L3_Krein	krein	theorem	anticomm_phaseAxisK	lean/InfoGeometry/Canonical/TimeReversalKramers.lean	48	true	Krein/doubled-geometry substrate
L3_Krein	krein	def	pair	lean/InfoGeometry/Canonical/TimeReversalKramers.lean	62	false	Krein/doubled-geometry substrate
L3_Krein	krein	theorem	preserves_kreinInner	lean/InfoGeometry/Canonical/TimeReversalKramers.lean	66	true	Krein/doubled-geometry substrate
L3_Krein	krein	theorem	map_phasePartner_eq_neg_phasePartner_map	lean/InfoGeometry/Canonical/TimeReversalKramers.lean	76	true	Krein/doubled-geometry substrate
L3_Krein	krein	theorem	pair_phasePartner	lean/InfoGeometry/Canonical/TimeReversalKramers.lean	89	true	Krein/doubled-geometry substrate
L3_Krein	krein	structure	KramersTimeReversal	lean/InfoGeometry/Canonical/TimeReversalKramers.lean	100	false	Krein/doubled-geometry substrate
L3_Krein	krein	def	toKramersSymmetry	lean/InfoGeometry/Canonical/TimeReversalKramers.lean	109	false	Krein/doubled-geometry substrate
L3_Krein	krein	theorem	partner_ne_self_of_ne_zero	lean/InfoGeometry/Canonical/TimeReversalKramers.lean	117	true	Krein/doubled-geometry substrate
L3_Krein	krein	theorem	map_phasePartner_eq_neg_phasePartner_map	lean/InfoGeometry/Canonical/TimeReversalKramers.lean	127	true	Krein/doubled-geometry substrate
L4_ModularTransport	transport	structure	TomitaCliffordJordanLieBridge	lean/InfoGeometry/Canonical/TomitaCliffordJordanLieBridge.lean	48	false	modular/transport/flow substrate
L4_ModularTransport	transport	theorem	compactLift_mirror_even	lean/InfoGeometry/Canonical/TomitaCliffordJordanLieBridge.lean	83	true	modular/transport/flow substrate
L4_ModularTransport	transport	theorem	noncompactLift_mirror_odd	lean/InfoGeometry/Canonical/TomitaCliffordJordanLieBridge.lean	90	true	modular/transport/flow substrate
L4_ModularTransport	transport	theorem	commutator_eq_two_smul_lieProduct	lean/InfoGeometry/Canonical/TomitaCliffordJordanLieBridge.lean	99	true	modular/transport/flow substrate
L4_ModularTransport	transport	theorem	anticommutator_eq_two_smul_jordanProduct	lean/InfoGeometry/Canonical/TomitaCliffordJordanLieBridge.lean	108	true	modular/transport/flow substrate
L4_ModularTransport	transport	theorem	compact_even_feeds_jordan_valid	lean/InfoGeometry/Canonical/TomitaCliffordJordanLieBridge.lean	122	true	modular/transport/flow substrate
L4_ModularTransport	transport	theorem	noncompact_odd_feeds_lie_valid	lean/InfoGeometry/Canonical/TomitaCliffordJordanLieBridge.lean	131	true	modular/transport/flow substrate
L4_ModularTransport	transport	theorem	tomita_clifford_jordan_lie_packet	lean/InfoGeometry/Canonical/TomitaCliffordJordanLieBridge.lean	143	true	modular/transport/flow substrate
L3_Krein	krein	def	IsLinearWrt	lean/InfoGeometry/Canonical/TomitaTakesakiRealStandardForm.lean	45	true	Krein/doubled-geometry substrate
L3_Krein	krein	def	IsAntilinearWrt	lean/InfoGeometry/Canonical/TomitaTakesakiRealStandardForm.lean	49	true	Krein/doubled-geometry substrate
L3_Krein	krein	theorem	isLinearWrt_negAxis_iff	lean/InfoGeometry/Canonical/TomitaTakesakiRealStandardForm.lean	53	true	Krein/doubled-geometry substrate
L3_Krein	krein	theorem	isAntilinearWrt_negAxis_iff	lean/InfoGeometry/Canonical/TomitaTakesakiRealStandardForm.lean	61	true	Krein/doubled-geometry substrate
L3_Krein	krein	def	jConjugate	lean/InfoGeometry/Canonical/TomitaTakesakiRealStandardForm.lean	79	false	Krein/doubled-geometry substrate
L3_Krein	krein	theorem	jConjugate_negJ	lean/InfoGeometry/Canonical/TomitaTakesakiRealStandardForm.lean	83	true	Krein/doubled-geometry substrate
L3_Krein	krein	structure	RealStandardForm	lean/InfoGeometry/Canonical/TomitaTakesakiRealStandardForm.lean	94	false	Krein/doubled-geometry substrate
L3_Krein	krein	def	flipJ	lean/InfoGeometry/Canonical/TomitaTakesakiRealStandardForm.lean	108	false	Krein/doubled-geometry substrate
L3_Krein	krein	def	swapLeftRight	lean/InfoGeometry/Canonical/TomitaTakesakiRealStandardForm.lean	128	false	Krein/doubled-geometry substrate
L3_Krein	krein	theorem	swapLeftRight_involutive	lean/InfoGeometry/Canonical/TomitaTakesakiRealStandardForm.lean	142	true	Krein/doubled-geometry substrate
L3_Krein	krein	theorem	flipJ_involutive	lean/InfoGeometry/Canonical/TomitaTakesakiRealStandardForm.lean	150	true	Krein/doubled-geometry substrate
L3_Krein	krein	theorem	mem_leftAlgebra_swapLeftRight_iff	lean/InfoGeometry/Canonical/TomitaTakesakiRealStandardForm.lean	157	true	Krein/doubled-geometry substrate
L3_Krein	krein	theorem	mem_rightAlgebra_swapLeftRight_iff	lean/InfoGeometry/Canonical/TomitaTakesakiRealStandardForm.lean	164	true	Krein/doubled-geometry substrate
L4_ModularTransport	transport	def	wedgeBoostParameter	lean/InfoGeometry/Canonical/TomitaTakesakiRealStandardForm.lean	173	false	modular/transport/flow substrate
L4_ModularTransport	transport	def	modularTimeOfWedgeBoost	lean/InfoGeometry/Canonical/TomitaTakesakiRealStandardForm.lean	177	false	modular/transport/flow substrate
L4_ModularTransport	transport	theorem	modularTimeOfWedgeBoost_wedgeBoostParameter	lean/InfoGeometry/Canonical/TomitaTakesakiRealStandardForm.lean	181	true	modular/transport/flow substrate
L4_ModularTransport	transport	theorem	wedgeBoostParameter_modularTimeOfWedgeBoost	lean/InfoGeometry/Canonical/TomitaTakesakiRealStandardForm.lean	191	true	modular/transport/flow substrate
L4_ModularTransport	transport	theorem	modularTransportFlow_neg_mul	lean/InfoGeometry/Canonical/TomitaTakesakiRealStandardForm.lean	201	true	modular/transport/flow substrate
L4_ModularTransport	transport	theorem	modularTransportFlow_mul_neg	lean/InfoGeometry/Canonical/TomitaTakesakiRealStandardForm.lean	216	true	modular/transport/flow substrate
L4_ModularTransport	transport	theorem	gradingFlip_swaps_plus_minus_projectors	lean/InfoGeometry/Canonical/TomitaTakesakiRealStandardForm.lean	233	true	modular/transport/flow substrate
L4_ModularTransport	transport	theorem	orientation_equivalence_package	lean/InfoGeometry/Canonical/TomitaTakesakiRealStandardForm.lean	244	true	modular/transport/flow substrate
L2_Operator	operator	def	susyHoppingOperator	lean/InfoGeometry/Canonical/TopologicalGapShadow.lean	37	false	operator-algebraic bridge substrate
L2_Operator	operator	def	DrazinCore	lean/InfoGeometry/Canonical/TopologicalGapShadow.lean	42	false	operator-algebraic bridge substrate
L2_Operator	operator	def	ExcitedStateSector	lean/InfoGeometry/Canonical/TopologicalGapShadow.lean	47	false	operator-algebraic bridge substrate
L2_Operator	operator	structure	GapDatum	lean/InfoGeometry/Canonical/TopologicalGapShadow.lean	55	false	operator-algebraic bridge substrate
L2_Operator	operator	theorem	susyHoppingOperator_eq_zero_on_core	lean/InfoGeometry/Canonical/TopologicalGapShadow.lean	64	true	operator-algebraic bridge substrate
L2_Operator	operator	theorem	entropy_production_vanishes_on_core	lean/InfoGeometry/Canonical/TopologicalGapShadow.lean	76	true	operator-algebraic bridge substrate
L2_Operator	operator	theorem	topological_gap_shadow_packet	lean/InfoGeometry/Canonical/TopologicalGapShadow.lean	86	true	operator-algebraic bridge substrate
L2_Operator	operator	theorem	range_le_excitedStateSector_of_isStarNormal	lean/InfoGeometry/Canonical/TopologicalGapShadow.lean	105	true	operator-algebraic bridge substrate
L4_ModularTransport	transport	theorem	nullCAR_phaseFlip_invariant	lean/InfoGeometry/Canonical/TopologicalInvariantInvariance.lean	35	true	modular/transport/flow substrate
L4_ModularTransport	transport	theorem	nullMinus_sq_phaseFlip_invariant	lean/InfoGeometry/Canonical/TopologicalInvariantInvariance.lean	48	true	modular/transport/flow substrate
L4_ModularTransport	transport	theorem	nullPlus_sq_phaseFlip_invariant	lean/InfoGeometry/Canonical/TopologicalInvariantInvariance.lean	57	true	modular/transport/flow substrate
L4_ModularTransport	transport	theorem	canonical_wittenIndexResidue_eq_zero	lean/InfoGeometry/Canonical/TopologicalInvariantInvariance.lean	80	true	modular/transport/flow substrate
L4_ModularTransport	transport	theorem	fixedGrading_phaseFlip_projectorSwap	lean/InfoGeometry/Canonical/TopologicalInvariantInvariance.lean	106	true	modular/transport/flow substrate
L4_ModularTransport	transport	theorem	quasilatticeAnalyticalIndex_transport_invariant	lean/InfoGeometry/Canonical/TopologicalInvariantInvariance.lean	152	true	modular/transport/flow substrate
L4_ModularTransport	transport	theorem	quasilatticeAnalyticalIndex_eq_operatorialCentralCharge	lean/InfoGeometry/Canonical/TopologicalInvariantInvariance.lean	171	true	modular/transport/flow substrate
L4_ModularTransport	transport	theorem	transportedIndex_fixedFrameConvention_map	lean/InfoGeometry/Canonical/TopologicalInvariantInvariance.lean	190	true	modular/transport/flow substrate
L4_ModularTransport	transport	theorem	quasilatticeAnalyticalIndex_ne_zero_boundaryScale_ne_zero_of_identifiedTransportedPolarization	lean/InfoGeometry/Canonical/TopologicalInvariantInvariance.lean	224	true	modular/transport/flow substrate
L4_ModularTransport	transport	theorem	quasilatticeAnalyticalIndex_ne_zero_boundaryScale_ne_zero_of_kernelSeparation_of_identifiedTransportedPolarization	lean/InfoGeometry/Canonical/TopologicalInvariantInvariance.lean	263	true	modular/transport/flow substrate
L4_ModularTransport	transport	theorem	operatorialCentralChargeParity_ne_zero_boundaryScale_ne_zero_of_identifiedTransportedPolarization	lean/InfoGeometry/Canonical/TopologicalInvariantInvariance.lean	302	true	modular/transport/flow substrate
L4_ModularTransport	transport	theorem	operatorialCentralChargeParity_ne_zero_boundaryScale_and_kkt_package_of_identifiedTransportedPolarization	lean/InfoGeometry/Canonical/TopologicalInvariantInvariance.lean	342	true	modular/transport/flow substrate
L4_ModularTransport	transport	theorem	operatorialCentralChargeParity_ne_zero_boundaryScale_kkt_and_headSuperBracket_package_of_identifiedTransportedPolarization	lean/InfoGeometry/Canonical/TopologicalInvariantInvariance.lean	398	true	modular/transport/flow substrate
L4_ModularTransport	transport	theorem	operatorialCentralChargeParity_ne_zero_boundaryScale_ne_zero_of_kernelSeparation_of_identifiedTransportedPolarization	lean/InfoGeometry/Canonical/TopologicalInvariantInvariance.lean	466	true	modular/transport/flow substrate
L4_ModularTransport	transport	theorem	operatorialCentralChargeParity_ne_zero_exists_localizedBoundaryVortex_of_identifiedTransportedPolarization	lean/InfoGeometry/Canonical/TopologicalInvariantInvariance.lean	502	true	modular/transport/flow substrate
L4_ModularTransport	transport	theorem	operatorialCentralChargeParity_ne_zero_exists_localizedBoundaryVortex_of_kernelSeparation_of_identifiedTransportedPolarization	lean/InfoGeometry/Canonical/TopologicalInvariantInvariance.lean	536	true	modular/transport/flow substrate
L4_ModularTransport	transport	theorem	quasilatticeAnalyticalIndex_ne_zero_sourceBoundaryReadout_package	lean/InfoGeometry/Canonical/TopologicalInvariantInvariance.lean	572	true	modular/transport/flow substrate
L4_ModularTransport	transport	theorem	quasilatticeAnalyticalIndex_ne_zero_sinkBoundaryReadout_package	lean/InfoGeometry/Canonical/TopologicalInvariantInvariance.lean	638	true	modular/transport/flow substrate
L4_ModularTransport	transport	theorem	quasilatticeAnalyticalIndex_ne_zero_transportCommutator_spectral_epsilon_ne_zero_of_boundaryGenerator_eq_source_of_identifiedTransportedPolarization	lean/InfoGeometry/Canonical/TopologicalInvariantInvariance.lean	704	true	modular/transport/flow substrate
L4_ModularTransport	transport	theorem	quasilatticeAnalyticalIndex_ne_zero_transportCommutator_spectral_epsilon_ne_zero_of_boundaryGenerator_eq_sink_of_identifiedTransportedPolarization	lean/InfoGeometry/Canonical/TopologicalInvariantInvariance.lean	754	true	modular/transport/flow substrate
L4_ModularTransport	transport	theorem	quasilatticeAnalyticalIndex_ne_zero_transportCommutator_spectral_epsilon_ne_zero_of_boundaryGenerator_eq_source_or_sink_of_identifiedTransportedPolarization	lean/InfoGeometry/Canonical/TopologicalInvariantInvariance.lean	804	true	modular/transport/flow substrate
L4_ModularTransport	transport	theorem	operatorialCentralCharge_ne_zero_transportCommutator_spectral_epsilon_ne_zero_of_boundaryGenerator_eq_source_or_sink_of_identifiedTransportedPolarization	lean/InfoGeometry/Canonical/TopologicalInvariantInvariance.lean	848	true	modular/transport/flow substrate
L4_ModularTransport	transport	theorem	operatorialCentralCharge_ne_zero_transportCommutator_and_kkt_packet_of_boundaryGenerator_eq_source_or_sink_of_identifiedTransportedPolarization	lean/InfoGeometry/Canonical/TopologicalInvariantInvariance.lean	893	true	modular/transport/flow substrate
L4_ModularTransport	transport	theorem	quasilatticeAnalyticalIndex_ne_zero_sourceBoundaryReadout_package_of_kernelSeparation	lean/InfoGeometry/Canonical/TopologicalInvariantInvariance.lean	946	true	modular/transport/flow substrate
L4_ModularTransport	transport	theorem	quasilatticeAnalyticalIndex_ne_zero_sinkBoundaryReadout_package_of_kernelSeparation	lean/InfoGeometry/Canonical/TopologicalInvariantInvariance.lean	1008	true	modular/transport/flow substrate
L4_ModularTransport	transport	def	InformationalZeroMode	lean/InfoGeometry/Canonical/TopologicalResidue.lean	35	true	modular/transport/flow substrate
L4_ModularTransport	transport	def	IsTopologicalMemory	lean/InfoGeometry/Canonical/TopologicalResidue.lean	44	true	modular/transport/flow substrate
L4_ModularTransport	transport	theorem	modular_sq_eq_id	lean/InfoGeometry/Canonical/TopologicalResidue.lean	53	true	modular/transport/flow substrate
L4_ModularTransport	transport	theorem	informationalZeroMode_iff_eq_zero	lean/InfoGeometry/Canonical/TopologicalResidue.lean	63	true	modular/transport/flow substrate
L4_ModularTransport	transport	theorem	isTopologicalMemory_iff_eq_zero	lean/InfoGeometry/Canonical/TopologicalResidue.lean	85	true	modular/transport/flow substrate
L4_ModularTransport	transport	def	wittenIndexResidue	lean/InfoGeometry/Canonical/TopologicalResidue.lean	102	false	modular/transport/flow substrate
L4_ModularTransport	transport	theorem	wittenIndexResidue_eq_analyticalIndex_modular_j	lean/InfoGeometry/Canonical/TopologicalResidue.lean	115	true	modular/transport/flow substrate
L4_ModularTransport	transport	theorem	wittenIndexResidue_eq_zero	lean/InfoGeometry/Canonical/TopologicalResidue.lean	130	true	modular/transport/flow substrate
L4_ModularTransport	transport	theorem	canonicalSuperchargeMultiplet_wittenIndexResidue_eq_zero	lean/InfoGeometry/Canonical/TopologicalResidue.lean	172	true	modular/transport/flow substrate
L4_ModularTransport	transport	structure	HodgeStarSelfDualSplit	lean/InfoGeometry/Canonical/TwistorHodgePalatialBridge.lean	53	true	modular/transport/flow substrate
L3_Krein	krein	structure	PalatialTwistorOperatorAlgebra	lean/InfoGeometry/Canonical/TwistorHodgePalatialBridge.lean	69	true	Krein/doubled-geometry substrate
L4_ModularTransport	transport	structure	TwistorHodgePalatialBridgeContext	lean/InfoGeometry/Canonical/TwistorHodgePalatialBridge.lean	85	true	modular/transport/flow substrate
L4_ModularTransport	transport	theorem	TwistorHodgePalatialBridgeContext.has_hodge_split	lean/InfoGeometry/Canonical/TwistorHodgePalatialBridge.lean	95	true	modular/transport/flow substrate
L3_Krein	krein	theorem	TwistorHodgePalatialBridgeContext.has_palatial_operator_data	lean/InfoGeometry/Canonical/TwistorHodgePalatialBridge.lean	112	true	Krein/doubled-geometry substrate
L4_ModularTransport	transport	theorem	TwistorHodgePalatialBridgeContext.combined_compatibility	lean/InfoGeometry/Canonical/TwistorHodgePalatialBridge.lean	134	true	modular/transport/flow substrate
L3_Krein	krein	def	palatialOperatorAlgebraOfCertifiedConformalInference	lean/InfoGeometry/Canonical/TwistorHodgePalatialBridge.lean	167	false	Krein/doubled-geometry substrate
L3_Krein	krein	theorem	palatialOperatorAlgebraOfCertifiedConformalInference_operatorialIncidence	lean/InfoGeometry/Canonical/TwistorHodgePalatialBridge.lean	180	true	Krein/doubled-geometry substrate
L3_Krein	krein	theorem	palatialOperatorAlgebraOfCertifiedConformalInference_differentialOperatorCompatible	lean/InfoGeometry/Canonical/TwistorHodgePalatialBridge.lean	189	true	Krein/doubled-geometry substrate
L3_Krein	krein	theorem	palatialOperatorAlgebraOfCertifiedConformalInference_incidenceHolonomyCompatible	lean/InfoGeometry/Canonical/TwistorHodgePalatialBridge.lean	198	true	Krein/doubled-geometry substrate
L1_Projective	projective	def	hodgeStarSelfDualSplitOfIncidentNullSeparation	lean/InfoGeometry/Canonical/TwistorHodgePalatialBridge.lean	216	false	projection/support/compression substrate
L1_Projective	projective	theorem	hodgeStarSelfDualSplitOfIncidentNullSeparation_selfDualCondition	lean/InfoGeometry/Canonical/TwistorHodgePalatialBridge.lean	230	true	projection/support/compression substrate
L1_Projective	projective	theorem	hodgeStarSelfDualSplitOfIncidentNullSeparation_antiSelfDualCondition	lean/InfoGeometry/Canonical/TwistorHodgePalatialBridge.lean	238	true	projection/support/compression substrate
L1_Projective	projective	theorem	hodgeStarSelfDualSplitOfIncidentNullSeparation_incidenceCompatible	lean/InfoGeometry/Canonical/TwistorHodgePalatialBridge.lean	246	true	projection/support/compression substrate
L4_ModularTransport	transport	structure	RealTypeIIIModularData	lean/InfoGeometry/Canonical/TypeIIIContinuousCoreReal.lean	44	false	modular/transport/flow substrate
L4_ModularTransport	transport	def	additiveFlow	lean/InfoGeometry/Canonical/TypeIIIContinuousCoreReal.lean	54	false	modular/transport/flow substrate
L4_ModularTransport	transport	theorem	additiveFlow_apply	lean/InfoGeometry/Canonical/TypeIIIContinuousCoreReal.lean	58	true	modular/transport/flow substrate
L4_ModularTransport	transport	def	modularFlow	lean/InfoGeometry/Canonical/TypeIIIContinuousCoreReal.lean	64	false	modular/transport/flow substrate
L4_ModularTransport	transport	theorem	modularFlow_zero	lean/InfoGeometry/Canonical/TypeIIIContinuousCoreReal.lean	68	true	modular/transport/flow substrate
L4_ModularTransport	transport	theorem	modularFlow_add	lean/InfoGeometry/Canonical/TypeIIIContinuousCoreReal.lean	74	true	modular/transport/flow substrate
L4_ModularTransport	transport	def	modularGenerator	lean/InfoGeometry/Canonical/TypeIIIContinuousCoreReal.lean	81	false	modular/transport/flow substrate
L4_ModularTransport	transport	theorem	modularOperator_eq_rn	lean/InfoGeometry/Canonical/TypeIIIContinuousCoreReal.lean	84	true	modular/transport/flow substrate
L4_ModularTransport	transport	theorem	modularHamiltonian_eq_neg_log_rn	lean/InfoGeometry/Canonical/TypeIIIContinuousCoreReal.lean	89	true	modular/transport/flow substrate
L4_ModularTransport	transport	def	toRealModularLogData	lean/InfoGeometry/Canonical/TypeIIIContinuousCoreReal.lean	99	false	modular/transport/flow substrate
L4_ModularTransport	transport	theorem	modularTransportFlow_eq_realTomitaFlow	lean/InfoGeometry/Canonical/TypeIIIContinuousCoreReal.lean	108	true	modular/transport/flow substrate
L2_Operator	operator	def	IsPairwiseCommutingObservableFamily	lean/InfoGeometry/Canonical/TypeIIIContinuousCoreReal.lean	120	true	operator-algebraic bridge substrate
L2_Operator	operator	def	IsMaximalCommutingObservableFamily	lean/InfoGeometry/Canonical/TypeIIIContinuousCoreReal.lean	128	true	operator-algebraic bridge substrate
L5_ThermodynamicClosure	thermo	def	boltzmannEntropyPotential	lean/InfoGeometry/Canonical/TypeIIIContinuousCoreReal.lean	137	false	thermodynamic/free-energy/closure substrate
L5_ThermodynamicClosure	thermo	theorem	boltzmannEntropyPotential_add	lean/InfoGeometry/Canonical/TypeIIIContinuousCoreReal.lean	144	true	thermodynamic/free-energy/closure substrate
L5_ThermodynamicClosure	thermo	theorem	exists_boltzmannEntropyPotential_of_cocycle	lean/InfoGeometry/Canonical/TypeIIIContinuousCoreReal.lean	157	true	thermodynamic/free-energy/closure substrate
L4_ModularTransport	transport	structure	RealContinuousCoreInterface	lean/InfoGeometry/Canonical/TypeIIIContinuousCoreReal.lean	172	false	modular/transport/flow substrate
L4_ModularTransport	transport	def	IsDualFixed	lean/InfoGeometry/Canonical/TypeIIIContinuousCoreReal.lean	190	true	modular/transport/flow substrate
L4_ModularTransport	transport	def	IsModularFixed	lean/InfoGeometry/Canonical/TypeIIIContinuousCoreReal.lean	195	true	modular/transport/flow substrate
L4_ModularTransport	transport	theorem	dualAction_preserves_dualFixed	lean/InfoGeometry/Canonical/TypeIIIContinuousCoreReal.lean	200	true	modular/transport/flow substrate
L4_ModularTransport	transport	theorem	modularFlow_preserves_modularFixed	lean/InfoGeometry/Canonical/TypeIIIContinuousCoreReal.lean	214	true	modular/transport/flow substrate
L4_ModularTransport	transport	theorem	trace_constant_on_dualFixed	lean/InfoGeometry/Canonical/TypeIIIContinuousCoreReal.lean	232	true	modular/transport/flow substrate
L4_ModularTransport	transport	theorem	coreTrace_eq_singularPolar_split_of_commute	lean/InfoGeometry/Canonical/TypeIIIContinuousCoreReal.lean	246	true	modular/transport/flow substrate
L4_ModularTransport	transport	theorem	coreTrace_dualAction_eq_singularPolar_split_of_commute	lean/InfoGeometry/Canonical/TypeIIIContinuousCoreReal.lean	272	true	modular/transport/flow substrate
L4_ModularTransport	transport	theorem	coreTrace_eq_singularPolar_split_of_wedgeCalibrated	lean/InfoGeometry/Canonical/TypeIIIContinuousCoreReal.lean	293	true	modular/transport/flow substrate
L4_ModularTransport	transport	theorem	coreTrace_dualAction_eq_singularPolar_split_of_wedgeCalibrated	lean/InfoGeometry/Canonical/TypeIIIContinuousCoreReal.lean	342	true	modular/transport/flow substrate
L4_ModularTransport	transport	theorem	coreTrace_wedgeCalibrated_activeApex_stability_package	lean/InfoGeometry/Canonical/TypeIIIContinuousCoreReal.lean	381	true	modular/transport/flow substrate
L4_ModularTransport	transport	structure	TypeIIIScaleGroup	lean/InfoGeometry/Canonical/TypeIIILambdaCore.lean	23	false	modular/transport/flow substrate
L4_ModularTransport	transport	def	integerPeriodSet	lean/InfoGeometry/Canonical/TypeIIILambdaCore.lean	33	false	modular/transport/flow substrate
L4_ModularTransport	transport	def	integerPeriod	lean/InfoGeometry/Canonical/TypeIIILambdaCore.lean	38	false	modular/transport/flow substrate
L4_ModularTransport	transport	theorem	integerPeriod_mem_iff	lean/InfoGeometry/Canonical/TypeIIILambdaCore.lean	51	true	modular/transport/flow substrate
L4_ModularTransport	transport	structure	DiscreteTypeIIILambdaScale	lean/InfoGeometry/Canonical/TypeIIILambdaCore.lean	62	false	modular/transport/flow substrate
L4_ModularTransport	transport	def	ofQ	lean/InfoGeometry/Canonical/TypeIIILambdaCore.lean	71	false	modular/transport/flow substrate
L4_ModularTransport	transport	def	lambda	lean/InfoGeometry/Canonical/TypeIIILambdaCore.lean	79	false	modular/transport/flow substrate
L4_ModularTransport	transport	theorem	int_mul_log_q_mem	lean/InfoGeometry/Canonical/TypeIIILambdaCore.lean	84	true	modular/transport/flow substrate
L2_Operator	operator	structure	ModularLambdaLattice	lean/InfoGeometry/Canonical/TypeIIILambdaCore.lean	98	false	operator-algebraic bridge substrate
L4_ModularTransport	transport	theorem	thermalTimeStep_mem_scale	lean/InfoGeometry/Canonical/TypeIIILambdaCore.lean	117	true	modular/transport/flow substrate
L2_Operator	operator	theorem	drazin_projector_invariant	lean/InfoGeometry/Canonical/TypeIIILambdaCore.lean	127	true	operator-algebraic bridge substrate
L2_Operator	operator	structure	MellinShift	lean/InfoGeometry/Canonical/TypeIIILambdaCore.lean	141	false	operator-algebraic bridge substrate
L2_Operator	operator	structure	MellinSupercharge	lean/InfoGeometry/Canonical/TypeIIILambdaCore.lean	156	false	operator-algebraic bridge substrate
L2_Operator	operator	structure	SuperMellinAlgebra	lean/InfoGeometry/Canonical/TypeIIILambdaCore.lean	169	false	operator-algebraic bridge substrate
L3_Krein	krein	theorem	centralOperator_isDrazinLaneCentral	lean/InfoGeometry/Canonical/TypeIIILambdaCore.lean	207	true	Krein/doubled-geometry substrate
L3_Krein	krein	theorem	centralOperator_isDefectSupported	lean/InfoGeometry/Canonical/TypeIIILambdaCore.lean	214	true	Krein/doubled-geometry substrate
L3_Krein	krein	theorem	supercharge_in_chiralCone	lean/InfoGeometry/Canonical/TypeIIILambdaCore.lean	221	true	Krein/doubled-geometry substrate
L3_Krein	krein	theorem	shift_supercharge_commutator_eq_central_action	lean/InfoGeometry/Canonical/TypeIIILambdaCore.lean	228	true	Krein/doubled-geometry substrate
L2_Operator	operator	theorem	chi_zero_iff_alignment	lean/InfoGeometry/Canonical/UhlmannBuresHolonomy.lean	28	true	operator-algebraic bridge substrate
L2_Operator	operator	def	uhlmannCurvature	lean/InfoGeometry/Canonical/UhlmannBuresHolonomy.lean	36	false	operator-algebraic bridge substrate
L2_Operator	operator	def	defectScattering	lean/InfoGeometry/Canonical/UhlmannBuresHolonomy.lean	43	false	operator-algebraic bridge substrate
L2_Operator	operator	theorem	zero_curvature_of_inertial_regular_lane	lean/InfoGeometry/Canonical/UhlmannBuresHolonomy.lean	50	true	operator-algebraic bridge substrate
L2_Operator	operator	theorem	zero_defect_scattering_of_inertial_regular_lane	lean/InfoGeometry/Canonical/UhlmannBuresHolonomy.lean	61	true	operator-algebraic bridge substrate
L2_Operator	operator	theorem	curvature_eq_neg_defectScattering_of_inertial_regular_lane	lean/InfoGeometry/Canonical/UhlmannBuresHolonomy.lean	76	true	operator-algebraic bridge substrate
L4_ModularTransport	transport	structure	UnifiedSuperchargePackage	lean/InfoGeometry/Canonical/UnifiedSuperchargeAlgebra.lean	48	false	modular/transport/flow substrate
L4_ModularTransport	transport	def	drazinTranslationCandidate	lean/InfoGeometry/Canonical/UnifiedSuperchargeAlgebra.lean	180	false	modular/transport/flow substrate
L4_ModularTransport	transport	theorem	drazinTranslationCandidate_isSpectralCompact	lean/InfoGeometry/Canonical/UnifiedSuperchargeAlgebra.lean	192	true	modular/transport/flow substrate
L4_ModularTransport	transport	def	drazinCentralCandidate	lean/InfoGeometry/Canonical/UnifiedSuperchargeAlgebra.lean	260	false	modular/transport/flow substrate
L4_ModularTransport	transport	def	drazinDefectCandidate	lean/InfoGeometry/Canonical/UnifiedSuperchargeAlgebra.lean	270	false	modular/transport/flow substrate
L4_ModularTransport	transport	def	drazinTranslationCentralDefectPacket	lean/InfoGeometry/Canonical/UnifiedSuperchargeAlgebra.lean	280	false	modular/transport/flow substrate
L4_ModularTransport	transport	theorem	drazinTranslationCentralDefectPacket_fst	lean/InfoGeometry/Canonical/UnifiedSuperchargeAlgebra.lean	284	true	modular/transport/flow substrate
L4_ModularTransport	transport	theorem	drazinTranslationCentralDefectPacket_snd	lean/InfoGeometry/Canonical/UnifiedSuperchargeAlgebra.lean	289	true	modular/transport/flow substrate
L4_ModularTransport	transport	structure	DrazinSupergradedTranslationPacket	lean/InfoGeometry/Canonical/UnifiedSuperchargeAlgebra.lean	301	false	modular/transport/flow substrate
L4_ModularTransport	transport	theorem	drazinCentralCandidate_eq_defectCandidate	lean/InfoGeometry/Canonical/UnifiedSuperchargeAlgebra.lean	312	true	modular/transport/flow substrate
L4_ModularTransport	transport	theorem	projected_oddOdd_bracket_eq_two_smul_translation_plus_central	lean/InfoGeometry/Canonical/UnifiedSuperchargeAlgebra.lean	321	true	modular/transport/flow substrate
L4_ModularTransport	transport	theorem	projected_oddOdd_bracket_eq_two_smul_translation_plus_defect	lean/InfoGeometry/Canonical/UnifiedSuperchargeAlgebra.lean	346	true	modular/transport/flow substrate
L4_ModularTransport	transport	theorem	drazinSupergradedTranslationPacket_ofOwners	lean/InfoGeometry/Canonical/UnifiedSuperchargeAlgebra.lean	357	true	modular/transport/flow substrate
L4_ModularTransport	transport	def	drazinMajoranaConjugateCandidate	lean/InfoGeometry/Canonical/UnifiedSuperchargeAlgebra.lean	380	false	modular/transport/flow substrate
L4_ModularTransport	transport	theorem	drazinMajoranaConjugateCandidate_eq_QD_of_commute_chi	lean/InfoGeometry/Canonical/UnifiedSuperchargeAlgebra.lean	388	true	modular/transport/flow substrate
L4_ModularTransport	transport	theorem	paired_oddOdd_majoranaBracket_eq_selfBracket_of_commute_chi	lean/InfoGeometry/Canonical/UnifiedSuperchargeAlgebra.lean	400	true	modular/transport/flow substrate
L4_ModularTransport	transport	theorem	paired_oddOdd_majoranaBracket_eq_two_smul_translation_plus_central_of_commute_chi	lean/InfoGeometry/Canonical/UnifiedSuperchargeAlgebra.lean	418	true	modular/transport/flow substrate
L4_ModularTransport	transport	theorem	paired_oddOdd_majoranaBracket_eq_two_smul_translation_plus_defect_of_commute_chi	lean/InfoGeometry/Canonical/UnifiedSuperchargeAlgebra.lean	433	true	modular/transport/flow substrate
L4_ModularTransport	transport	def	drazinKramersConjugateCandidate	lean/InfoGeometry/Canonical/UnifiedSuperchargeAlgebra.lean	451	false	modular/transport/flow substrate
L4_ModularTransport	transport	def	pairedOddOddKramersBracket	lean/InfoGeometry/Canonical/UnifiedSuperchargeAlgebra.lean	457	false	modular/transport/flow substrate
L4_ModularTransport	transport	theorem	drazinKramersConjugateCandidate_is_odd_of_commute_GammaS	lean/InfoGeometry/Canonical/UnifiedSuperchargeAlgebra.lean	467	true	modular/transport/flow substrate
L4_ModularTransport	transport	theorem	pairedOddOddKramersBracket_eq_ownerReadout	lean/InfoGeometry/Canonical/UnifiedSuperchargeAlgebra.lean	484	true	modular/transport/flow substrate
L4_ModularTransport	transport	structure	TransportedSuperchargePackage	lean/InfoGeometry/Canonical/UnifiedSuperchargeAlgebra.lean	526	false	modular/transport/flow substrate
L4_ModularTransport	transport	structure	TopologicalCentralChargePackage	lean/InfoGeometry/Canonical/UnifiedSuperchargeAlgebra.lean	611	false	modular/transport/flow substrate
L4_ModularTransport	transport	theorem	unified_central_supercharge_theorem	lean/InfoGeometry/Canonical/UnifiedSuperchargeAlgebra.lean	666	true	modular/transport/flow substrate
L4_ModularTransport	transport	theorem	unified_cross_family_compatibility	lean/InfoGeometry/Canonical/UnifiedSuperchargeAlgebra.lean	702	true	modular/transport/flow substrate
L4_ModularTransport	transport	theorem	unified_sources_sinks_onsager_with_internal_central_split	lean/InfoGeometry/Canonical/UnifiedSuperchargeAlgebra.lean	756	true	modular/transport/flow substrate
L4_ModularTransport	transport	theorem	unified_internal_split_with_operatorial_shadow	lean/InfoGeometry/Canonical/UnifiedSuperchargeAlgebra.lean	835	true	modular/transport/flow substrate
L4_ModularTransport	transport	def	ownerTranslationCandidate	lean/InfoGeometry/Canonical/UnifiedSuperchargeOddOddBridge.lean	56	false	modular/transport/flow substrate
L4_ModularTransport	transport	theorem	ownerTranslationCandidate_isSpectralCompact	lean/InfoGeometry/Canonical/UnifiedSuperchargeOddOddBridge.lean	67	true	modular/transport/flow substrate
L4_ModularTransport	transport	def	ownerCentralCandidate	lean/InfoGeometry/Canonical/UnifiedSuperchargeOddOddBridge.lean	89	false	modular/transport/flow substrate
L4_ModularTransport	transport	def	ownerDefectResidual	lean/InfoGeometry/Canonical/UnifiedSuperchargeOddOddBridge.lean	99	false	modular/transport/flow substrate
L4_ModularTransport	transport	theorem	ownerDefectResidual_eq_zero	lean/InfoGeometry/Canonical/UnifiedSuperchargeOddOddBridge.lean	103	true	modular/transport/flow substrate
L4_ModularTransport	transport	theorem	oddOddBracket_eq_translation_plus_central_plus_defectResidual	lean/InfoGeometry/Canonical/UnifiedSuperchargeOddOddBridge.lean	119	true	modular/transport/flow substrate
L4_ModularTransport	transport	def	toOddOddDecompositionData	lean/InfoGeometry/Canonical/UnifiedSuperchargeOddOddBridge.lean	137	false	modular/transport/flow substrate
L4_ModularTransport	transport	theorem	toOddOddDecompositionData_defectCandidate_eq_zero	lean/InfoGeometry/Canonical/UnifiedSuperchargeOddOddBridge.lean	148	true	modular/transport/flow substrate
L4_ModularTransport	transport	theorem	toOddOddDecompositionData_packet	lean/InfoGeometry/Canonical/UnifiedSuperchargeOddOddBridge.lean	157	true	modular/transport/flow substrate
L4_ModularTransport	transport	structure	UnifiedTopologicalGapCompatibility	lean/InfoGeometry/Canonical/UnifiedTopologicalGapBridge.lean	51	false	modular/transport/flow substrate
L2_Operator	operator	def	ownerDrazinCore	lean/InfoGeometry/Canonical/UnifiedTopologicalGapBridge.lean	66	false	operator-algebraic bridge substrate
L2_Operator	operator	def	ownerExcitedStateSector	lean/InfoGeometry/Canonical/UnifiedTopologicalGapBridge.lean	72	false	operator-algebraic bridge substrate
L2_Operator	operator	theorem	susyHoppingOperator_QD_eq_ownerOddOdd	lean/InfoGeometry/Canonical/UnifiedTopologicalGapBridge.lean	81	true	operator-algebraic bridge substrate
L4_ModularTransport	transport	theorem	susyHoppingOperator_QD_eq_translation_plus_central_plus_defectResidual	lean/InfoGeometry/Canonical/UnifiedTopologicalGapBridge.lean	96	true	modular/transport/flow substrate
L4_ModularTransport	transport	theorem	susyHoppingOperator_QD_eq_translation_plus_central	lean/InfoGeometry/Canonical/UnifiedTopologicalGapBridge.lean	113	true	modular/transport/flow substrate
L2_Operator	operator	theorem	entropyProduction_vanishes_on_ownerDrazinCore	lean/InfoGeometry/Canonical/UnifiedTopologicalGapBridge.lean	138	true	operator-algebraic bridge substrate
L2_Operator	operator	theorem	gapDatum_bound_on_ownerExcitedSector	lean/InfoGeometry/Canonical/UnifiedTopologicalGapBridge.lean	151	true	operator-algebraic bridge substrate
L4_ModularTransport	transport	theorem	unified_topological_gap_packet	lean/InfoGeometry/Canonical/UnifiedTopologicalGapBridge.lean	164	true	modular/transport/flow substrate
L5_ThermodynamicClosure	thermo	structure	FiniteVandermondeExclusionData	lean/InfoGeometry/Canonical/VandermondeExclusionBridge.lean	37	false	thermodynamic/free-energy/closure substrate
L5_ThermodynamicClosure	thermo	def	matrix	lean/InfoGeometry/Canonical/VandermondeExclusionBridge.lean	46	false	thermodynamic/free-energy/closure substrate
L5_ThermodynamicClosure	thermo	def	determinant	lean/InfoGeometry/Canonical/VandermondeExclusionBridge.lean	51	false	thermodynamic/free-energy/closure substrate
L5_ThermodynamicClosure	thermo	theorem	determinant_eq_pairwise_separation	lean/InfoGeometry/Canonical/VandermondeExclusionBridge.lean	56	true	thermodynamic/free-energy/closure substrate
L5_ThermodynamicClosure	thermo	theorem	determinant_eq_zero_iff_collision	lean/InfoGeometry/Canonical/VandermondeExclusionBridge.lean	79	true	thermodynamic/free-energy/closure substrate
L5_ThermodynamicClosure	thermo	theorem	determinant_ne_zero_iff_injective	lean/InfoGeometry/Canonical/VandermondeExclusionBridge.lean	96	true	thermodynamic/free-energy/closure substrate
L5_ThermodynamicClosure	thermo	theorem	collision_forces_determinant_zero	lean/InfoGeometry/Canonical/VandermondeExclusionBridge.lean	112	true	thermodynamic/free-energy/closure substrate
L5_ThermodynamicClosure	thermo	theorem	determinant_ne_zero_forbids_collision	lean/InfoGeometry/Canonical/VandermondeExclusionBridge.lean	123	true	thermodynamic/free-energy/closure substrate
L5_ThermodynamicClosure	thermo	theorem	exclusion_packet	lean/InfoGeometry/Canonical/VandermondeExclusionBridge.lean	132	true	thermodynamic/free-energy/closure substrate
L4_ModularTransport	transport	def	informationalCurrent	lean/InfoGeometry/Canonical/VariationalLadder.lean	29	false	modular/transport/flow substrate
L4_ModularTransport	transport	structure	Ladder	lean/InfoGeometry/Canonical/VariationalLadder.lean	38	false	modular/transport/flow substrate
L4_ModularTransport	transport	def	IsOnsagerStationary	lean/InfoGeometry/Canonical/VariationalLadder.lean	47	true	modular/transport/flow substrate
L3_Krein	krein	structure	VortexPair	lean/InfoGeometry/Canonical/VortexAnomalyLink.lean	60	false	Krein/doubled-geometry substrate
L3_Krein	krein	def	canonicalVortexPair	lean/InfoGeometry/Canonical/VortexAnomalyLink.lean	83	false	Krein/doubled-geometry substrate
L3_Krein	krein	theorem	canonicalVortexPair_source_comm_spectral_epsilon	lean/InfoGeometry/Canonical/VortexAnomalyLink.lean	99	true	Krein/doubled-geometry substrate
L3_Krein	krein	theorem	canonicalVortexPair_sink_comm_spectral_epsilon	lean/InfoGeometry/Canonical/VortexAnomalyLink.lean	107	true	Krein/doubled-geometry substrate
L3_Krein	krein	theorem	canonicalVortexPair_source_comp_modular_j	lean/InfoGeometry/Canonical/VortexAnomalyLink.lean	115	true	Krein/doubled-geometry substrate
L3_Krein	krein	theorem	canonicalVortexPair_sink_comp_modular_j	lean/InfoGeometry/Canonical/VortexAnomalyLink.lean	123	true	Krein/doubled-geometry substrate
L3_Krein	krein	def	ProjectedNilpotentOn	lean/InfoGeometry/Canonical/VortexAnomalyLink.lean	132	true	Krein/doubled-geometry substrate
L3_Krein	krein	abbrev	canonicalSourceBoundarySupercharge	lean/InfoGeometry/Canonical/VortexAnomalyLink.lean	137	false	Krein/doubled-geometry substrate
L3_Krein	krein	abbrev	canonicalSinkBoundarySupercharge	lean/InfoGeometry/Canonical/VortexAnomalyLink.lean	143	false	Krein/doubled-geometry substrate
L3_Krein	krein	theorem	canonicalSourceBoundarySupercharge_eq_left	lean/InfoGeometry/Canonical/VortexAnomalyLink.lean	148	true	Krein/doubled-geometry substrate
L3_Krein	krein	theorem	canonicalSinkBoundarySupercharge_eq_right	lean/InfoGeometry/Canonical/VortexAnomalyLink.lean	155	true	Krein/doubled-geometry substrate
L3_Krein	krein	theorem	canonicalSourceBoundarySupercharge_sq_eq_zero	lean/InfoGeometry/Canonical/VortexAnomalyLink.lean	163	true	Krein/doubled-geometry substrate
L3_Krein	krein	theorem	canonicalSinkBoundarySupercharge_sq_eq_zero	lean/InfoGeometry/Canonical/VortexAnomalyLink.lean	172	true	Krein/doubled-geometry substrate
L3_Krein	krein	theorem	canonicalSourceBoundarySupercharge_projectedNilpotent	lean/InfoGeometry/Canonical/VortexAnomalyLink.lean	180	true	Krein/doubled-geometry substrate
L3_Krein	krein	theorem	canonicalSinkBoundarySupercharge_projectedNilpotent	lean/InfoGeometry/Canonical/VortexAnomalyLink.lean	187	true	Krein/doubled-geometry substrate
L4_ModularTransport	transport	abbrev	sourceVortexSeed	lean/InfoGeometry/Canonical/VortexAnomalyLink.lean	195	false	modular/transport/flow substrate
L4_ModularTransport	transport	abbrev	sinkVortexSeed	lean/InfoGeometry/Canonical/VortexAnomalyLink.lean	201	false	modular/transport/flow substrate
L4_ModularTransport	transport	theorem	sourceVortexSeed_eq_neg_plusProjectorFlux	lean/InfoGeometry/Canonical/VortexAnomalyLink.lean	207	true	modular/transport/flow substrate
L4_ModularTransport	transport	theorem	sinkVortexSeed_eq_neg_minusProjectorFlux	lean/InfoGeometry/Canonical/VortexAnomalyLink.lean	220	true	modular/transport/flow substrate
L4_ModularTransport	transport	theorem	sourceVortexSeed_add_sinkVortexSeed_eq_zero	lean/InfoGeometry/Canonical/VortexAnomalyLink.lean	233	true	modular/transport/flow substrate
L4_ModularTransport	transport	theorem	sourceVortexSeed_eq_neg_sinkVortexSeed	lean/InfoGeometry/Canonical/VortexAnomalyLink.lean	253	true	modular/transport/flow substrate
L4_ModularTransport	transport	theorem	sourceSinkAnticommutator_sum_eq_two_smul_connectionGenerator	lean/InfoGeometry/Canonical/VortexAnomalyLink.lean	265	true	modular/transport/flow substrate
L3_Krein	krein	theorem	canonicalVortexPair_source_sub_sink_eq_spectral_epsilon	lean/InfoGeometry/Canonical/VortexAnomalyLink.lean	300	true	Krein/doubled-geometry substrate
L4_ModularTransport	transport	theorem	sourceVortexSeed_sub_sinkVortexSeed_eq_transportCommutator_spectral_epsilon	lean/InfoGeometry/Canonical/VortexAnomalyLink.lean	336	true	modular/transport/flow substrate
L4_ModularTransport	transport	theorem	sourceSinkAnticommutator_sub_eq_anticommutator_spectral_epsilon	lean/InfoGeometry/Canonical/VortexAnomalyLink.lean	366	true	modular/transport/flow substrate
L4_ModularTransport	transport	theorem	transportCommutator_spectral_epsilon_eq_two_smul_sourceVortexSeed	lean/InfoGeometry/Canonical/VortexAnomalyLink.lean	415	true	modular/transport/flow substrate
L4_ModularTransport	transport	theorem	transportCommutator_spectral_epsilon_eq_neg_two_smul_sinkVortexSeed	lean/InfoGeometry/Canonical/VortexAnomalyLink.lean	442	true	modular/transport/flow substrate
L4_ModularTransport	transport	theorem	sourceVortexSeed_eq_half_transportCommutator_spectral_epsilon	lean/InfoGeometry/Canonical/VortexAnomalyLink.lean	460	true	modular/transport/flow substrate
L4_ModularTransport	transport	theorem	sinkVortexSeed_eq_neg_half_transportCommutator_spectral_epsilon	lean/InfoGeometry/Canonical/VortexAnomalyLink.lean	478	true	modular/transport/flow substrate
L4_ModularTransport	transport	theorem	sourceVortexSeed_ne_zero_iff_transportCommutator_spectral_epsilon_ne_zero	lean/InfoGeometry/Canonical/VortexAnomalyLink.lean	502	true	modular/transport/flow substrate
L4_ModularTransport	transport	theorem	sinkVortexSeed_ne_zero_iff_transportCommutator_spectral_epsilon_ne_zero	lean/InfoGeometry/Canonical/VortexAnomalyLink.lean	521	true	modular/transport/flow substrate
L4_ModularTransport	transport	theorem	sourceAnticommutator_eq_connectionGenerator_add_half_anticommutator_spectral_epsilon	lean/InfoGeometry/Canonical/VortexAnomalyLink.lean	540	true	modular/transport/flow substrate
L4_ModularTransport	transport	theorem	sinkAnticommutator_eq_connectionGenerator_sub_half_anticommutator_spectral_epsilon	lean/InfoGeometry/Canonical/VortexAnomalyLink.lean	605	true	modular/transport/flow substrate
L4_ModularTransport	transport	theorem	sourceVortexSeed_comp_J_eq_J_comp_sinkVortexSeed_of_commute_modularJ	lean/InfoGeometry/Canonical/VortexAnomalyLink.lean	655	true	modular/transport/flow substrate
L4_ModularTransport	transport	theorem	sinkVortexSeed_comp_J_eq_J_comp_sourceVortexSeed_of_commute_modularJ	lean/InfoGeometry/Canonical/VortexAnomalyLink.lean	692	true	modular/transport/flow substrate
L4_ModularTransport	transport	theorem	exists_sourceSinkSeedLocalizedVortex_of_operatorialCentralCharge_ne_zero_of_boundaryGenerator_eq_source_of_identifiedTransportedPolarization	lean/InfoGeometry/Canonical/VortexAnomalyLink.lean	740	true	modular/transport/flow substrate
L4_ModularTransport	transport	theorem	exists_sourceSinkSeedLocalizedVortex_of_operatorialCentralChargeParity_ne_zero_of_boundaryGenerator_eq_source_of_identifiedTransportedPolarization	lean/InfoGeometry/Canonical/VortexAnomalyLink.lean	790	true	modular/transport/flow substrate
L4_ModularTransport	transport	theorem	exists_sourceSinkSeedLocalizedVortex_of_operatorialCentralCharge_ne_zero_of_boundaryGenerator_eq_sink_of_identifiedTransportedPolarization	lean/InfoGeometry/Canonical/VortexAnomalyLink.lean	830	true	modular/transport/flow substrate
L4_ModularTransport	transport	theorem	exists_sourceSinkSeedLocalizedVortex_of_operatorialCentralChargeParity_ne_zero_of_boundaryGenerator_eq_sink_of_identifiedTransportedPolarization	lean/InfoGeometry/Canonical/VortexAnomalyLink.lean	880	true	modular/transport/flow substrate
L4_ModularTransport	transport	theorem	exists_sourceSinkSeedLocalizedVortex_of_operatorialCentralCharge_ne_zero_of_kernelSeparation_of_boundaryGenerator_eq_source_of_identifiedTransportedPolarization	lean/InfoGeometry/Canonical/VortexAnomalyLink.lean	918	true	modular/transport/flow substrate
L4_ModularTransport	transport	theorem	exists_sourceSinkSeedLocalizedVortex_of_operatorialCentralChargeParity_ne_zero_of_kernelSeparation_of_boundaryGenerator_eq_source_of_identifiedTransportedPolarization	lean/InfoGeometry/Canonical/VortexAnomalyLink.lean	957	true	modular/transport/flow substrate
L4_ModularTransport	transport	theorem	exists_sourceSinkSeedLocalizedVortex_of_operatorialCentralCharge_ne_zero_of_kernelSeparation_of_boundaryGenerator_eq_sink_of_identifiedTransportedPolarization	lean/InfoGeometry/Canonical/VortexAnomalyLink.lean	994	true	modular/transport/flow substrate
L4_ModularTransport	transport	theorem	exists_sourceSinkSeedLocalizedVortex_of_operatorialCentralChargeParity_ne_zero_of_kernelSeparation_of_boundaryGenerator_eq_sink_of_identifiedTransportedPolarization	lean/InfoGeometry/Canonical/VortexAnomalyLink.lean	1033	true	modular/transport/flow substrate
L4_ModularTransport	transport	def	unruhFlowOfModularTime	lean/InfoGeometry/Canonical/WedgeBoostModularBridge.lean	42	false	modular/transport/flow substrate
L4_ModularTransport	transport	theorem	unruhFlowOfModularTime_eq_unruhFlow	lean/InfoGeometry/Canonical/WedgeBoostModularBridge.lean	47	true	modular/transport/flow substrate
L4_ModularTransport	transport	theorem	unruhFlowOfModularTime_eq_modular_polynomial	lean/InfoGeometry/Canonical/WedgeBoostModularBridge.lean	57	true	modular/transport/flow substrate
L4_ModularTransport	transport	theorem	modularTime_roundtrip	lean/InfoGeometry/Canonical/WedgeBoostModularBridge.lean	70	true	modular/transport/flow substrate
L4_ModularTransport	transport	theorem	wedgeBoost_roundtrip	lean/InfoGeometry/Canonical/WedgeBoostModularBridge.lean	79	true	modular/transport/flow substrate
L4_ModularTransport	transport	theorem	wedgeBoostParameter_agrees_with_standardForm	lean/InfoGeometry/Canonical/WedgeBoostModularBridge.lean	91	true	modular/transport/flow substrate
L4_ModularTransport	transport	theorem	modularTimeOfWedgeBoost_agrees_with_standardForm	lean/InfoGeometry/Canonical/WedgeBoostModularBridge.lean	98	true	modular/transport/flow substrate
L4_ModularTransport	transport	def	FlowEqUnruh	lean/InfoGeometry/Canonical/WedgeBoostModularBridge.lean	108	true	modular/transport/flow substrate
L4_ModularTransport	transport	theorem	flow_at_wedgeParameter_of_flowEqUnruh	lean/InfoGeometry/Canonical/WedgeBoostModularBridge.lean	118	true	modular/transport/flow substrate
L4_ModularTransport	transport	structure	WedgeBoostModularCompatibility	lean/InfoGeometry/Canonical/WedgeBoostModularBridge.lean	144	false	modular/transport/flow substrate
L4_ModularTransport	transport	theorem	flow_at_wedgeParameter	lean/InfoGeometry/Canonical/WedgeBoostModularBridge.lean	154	true	modular/transport/flow substrate
L4_ModularTransport	transport	theorem	densityWeightLiftedTransportGenerator_eq_zeroWeight_add_weighted_phaseAxis	lean/InfoGeometry/Canonical/WeightedWeylNormalizationBridge.lean	42	true	modular/transport/flow substrate
L4_ModularTransport	transport	theorem	densityWeightLiftedDynamics_eq_zeroWeight_add_weighted_phaseAxis_commutator	lean/InfoGeometry/Canonical/WeightedWeylNormalizationBridge.lean	62	true	modular/transport/flow substrate
L4_ModularTransport	transport	theorem	coordinateFreeWeylLieDerivation_packet	lean/InfoGeometry/Canonical/WeightedWeylNormalizationBridge.lean	105	true	modular/transport/flow substrate
L4_ModularTransport	transport	theorem	densityWeightLiftedReadout_pair_eq_zeroWeight_add_weighted_phaseAxisReadout	lean/InfoGeometry/Canonical/WeightedWeylNormalizationBridge.lean	149	true	modular/transport/flow substrate
L4_ModularTransport	transport	theorem	densityWeightLiftedReadout_pair_eq_weighted_phaseAxisReadout_of_equilibriumSeed	lean/InfoGeometry/Canonical/WeightedWeylNormalizationBridge.lean	188	true	modular/transport/flow substrate
L4_ModularTransport	transport	theorem	densityWeightLiftedReadout_pair_eq_zero_of_equilibriumSeed_of_commute_phaseAxis	lean/InfoGeometry/Canonical/WeightedWeylNormalizationBridge.lean	228	true	modular/transport/flow substrate
L5_ThermodynamicClosure	thermo	def	alternatingDenominatorFactor	lean/InfoGeometry/Canonical/WeylA2AlternatingDeterminantShadow.lean	33	false	thermodynamic/free-energy/closure substrate
L5_ThermodynamicClosure	thermo	def	alternatingNumeratorFactor	lean/InfoGeometry/Canonical/WeylA2AlternatingDeterminantShadow.lean	38	false	thermodynamic/free-energy/closure substrate
L5_ThermodynamicClosure	thermo	def	swap01	lean/InfoGeometry/Canonical/WeylA2AlternatingDeterminantShadow.lean	45	false	thermodynamic/free-energy/closure substrate
L5_ThermodynamicClosure	thermo	theorem	alternatingDenominatorFactor_swap01_eq_neg	lean/InfoGeometry/Canonical/WeylA2AlternatingDeterminantShadow.lean	52	true	thermodynamic/free-energy/closure substrate
L5_ThermodynamicClosure	thermo	theorem	alternatingNumeratorFactor_swap01_eq_neg	lean/InfoGeometry/Canonical/WeylA2AlternatingDeterminantShadow.lean	59	true	thermodynamic/free-energy/closure substrate
L5_ThermodynamicClosure	thermo	theorem	denominator_swap01_eq_neg	lean/InfoGeometry/Canonical/WeylA2AlternatingDeterminantShadow.lean	66	true	thermodynamic/free-energy/closure substrate
L5_ThermodynamicClosure	thermo	theorem	numerator_swap01_eq_neg	lean/InfoGeometry/Canonical/WeylA2AlternatingDeterminantShadow.lean	72	true	thermodynamic/free-energy/closure substrate
L5_ThermodynamicClosure	thermo	theorem	alternating_determinant_packet	lean/InfoGeometry/Canonical/WeylA2AlternatingDeterminantShadow.lean	78	true	thermodynamic/free-energy/closure substrate
L5_ThermodynamicClosure	thermo	structure	A2Chart	lean/InfoGeometry/Canonical/WeylA2CancellationChart.lean	27	false	thermodynamic/free-energy/closure substrate
L5_ThermodynamicClosure	thermo	def	nodes	lean/InfoGeometry/Canonical/WeylA2CancellationChart.lean	38	false	thermodynamic/free-energy/closure substrate
L5_ThermodynamicClosure	thermo	def	expNodes	lean/InfoGeometry/Canonical/WeylA2CancellationChart.lean	45	false	thermodynamic/free-energy/closure substrate
L5_ThermodynamicClosure	thermo	def	denominatorData	lean/InfoGeometry/Canonical/WeylA2CancellationChart.lean	50	false	thermodynamic/free-energy/closure substrate
L5_ThermodynamicClosure	thermo	def	denominator	lean/InfoGeometry/Canonical/WeylA2CancellationChart.lean	55	false	thermodynamic/free-energy/closure substrate
L5_ThermodynamicClosure	thermo	def	numerator	lean/InfoGeometry/Canonical/WeylA2CancellationChart.lean	60	true	thermodynamic/free-energy/closure substrate
L5_ThermodynamicClosure	thermo	def	NoncollisionDomain	lean/InfoGeometry/Canonical/WeylA2CancellationChart.lean	65	true	thermodynamic/free-energy/closure substrate
L5_ThermodynamicClosure	thermo	def	quotient	lean/InfoGeometry/Canonical/WeylA2CancellationChart.lean	70	false	thermodynamic/free-energy/closure substrate
L5_ThermodynamicClosure	thermo	theorem	denominator_eq_zero_iff_collision	lean/InfoGeometry/Canonical/WeylA2CancellationChart.lean	75	true	thermodynamic/free-energy/closure substrate
L5_ThermodynamicClosure	thermo	theorem	numerator_eq_zero_iff_expCollision	lean/InfoGeometry/Canonical/WeylA2CancellationChart.lean	82	true	thermodynamic/free-energy/closure substrate
L5_ThermodynamicClosure	thermo	theorem	denominator_zero_forces_numerator_zero	lean/InfoGeometry/Canonical/WeylA2CancellationChart.lean	95	true	thermodynamic/free-energy/closure substrate
L5_ThermodynamicClosure	thermo	theorem	quotient_eq_ratio	lean/InfoGeometry/Canonical/WeylA2CancellationChart.lean	106	true	thermodynamic/free-energy/closure substrate
L5_ThermodynamicClosure	thermo	theorem	concrete_a2_cancellation_packet	lean/InfoGeometry/Canonical/WeylA2CancellationChart.lean	111	true	thermodynamic/free-energy/closure substrate
L5_ThermodynamicClosure	thermo	structure	ThreeNodePolynomialShadow	lean/InfoGeometry/Canonical/WeylA2ProductDivisibilityShadow.lean	29	false	thermodynamic/free-energy/closure substrate
L5_ThermodynamicClosure	thermo	def	shadowA	lean/InfoGeometry/Canonical/WeylA2ProductDivisibilityShadow.lean	42	false	thermodynamic/free-energy/closure substrate
L5_ThermodynamicClosure	thermo	def	shadowB	lean/InfoGeometry/Canonical/WeylA2ProductDivisibilityShadow.lean	45	false	thermodynamic/free-energy/closure substrate
L5_ThermodynamicClosure	thermo	def	shadowC	lean/InfoGeometry/Canonical/WeylA2ProductDivisibilityShadow.lean	48	false	thermodynamic/free-energy/closure substrate
L5_ThermodynamicClosure	thermo	def	denominator	lean/InfoGeometry/Canonical/WeylA2ProductDivisibilityShadow.lean	52	false	thermodynamic/free-energy/closure substrate
L5_ThermodynamicClosure	thermo	def	numerator	lean/InfoGeometry/Canonical/WeylA2ProductDivisibilityShadow.lean	57	false	thermodynamic/free-energy/closure substrate
L5_ThermodynamicClosure	thermo	theorem	denominatorA_dvd_numerator	lean/InfoGeometry/Canonical/WeylA2ProductDivisibilityShadow.lean	62	true	thermodynamic/free-energy/closure substrate
L5_ThermodynamicClosure	thermo	theorem	denominatorB_dvd_numerator	lean/InfoGeometry/Canonical/WeylA2ProductDivisibilityShadow.lean	76	true	thermodynamic/free-energy/closure substrate
L5_ThermodynamicClosure	thermo	theorem	denominatorC_dvd_numerator	lean/InfoGeometry/Canonical/WeylA2ProductDivisibilityShadow.lean	90	true	thermodynamic/free-energy/closure substrate
L5_ThermodynamicClosure	thermo	theorem	denominator_dvd_numerator	lean/InfoGeometry/Canonical/WeylA2ProductDivisibilityShadow.lean	109	true	thermodynamic/free-energy/closure substrate
L5_ThermodynamicClosure	thermo	theorem	exists_quotient	lean/InfoGeometry/Canonical/WeylA2ProductDivisibilityShadow.lean	130	true	thermodynamic/free-energy/closure substrate
L5_ThermodynamicClosure	thermo	theorem	product_divisibility_packet	lean/InfoGeometry/Canonical/WeylA2ProductDivisibilityShadow.lean	137	true	thermodynamic/free-energy/closure substrate
L5_ThermodynamicClosure	thermo	def	signBit	lean/InfoGeometry/Canonical/WeylAlternatingNumeratorShadow.lean	26	false	thermodynamic/free-energy/closure substrate
L5_ThermodynamicClosure	thermo	theorem	signBit_eq_one_or_neg_one	lean/InfoGeometry/Canonical/WeylAlternatingNumeratorShadow.lean	30	true	thermodynamic/free-energy/closure substrate
L5_ThermodynamicClosure	thermo	structure	AlternatingGibbsNumeratorData	lean/InfoGeometry/Canonical/WeylAlternatingNumeratorShadow.lean	41	false	thermodynamic/free-energy/closure substrate
L5_ThermodynamicClosure	thermo	def	value	lean/InfoGeometry/Canonical/WeylAlternatingNumeratorShadow.lean	52	false	thermodynamic/free-energy/closure substrate
L5_ThermodynamicClosure	thermo	def	term	lean/InfoGeometry/Canonical/WeylAlternatingNumeratorShadow.lean	57	false	thermodynamic/free-energy/closure substrate
L5_ThermodynamicClosure	thermo	theorem	value_eq_sum_terms	lean/InfoGeometry/Canonical/WeylAlternatingNumeratorShadow.lean	61	true	thermodynamic/free-energy/closure substrate
L5_ThermodynamicClosure	thermo	theorem	term_eq_signed_gibbs	lean/InfoGeometry/Canonical/WeylAlternatingNumeratorShadow.lean	66	true	thermodynamic/free-energy/closure substrate
L5_ThermodynamicClosure	thermo	theorem	sign_factor_eq_one_or_neg_one	lean/InfoGeometry/Canonical/WeylAlternatingNumeratorShadow.lean	71	true	thermodynamic/free-energy/closure substrate
L5_ThermodynamicClosure	thermo	theorem	alternating_gibbs_packet	lean/InfoGeometry/Canonical/WeylAlternatingNumeratorShadow.lean	79	true	thermodynamic/free-energy/closure substrate
L5_ThermodynamicClosure	thermo	structure	D4AlternatingCharacterShadowPacket	lean/InfoGeometry/Canonical/WeylAlternatingNumeratorShadow.lean	98	false	thermodynamic/free-energy/closure substrate
L5_ThermodynamicClosure	thermo	theorem	numerator_is_alternating_gibbs	lean/InfoGeometry/Canonical/WeylAlternatingNumeratorShadow.lean	109	true	thermodynamic/free-energy/closure substrate
L5_ThermodynamicClosure	thermo	theorem	denominator_zero_iff_collision	lean/InfoGeometry/Canonical/WeylAlternatingNumeratorShadow.lean	117	true	thermodynamic/free-energy/closure substrate
L5_ThermodynamicClosure	thermo	theorem	numerator_denominator_shadow_packet	lean/InfoGeometry/Canonical/WeylAlternatingNumeratorShadow.lean	126	true	thermodynamic/free-energy/closure substrate
L5_ThermodynamicClosure	thermo	structure	TwoNodeAlternatingShadow	lean/InfoGeometry/Canonical/WeylAntisymmetricDivisibilityShadow.lean	23	false	thermodynamic/free-energy/closure substrate
L5_ThermodynamicClosure	thermo	def	denominator	lean/InfoGeometry/Canonical/WeylAntisymmetricDivisibilityShadow.lean	35	false	thermodynamic/free-energy/closure substrate
L5_ThermodynamicClosure	thermo	def	numerator	lean/InfoGeometry/Canonical/WeylAntisymmetricDivisibilityShadow.lean	40	false	thermodynamic/free-energy/closure substrate
L5_ThermodynamicClosure	thermo	def	swap	lean/InfoGeometry/Canonical/WeylAntisymmetricDivisibilityShadow.lean	45	false	thermodynamic/free-energy/closure substrate
L5_ThermodynamicClosure	thermo	theorem	numerator_swap_eq_neg	lean/InfoGeometry/Canonical/WeylAntisymmetricDivisibilityShadow.lean	52	true	thermodynamic/free-energy/closure substrate
L5_ThermodynamicClosure	thermo	theorem	denominator_swap_eq_neg	lean/InfoGeometry/Canonical/WeylAntisymmetricDivisibilityShadow.lean	59	true	thermodynamic/free-energy/closure substrate
L5_ThermodynamicClosure	thermo	theorem	denominator_dvd_numerator	lean/InfoGeometry/Canonical/WeylAntisymmetricDivisibilityShadow.lean	66	true	thermodynamic/free-energy/closure substrate
L5_ThermodynamicClosure	thermo	def	polynomialShadow	lean/InfoGeometry/Canonical/WeylAntisymmetricDivisibilityShadow.lean	78	false	thermodynamic/free-energy/closure substrate
L5_ThermodynamicClosure	thermo	theorem	antisymmetry_divisibility_packet	lean/InfoGeometry/Canonical/WeylAntisymmetricDivisibilityShadow.lean	86	true	thermodynamic/free-energy/closure substrate
L5_ThermodynamicClosure	thermo	structure	WeylRootSystem	lean/InfoGeometry/Canonical/WeylCharacterEquivalence.lean	55	false	thermodynamic/free-energy/closure substrate
L5_ThermodynamicClosure	thermo	def	denominatorValue	lean/InfoGeometry/Canonical/WeylCharacterEquivalence.lean	65	false	thermodynamic/free-energy/closure substrate
L5_ThermodynamicClosure	thermo	structure	PrimeRapidityEncoding	lean/InfoGeometry/Canonical/WeylCharacterEquivalence.lean	72	false	thermodynamic/free-energy/closure substrate
L5_ThermodynamicClosure	thermo	structure	WeylDenominatorEulerProductBridge	lean/InfoGeometry/Canonical/WeylCharacterEquivalence.lean	83	false	thermodynamic/free-energy/closure substrate
L5_ThermodynamicClosure	thermo	theorem	weylDenominator_eq_primeEulerProduct	lean/InfoGeometry/Canonical/WeylCharacterEquivalence.lean	97	true	thermodynamic/free-energy/closure substrate
L5_ThermodynamicClosure	thermo	def	mobiusCoefficient	lean/InfoGeometry/Canonical/WeylCharacterEquivalence.lean	105	false	thermodynamic/free-energy/closure substrate
L5_ThermodynamicClosure	thermo	structure	ParityTraceWitness	lean/InfoGeometry/Canonical/WeylCharacterEquivalence.lean	110	false	thermodynamic/free-energy/closure substrate
L5_ThermodynamicClosure	thermo	theorem	mobius_eq_weyl_signature_on_squarefree	lean/InfoGeometry/Canonical/WeylCharacterEquivalence.lean	123	true	thermodynamic/free-energy/closure substrate
L5_ThermodynamicClosure	thermo	structure	DeformedSouriauWeylCharacter	lean/InfoGeometry/Canonical/WeylCharacterEquivalence.lean	132	true	thermodynamic/free-energy/closure substrate
L5_ThermodynamicClosure	thermo	theorem	undeformedCharacter_eq_partitionFunction	lean/InfoGeometry/Canonical/WeylCharacterEquivalence.lean	147	true	thermodynamic/free-energy/closure substrate
L5_ThermodynamicClosure	thermo	structure	SouriauWeylPartitionPacket	lean/InfoGeometry/Canonical/WeylCharacterEquivalence.lean	155	false	thermodynamic/free-energy/closure substrate
L5_ThermodynamicClosure	thermo	theorem	partitionFunction_is_souriau_character	lean/InfoGeometry/Canonical/WeylCharacterEquivalence.lean	168	true	thermodynamic/free-energy/closure substrate
L5_ThermodynamicClosure	thermo	theorem	denominator_is_prime_euler_product	lean/InfoGeometry/Canonical/WeylCharacterEquivalence.lean	174	true	thermodynamic/free-energy/closure substrate
L5_ThermodynamicClosure	thermo	theorem	parity_trace_witness	lean/InfoGeometry/Canonical/WeylCharacterEquivalence.lean	179	true	thermodynamic/free-energy/closure substrate
L5_ThermodynamicClosure	thermo	structure	WeylDenominatorPrimeModePacket	lean/InfoGeometry/Canonical/WeylCharacterEquivalence.lean	189	false	thermodynamic/free-energy/closure substrate
L5_ThermodynamicClosure	thermo	def	weylDenominatorProduct	lean/InfoGeometry/Canonical/WeylCharacterEquivalence.lean	198	false	thermodynamic/free-energy/closure substrate
L5_ThermodynamicClosure	thermo	def	primeEulerProduct	lean/InfoGeometry/Canonical/WeylCharacterEquivalence.lean	203	false	thermodynamic/free-energy/closure substrate
L5_ThermodynamicClosure	thermo	theorem	weylDenominator_eulerProduct_isomorphic	lean/InfoGeometry/Canonical/WeylCharacterEquivalence.lean	208	true	thermodynamic/free-energy/closure substrate
L5_ThermodynamicClosure	thermo	theorem	moebius_signature_equivalence	lean/InfoGeometry/Canonical/WeylCharacterEquivalence.lean	214	true	thermodynamic/free-energy/closure substrate
L5_ThermodynamicClosure	thermo	structure	SouriauThermalPrimeEvaluation	lean/InfoGeometry/Canonical/WeylCharacterEquivalence.lean	221	false	thermodynamic/free-energy/closure substrate
L5_ThermodynamicClosure	thermo	structure	InverseZetaWeylParitySupertrace	lean/InfoGeometry/Canonical/WeylCharacterEquivalence.lean	234	false	thermodynamic/free-energy/closure substrate
L5_ThermodynamicClosure	thermo	theorem	inverseZeta_eq_weylDenominator_paritySupertrace	lean/InfoGeometry/Canonical/WeylCharacterEquivalence.lean	249	true	thermodynamic/free-energy/closure substrate
L5_ThermodynamicClosure	thermo	structure	BosonicZetaPartitionReciprocal	lean/InfoGeometry/Canonical/WeylCharacterEquivalence.lean	260	false	thermodynamic/free-energy/closure substrate
L5_ThermodynamicClosure	thermo	theorem	zeta_eq_reciprocal_bosonic_partition	lean/InfoGeometry/Canonical/WeylCharacterEquivalence.lean	271	true	thermodynamic/free-energy/closure substrate
L5_ThermodynamicClosure	thermo	structure	PrimeIndexedSouriauThermalEvaluation	lean/InfoGeometry/Canonical/WeylCharacterEquivalence.lean	282	true	thermodynamic/free-energy/closure substrate
L5_ThermodynamicClosure	thermo	def	inverseZetaAsPrimeIndexedWeylDenominator	lean/InfoGeometry/Canonical/WeylCharacterEquivalence.lean	298	false	thermodynamic/free-energy/closure substrate
L5_ThermodynamicClosure	thermo	def	reciprocalBosonicPartitionFunction	lean/InfoGeometry/Canonical/WeylCharacterEquivalence.lean	303	false	thermodynamic/free-energy/closure substrate
L5_ThermodynamicClosure	thermo	theorem	inverseZeta_eq_primeIndexedWeylDenominator	lean/InfoGeometry/Canonical/WeylCharacterEquivalence.lean	308	true	thermodynamic/free-energy/closure substrate
L5_ThermodynamicClosure	thermo	theorem	inverseZeta_eq_paritySupertrace	lean/InfoGeometry/Canonical/WeylCharacterEquivalence.lean	314	true	thermodynamic/free-energy/closure substrate
L5_ThermodynamicClosure	thermo	theorem	zeta_eq_reciprocalBosonicPartitionFunction	lean/InfoGeometry/Canonical/WeylCharacterEquivalence.lean	320	true	thermodynamic/free-energy/closure substrate
L5_ThermodynamicClosure	thermo	structure	CorrectedSouriauWeylSupertracePacket	lean/InfoGeometry/Canonical/WeylCharacterEquivalence.lean	330	true	thermodynamic/free-energy/closure substrate
L5_ThermodynamicClosure	thermo	theorem	corrected_denominator_is_parity_supertrace	lean/InfoGeometry/Canonical/WeylCharacterEquivalence.lean	340	true	thermodynamic/free-energy/closure substrate
L5_ThermodynamicClosure	thermo	structure	SplitWeylParitySupertracePacket	lean/InfoGeometry/Canonical/WeylCharacterEquivalence.lean	353	false	thermodynamic/free-energy/closure substrate
L5_ThermodynamicClosure	thermo	theorem	inverseZeta_eq_parityTrace	lean/InfoGeometry/Canonical/WeylCharacterEquivalence.lean	365	true	thermodynamic/free-energy/closure substrate
L5_ThermodynamicClosure	thermo	theorem	parityTrace_eq_inverseZeta	lean/InfoGeometry/Canonical/WeylCharacterEquivalence.lean	371	true	thermodynamic/free-energy/closure substrate
L5_ThermodynamicClosure	thermo	structure	SplitCorrectedSouriauWeylSupertracePacket	lean/InfoGeometry/Canonical/WeylCharacterEquivalence.lean	385	false	thermodynamic/free-energy/closure substrate
L5_ThermodynamicClosure	thermo	theorem	split_corrected_denominator_is_parity_supertrace	lean/InfoGeometry/Canonical/WeylCharacterEquivalence.lean	397	true	thermodynamic/free-energy/closure substrate
L5_ThermodynamicClosure	thermo	structure	WeylDenominator	lean/InfoGeometry/Canonical/WeylCharacterEquivalence.lean	413	false	thermodynamic/free-energy/closure substrate
L5_ThermodynamicClosure	thermo	def	PrimeGasEulerProduct	lean/InfoGeometry/Canonical/WeylCharacterEquivalence.lean	418	false	thermodynamic/free-energy/closure substrate
L5_ThermodynamicClosure	thermo	abbrev	DenominatorShadow	lean/InfoGeometry/Canonical/WeylCharacterVandermondeShadow.lean	44	false	thermodynamic/free-energy/closure substrate
L5_ThermodynamicClosure	thermo	def	value	lean/InfoGeometry/Canonical/WeylCharacterVandermondeShadow.lean	53	false	thermodynamic/free-energy/closure substrate
L5_ThermodynamicClosure	thermo	theorem	value_eq_determinant	lean/InfoGeometry/Canonical/WeylCharacterVandermondeShadow.lean	58	true	thermodynamic/free-energy/closure substrate
L5_ThermodynamicClosure	thermo	structure	D4CharacterVandermondePacket	lean/InfoGeometry/Canonical/WeylCharacterVandermondeShadow.lean	74	false	thermodynamic/free-energy/closure substrate
L5_ThermodynamicClosure	thermo	theorem	denominator_eq_vandermonde	lean/InfoGeometry/Canonical/WeylCharacterVandermondeShadow.lean	93	true	thermodynamic/free-energy/closure substrate
L5_ThermodynamicClosure	thermo	theorem	denominator_eq_zero_iff_collision	lean/InfoGeometry/Canonical/WeylCharacterVandermondeShadow.lean	102	true	thermodynamic/free-energy/closure substrate
L5_ThermodynamicClosure	thermo	theorem	denominator_ne_zero_iff_injective	lean/InfoGeometry/Canonical/WeylCharacterVandermondeShadow.lean	117	true	thermodynamic/free-energy/closure substrate
L5_ThermodynamicClosure	thermo	theorem	finite_character_denominator_packet	lean/InfoGeometry/Canonical/WeylCharacterVandermondeShadow.lean	134	true	thermodynamic/free-energy/closure substrate
L4_ModularTransport	transport	def	antiCommutator	lean/InfoGeometry/Canonical/WeylKKTAnomalyIdentity.lean	40	false	modular/transport/flow substrate
L4_ModularTransport	transport	theorem	clifford_decomposition_kkt_form	lean/InfoGeometry/Canonical/WeylKKTAnomalyIdentity.lean	48	true	modular/transport/flow substrate
L4_ModularTransport	transport	theorem	chiralScale_eq_epsilon	lean/InfoGeometry/Canonical/WeylKKTAnomalyIdentity.lean	82	true	modular/transport/flow substrate
L4_ModularTransport	transport	theorem	epsilon_eq_projectorObstruction_nnnorm	lean/InfoGeometry/Canonical/WeylKKTAnomalyIdentity.lean	90	true	modular/transport/flow substrate
L4_ModularTransport	transport	theorem	dilationCommutator_eq_neg_half_projectorObstruction_of_structuredProjectorHypotheses	lean/InfoGeometry/Canonical/WeylKKTAnomalyIdentity.lean	101	true	modular/transport/flow substrate
L4_ModularTransport	transport	theorem	semanticCollapsePacket	lean/InfoGeometry/Canonical/WeylKKTAnomalyIdentity.lean	118	true	modular/transport/flow substrate
L4_ModularTransport	transport	theorem	projectorObstruction_eq_zero_and_dilationCommutator_eq_zero_of_structuredProjectorHypotheses_of_chiralScale_eq_zero	lean/InfoGeometry/Canonical/WeylKKTAnomalyIdentity.lean	136	true	modular/transport/flow substrate
L4_ModularTransport	transport	theorem	semanticCollapsePacket_of_structuredProjectorHypotheses_of_chiralScale_eq_zero	lean/InfoGeometry/Canonical/WeylKKTAnomalyIdentity.lean	159	true	modular/transport/flow substrate
L4_ModularTransport	transport	theorem	semanticCollapsePacket_of_equilibriumSeed_of_structuredProjectorHypotheses	lean/InfoGeometry/Canonical/WeylKKTAnomalyIdentity.lean	199	true	modular/transport/flow substrate
L4_ModularTransport	transport	theorem	semanticCollapsePacket_of_firstVariation_eq_zero_of_probeFaithful	lean/InfoGeometry/Canonical/WeylKKTAnomalyIdentity.lean	231	true	modular/transport/flow substrate
L4_ModularTransport	transport	theorem	nonzeroProjectorObstruction_sources_transportedEinsteinResidual	lean/InfoGeometry/Canonical/WeylKKTAnomalyIdentity.lean	271	true	modular/transport/flow substrate
L5_ThermodynamicClosure	thermo	structure	LocalCancellationShadowPacket	lean/InfoGeometry/Canonical/WeylLocalCancellationShadow.lean	34	false	thermodynamic/free-energy/closure substrate
L5_ThermodynamicClosure	thermo	def	denominator	lean/InfoGeometry/Canonical/WeylLocalCancellationShadow.lean	49	false	thermodynamic/free-energy/closure substrate
L5_ThermodynamicClosure	thermo	def	numerator	lean/InfoGeometry/Canonical/WeylLocalCancellationShadow.lean	54	true	thermodynamic/free-energy/closure substrate
L5_ThermodynamicClosure	thermo	def	NoncollisionDomain	lean/InfoGeometry/Canonical/WeylLocalCancellationShadow.lean	59	true	thermodynamic/free-energy/closure substrate
L5_ThermodynamicClosure	thermo	def	quotient	lean/InfoGeometry/Canonical/WeylLocalCancellationShadow.lean	69	false	thermodynamic/free-energy/closure substrate
L5_ThermodynamicClosure	thermo	theorem	denominator_eq_zero_iff_collision	lean/InfoGeometry/Canonical/WeylLocalCancellationShadow.lean	73	true	thermodynamic/free-energy/closure substrate
L5_ThermodynamicClosure	thermo	theorem	denominator_ne_zero_iff_injective	lean/InfoGeometry/Canonical/WeylLocalCancellationShadow.lean	81	true	thermodynamic/free-energy/closure substrate
L5_ThermodynamicClosure	thermo	theorem	numerator_eq_zero_of_collision	lean/InfoGeometry/Canonical/WeylLocalCancellationShadow.lean	87	true	thermodynamic/free-energy/closure substrate
L5_ThermodynamicClosure	thermo	theorem	denominator_zero_forces_numerator_zero	lean/InfoGeometry/Canonical/WeylLocalCancellationShadow.lean	102	true	thermodynamic/free-energy/closure substrate
L5_ThermodynamicClosure	thermo	theorem	quotient_eq_ratio	lean/InfoGeometry/Canonical/WeylLocalCancellationShadow.lean	109	true	thermodynamic/free-energy/closure substrate
L5_ThermodynamicClosure	thermo	theorem	quotient_domain_packet	lean/InfoGeometry/Canonical/WeylLocalCancellationShadow.lean	114	true	thermodynamic/free-energy/closure substrate
L5_ThermodynamicClosure	thermo	theorem	local_cancellation_packet	lean/InfoGeometry/Canonical/WeylLocalCancellationShadow.lean	129	true	thermodynamic/free-energy/closure substrate
L5_ThermodynamicClosure	thermo	structure	TwoNodePolynomialShadow	lean/InfoGeometry/Canonical/WeylPolynomialDivisibilityShadow.lean	31	false	thermodynamic/free-energy/closure substrate
L5_ThermodynamicClosure	thermo	def	denominator	lean/InfoGeometry/Canonical/WeylPolynomialDivisibilityShadow.lean	42	false	thermodynamic/free-energy/closure substrate
L5_ThermodynamicClosure	thermo	def	numerator	lean/InfoGeometry/Canonical/WeylPolynomialDivisibilityShadow.lean	47	false	thermodynamic/free-energy/closure substrate
L5_ThermodynamicClosure	thermo	theorem	denominator_dvd_numerator	lean/InfoGeometry/Canonical/WeylPolynomialDivisibilityShadow.lean	54	true	thermodynamic/free-energy/closure substrate
L5_ThermodynamicClosure	thermo	theorem	exists_quotient	lean/InfoGeometry/Canonical/WeylPolynomialDivisibilityShadow.lean	63	true	thermodynamic/free-energy/closure substrate
L5_ThermodynamicClosure	thermo	theorem	polynomial_divisibility_packet	lean/InfoGeometry/Canonical/WeylPolynomialDivisibilityShadow.lean	72	true	thermodynamic/free-energy/closure substrate
L5_ThermodynamicClosure	thermo	structure	FiniteWeylSupertraceOwner	lean/InfoGeometry/Canonical/WeylSupertraceOwner.lean	26	true	thermodynamic/free-energy/closure substrate
L5_ThermodynamicClosure	thermo	structure	TwoNodeChart	lean/InfoGeometry/Canonical/WeylTwoNodeCancellationChart.lean	30	false	thermodynamic/free-energy/closure substrate
L5_ThermodynamicClosure	thermo	def	nodes	lean/InfoGeometry/Canonical/WeylTwoNodeCancellationChart.lean	40	false	thermodynamic/free-energy/closure substrate
L5_ThermodynamicClosure	thermo	def	denominatorData	lean/InfoGeometry/Canonical/WeylTwoNodeCancellationChart.lean	46	false	thermodynamic/free-energy/closure substrate
L5_ThermodynamicClosure	thermo	def	denominator	lean/InfoGeometry/Canonical/WeylTwoNodeCancellationChart.lean	51	false	thermodynamic/free-energy/closure substrate
L5_ThermodynamicClosure	thermo	def	numerator	lean/InfoGeometry/Canonical/WeylTwoNodeCancellationChart.lean	56	true	thermodynamic/free-energy/closure substrate
L5_ThermodynamicClosure	thermo	def	NoncollisionDomain	lean/InfoGeometry/Canonical/WeylTwoNodeCancellationChart.lean	61	true	thermodynamic/free-energy/closure substrate
L5_ThermodynamicClosure	thermo	def	quotient	lean/InfoGeometry/Canonical/WeylTwoNodeCancellationChart.lean	66	false	thermodynamic/free-energy/closure substrate
L5_ThermodynamicClosure	thermo	theorem	denominator_eq	lean/InfoGeometry/Canonical/WeylTwoNodeCancellationChart.lean	71	true	thermodynamic/free-energy/closure substrate
L5_ThermodynamicClosure	thermo	theorem	denominator_eq_zero_iff	lean/InfoGeometry/Canonical/WeylTwoNodeCancellationChart.lean	79	true	thermodynamic/free-energy/closure substrate
L5_ThermodynamicClosure	thermo	theorem	numerator_eq_zero_of_collision	lean/InfoGeometry/Canonical/WeylTwoNodeCancellationChart.lean	90	true	thermodynamic/free-energy/closure substrate
L5_ThermodynamicClosure	thermo	theorem	denominator_zero_forces_numerator_zero	lean/InfoGeometry/Canonical/WeylTwoNodeCancellationChart.lean	100	true	thermodynamic/free-energy/closure substrate
L5_ThermodynamicClosure	thermo	theorem	noncollision_iff	lean/InfoGeometry/Canonical/WeylTwoNodeCancellationChart.lean	107	true	thermodynamic/free-energy/closure substrate
L5_ThermodynamicClosure	thermo	theorem	quotient_eq_ratio	lean/InfoGeometry/Canonical/WeylTwoNodeCancellationChart.lean	115	true	thermodynamic/free-energy/closure substrate
L5_ThermodynamicClosure	thermo	theorem	concrete_cancellation_packet	lean/InfoGeometry/Canonical/WeylTwoNodeCancellationChart.lean	124	true	thermodynamic/free-energy/closure substrate
L4_ModularTransport	transport	def	clockAxis	lean/InfoGeometry/Canonical/WindingOrbitClosure.lean	51	false	modular/transport/flow substrate
L4_ModularTransport	transport	def	multiBranchedGenerator	lean/InfoGeometry/Canonical/WindingOrbitClosure.lean	65	false	modular/transport/flow substrate
L4_ModularTransport	transport	def	topoShift	lean/InfoGeometry/Canonical/WindingOrbitClosure.lean	72	false	modular/transport/flow substrate
L4_ModularTransport	transport	def	HasClockAxisForcingSeed	lean/InfoGeometry/Canonical/WindingOrbitClosure.lean	164	true	modular/transport/flow substrate
L4_ModularTransport	transport	def	windingOrbitObstruction	lean/InfoGeometry/Canonical/WindingOrbitClosure.lean	226	false	modular/transport/flow substrate
L4_ModularTransport	transport	def	IsClockFaithfulExponentialBranch	lean/InfoGeometry/Canonical/WindingOrbitClosure.lean	238	true	modular/transport/flow substrate
L4_ModularTransport	transport	structure	LocalClockGaugeSymmetryCertificate	lean/InfoGeometry/Canonical/WindingOrbitClosure.lean	252	false	modular/transport/flow substrate
L4_ModularTransport	transport	def	IsDetailedEquilibriumSeed	lean/InfoGeometry/Canonical/WindingOrbitClosure.lean	336	true	modular/transport/flow substrate
L4_ModularTransport	transport	abbrev	HasCartanGradeForcingSeed	lean/InfoGeometry/Canonical/WindingOrbitClosure.lean	343	true	modular/transport/flow substrate
L4_ModularTransport	transport	def	nonEquilibriumClockDefect	lean/InfoGeometry/Canonical/WindingOrbitClosure.lean	546	true	modular/transport/flow substrate
L4_ModularTransport	transport	def	IsClockEquilibriumLane	lean/InfoGeometry/Canonical/WindingOrbitClosure.lean	563	true	modular/transport/flow substrate
L2_Operator	operator	theorem	operatorZetaRegularizedLogDet_mul_right	lean/InfoGeometry/Canonical/ZetaDeterminant.lean	86	true	operator-algebraic bridge substrate
L2_Operator	operator	theorem	operatorZetaRegularizedLogDet_mul_left	lean/InfoGeometry/Canonical/ZetaDeterminant.lean	126	true	operator-algebraic bridge substrate
L4_ModularTransport	transport	structure	ZornMatrix	lean/InfoGeometry/Canonical/ZornSpinor.lean	24	false	modular/transport/flow substrate
L2_Operator	operator	structure	Biquaternion	lean/InfoGeometry/Clifford/Biquaternion.lean	27	false	operator-algebraic bridge substrate
L2_Operator	operator	def	rotationPart	lean/InfoGeometry/Clifford/Biquaternion.lean	45	false	operator-algebraic bridge substrate
L2_Operator	operator	def	boostPart	lean/InfoGeometry/Clifford/Biquaternion.lean	52	true	operator-algebraic bridge substrate
L3_Krein	krein	abbrev	SplitBottCarrier	lean/InfoGeometry/Clifford/BottPeriodicity.lean	28	false	Krein/doubled-geometry substrate
L3_Krein	krein	abbrev	SplitBottQuad	lean/InfoGeometry/Clifford/BottPeriodicity.lean	32	false	Krein/doubled-geometry substrate
L3_Krein	krein	abbrev	SplitBottClifford	lean/InfoGeometry/Clifford/BottPeriodicity.lean	36	false	Krein/doubled-geometry substrate
L3_Krein	krein	def	splitBottStep	lean/InfoGeometry/Clifford/BottPeriodicity.lean	46	false	Krein/doubled-geometry substrate
L3_Krein	krein	theorem	splitBottStep_eq_clsplit_succ_equiv	lean/InfoGeometry/Clifford/BottPeriodicity.lean	55	true	Krein/doubled-geometry substrate
L3_Krein	krein	abbrev	Cl44	lean/InfoGeometry/Clifford/BottPeriodicity.lean	61	false	Krein/doubled-geometry substrate
L3_Krein	krein	abbrev	Carrier44	lean/InfoGeometry/Clifford/BottPeriodicity.lean	65	false	Krein/doubled-geometry substrate
L3_Krein	krein	abbrev	Quad44	lean/InfoGeometry/Clifford/BottPeriodicity.lean	69	false	Krein/doubled-geometry substrate
L3_Krein	krein	def	cl44_as_splitBottStep	lean/InfoGeometry/Clifford/BottPeriodicity.lean	75	false	Krein/doubled-geometry substrate
L3_Krein	krein	theorem	cl44_as_splitBottStep_eq_owner	lean/InfoGeometry/Clifford/BottPeriodicity.lean	83	true	Krein/doubled-geometry substrate
L1_Projective	projective	def	uPlus	lean/InfoGeometry/Clifford/ChiralBasis.lean	21	false	projection/support/compression substrate
L1_Projective	projective	def	uMinus	lean/InfoGeometry/Clifford/ChiralBasis.lean	25	false	projection/support/compression substrate
L2_Operator	operator	def	chiralOperator	lean/InfoGeometry/Clifford/ChiralBasis.lean	32	false	operator-algebraic bridge substrate
L3_Krein	krein	def	headPair	lean/InfoGeometry/Clifford/ClNN.lean	45	false	Krein/doubled-geometry substrate
L3_Krein	krein	def	tailLift	lean/InfoGeometry/Clifford/ClNN.lean	50	false	Krein/doubled-geometry substrate
L3_Krein	krein	def	headNullMinus	lean/InfoGeometry/Clifford/ClNN.lean	55	false	Krein/doubled-geometry substrate
L3_Krein	krein	def	headNullPlus	lean/InfoGeometry/Clifford/ClNN.lean	60	false	Krein/doubled-geometry substrate
L3_Krein	krein	def	gammaHeadNullMinus	lean/InfoGeometry/Clifford/ClNN.lean	112	false	Krein/doubled-geometry substrate
L3_Krein	krein	def	gammaHeadNullPlus	lean/InfoGeometry/Clifford/ClNN.lean	116	false	Krein/doubled-geometry substrate
L3_Krein	krein	def	gammaTail	lean/InfoGeometry/Clifford/ClNN.lean	120	false	Krein/doubled-geometry substrate
L3_Krein	krein	def	rankOneProjection	lean/InfoGeometry/Clifford/ClNNSpecialization.lean	31	false	Krein/doubled-geometry substrate
L3_Krein	krein	def	rankOneSection	lean/InfoGeometry/Clifford/ClNNSpecialization.lean	36	false	Krein/doubled-geometry substrate
L3_Krein	krein	def	rankOneEquiv	lean/InfoGeometry/Clifford/ClNNSpecialization.lean	60	false	Krein/doubled-geometry substrate
L3_Krein	krein	def	metricOperator	lean/InfoGeometry/Clifford/GeneralizedMetricBField.lean	52	false	Krein/doubled-geometry substrate
L3_Krein	krein	def	plusProjector	lean/InfoGeometry/Clifford/GeneralizedMetricBField.lean	58	false	Krein/doubled-geometry substrate
L3_Krein	krein	def	minusProjector	lean/InfoGeometry/Clifford/GeneralizedMetricBField.lean	64	false	Krein/doubled-geometry substrate
L3_Krein	krein	structure	SplitBFieldDatum	lean/InfoGeometry/Clifford/GeneralizedMetricBField.lean	144	false	Krein/doubled-geometry substrate
L3_Krein	krein	def	zero	lean/InfoGeometry/Clifford/GeneralizedMetricBField.lean	154	false	Krein/doubled-geometry substrate
L2_Operator	operator	abbrev	PhaseSpaceCarrier	lean/InfoGeometry/Clifford/NeutralPhaseSpaceCore.lean	30	false	operator-algebraic bridge substrate
L2_Operator	operator	def	canonicalNeutralBilin	lean/InfoGeometry/Clifford/NeutralPhaseSpaceCore.lean	39	false	operator-algebraic bridge substrate
L2_Operator	operator	def	canonicalNeutralForm	lean/InfoGeometry/Clifford/NeutralPhaseSpaceCore.lean	46	false	operator-algebraic bridge substrate
L3_Krein	krein	def	canonicalNeutralFormUnscaled	lean/InfoGeometry/Clifford/NeutralPhaseSpaceCore.lean	52	false	Krein/doubled-geometry substrate
L2_Operator	operator	abbrev	NeutralPhaseClifford	lean/InfoGeometry/Clifford/NeutralPhaseSpaceCore.lean	102	false	operator-algebraic bridge substrate
L3_Krein	krein	abbrev	doubledCopyRhoEquiv	lean/InfoGeometry/Clifford/NeutralPhaseSpaceDoubledBridge.lean	147	false	Krein/doubled-geometry substrate
L3_Krein	krein	abbrev	toDoubledCopyRho	lean/InfoGeometry/Clifford/NeutralPhaseSpaceDoubledBridge.lean	153	false	Krein/doubled-geometry substrate
L3_Krein	krein	abbrev	fromDoubledCopyRho	lean/InfoGeometry/Clifford/NeutralPhaseSpaceDoubledBridge.lean	159	false	Krein/doubled-geometry substrate
L3_Krein	krein	abbrev	realizedDoubledRhoEquiv	lean/InfoGeometry/Clifford/NeutralPhaseSpaceDoubledBridge.lean	166	false	Krein/doubled-geometry substrate
L3_Krein	krein	abbrev	realizeToDoubledRho	lean/InfoGeometry/Clifford/NeutralPhaseSpaceDoubledBridge.lean	173	false	Krein/doubled-geometry substrate
L3_Krein	krein	abbrev	realizeFromDoubledRho	lean/InfoGeometry/Clifford/NeutralPhaseSpaceDoubledBridge.lean	179	false	Krein/doubled-geometry substrate
L3_Krein	krein	def	phaseJ	lean/InfoGeometry/Clifford/NeutralPhaseSpaceDoubledBridge.lean	185	false	Krein/doubled-geometry substrate
L3_Krein	krein	def	phaseEpsilon	lean/InfoGeometry/Clifford/NeutralPhaseSpaceDoubledBridge.lean	201	false	Krein/doubled-geometry substrate
L3_Krein	krein	def	phaseRotation	lean/InfoGeometry/Clifford/NeutralPhaseSpaceDoubledBridge.lean	217	false	Krein/doubled-geometry substrate
L3_Krein	krein	def	phaseJEquiv	lean/InfoGeometry/Clifford/NeutralPhaseSpaceDoubledBridge.lean	229	false	Krein/doubled-geometry substrate
L3_Krein	krein	def	phaseEpsilonEquiv	lean/InfoGeometry/Clifford/NeutralPhaseSpaceDoubledBridge.lean	254	false	Krein/doubled-geometry substrate
L3_Krein	krein	def	phaseRotationEquiv	lean/InfoGeometry/Clifford/NeutralPhaseSpaceDoubledBridge.lean	279	false	Krein/doubled-geometry substrate
L3_Krein	krein	def	phasePlusProjector	lean/InfoGeometry/Clifford/NeutralPhaseSpaceDoubledBridge.lean	322	false	Krein/doubled-geometry substrate
L3_Krein	krein	def	phaseMinusProjector	lean/InfoGeometry/Clifford/NeutralPhaseSpaceDoubledBridge.lean	328	false	Krein/doubled-geometry substrate
L3_Krein	krein	def	modularRotation	lean/InfoGeometry/Clifford/NeutralPhaseSpaceDoubledBridge.lean	334	false	Krein/doubled-geometry substrate
L3_Krein	krein	def	dualRealProjection	lean/InfoGeometry/Clifford/NeutralPhaseSpaceRankOne.lean	24	false	Krein/doubled-geometry substrate
L3_Krein	krein	def	dualRealSection	lean/InfoGeometry/Clifford/NeutralPhaseSpaceRankOne.lean	35	false	Krein/doubled-geometry substrate
L3_Krein	krein	def	dualRealEquiv	lean/InfoGeometry/Clifford/NeutralPhaseSpaceRankOne.lean	78	false	Krein/doubled-geometry substrate
L3_Krein	krein	def	hyperbolicToDiagonalEquiv	lean/InfoGeometry/Clifford/NeutralPhaseSpaceRankOne.lean	93	false	Krein/doubled-geometry substrate
L3_Krein	krein	def	rankOneIsometry	lean/InfoGeometry/Clifford/NeutralPhaseSpaceRankOne.lean	144	false	Krein/doubled-geometry substrate
L3_Krein	krein	def	rankOneCliffordEquiv	lean/InfoGeometry/Clifford/NeutralPhaseSpaceRankOne.lean	160	false	Krein/doubled-geometry substrate
L3_Krein	krein	abbrev	gSharp	lean/InfoGeometry/Clifford/PhaseSpaceGeneralizedMetric.lean	54	false	Krein/doubled-geometry substrate
L3_Krein	krein	def	zero	lean/InfoGeometry/Clifford/PhaseSpaceGeneralizedMetric.lean	68	false	Krein/doubled-geometry substrate
L3_Krein	krein	structure	GeneralizedMetricDatum	lean/InfoGeometry/Clifford/PhaseSpaceGeneralizedMetric.lean	80	false	Krein/doubled-geometry substrate
L3_Krein	krein	abbrev	gForm	lean/InfoGeometry/Clifford/PhaseSpaceGeneralizedMetric.lean	88	false	Krein/doubled-geometry substrate
L3_Krein	krein	abbrev	bForm	lean/InfoGeometry/Clifford/PhaseSpaceGeneralizedMetric.lean	93	false	Krein/doubled-geometry substrate
L3_Krein	krein	def	basePolarization	lean/InfoGeometry/Clifford/PhaseSpaceGeneralizedMetric.lean	98	false	Krein/doubled-geometry substrate
L3_Krein	krein	def	bTransform	lean/InfoGeometry/Clifford/PhaseSpaceGeneralizedMetric.lean	114	false	Krein/doubled-geometry substrate
L3_Krein	krein	def	bTransformInv	lean/InfoGeometry/Clifford/PhaseSpaceGeneralizedMetric.lean	130	false	Krein/doubled-geometry substrate
L3_Krein	krein	def	polarization	lean/InfoGeometry/Clifford/PhaseSpaceGeneralizedMetric.lean	147	false	Krein/doubled-geometry substrate
L3_Krein	krein	def	generalizedMetricForm	lean/InfoGeometry/Clifford/PhaseSpaceGeneralizedMetric.lean	154	false	Krein/doubled-geometry substrate
L3_Krein	krein	def	generalizedMetricQuadraticForm	lean/InfoGeometry/Clifford/PhaseSpaceGeneralizedMetric.lean	160	false	Krein/doubled-geometry substrate
L3_Krein	krein	def	plusProjector	lean/InfoGeometry/Clifford/PhaseSpaceGeneralizedMetric.lean	166	false	Krein/doubled-geometry substrate
L3_Krein	krein	def	minusProjector	lean/InfoGeometry/Clifford/PhaseSpaceGeneralizedMetric.lean	172	false	Krein/doubled-geometry substrate
L3_Krein	krein	def	ofMetric	lean/InfoGeometry/Clifford/PhaseSpaceGeneralizedMetric.lean	330	false	Krein/doubled-geometry substrate
L1_Projective	projective	abbrev	Vec13	lean/InfoGeometry/Clifford/Spacetime.lean	33	false	projection/support/compression substrate
L1_Projective	projective	def	minkiQ	lean/InfoGeometry/Clifford/Spacetime.lean	37	false	projection/support/compression substrate
L2_Operator	operator	def	biquaternionSoldering	lean/InfoGeometry/Clifford/Spacetime.lean	65	false	operator-algebraic bridge substrate
L3_Krein	krein	def	phaseFlipResidual	lean/InfoGeometry/Clifford/SplitQ11Equivariance.lean	21	false	Krein/doubled-geometry substrate
L3_Krein	krein	def	jGen	lean/InfoGeometry/Clifford/SplitQ11PhaseFlip.lean	25	false	Krein/doubled-geometry substrate
L3_Krein	krein	def	kGen	lean/InfoGeometry/Clifford/SplitQ11PhaseFlip.lean	30	false	Krein/doubled-geometry substrate
L3_Krein	krein	def	epsGen	lean/InfoGeometry/Clifford/SplitQ11PhaseFlip.lean	35	false	Krein/doubled-geometry substrate
L3_Krein	krein	def	nullMinusVec	lean/InfoGeometry/Clifford/SplitQ11PhaseFlip.lean	40	false	Krein/doubled-geometry substrate
L3_Krein	krein	def	nullPlusVec	lean/InfoGeometry/Clifford/SplitQ11PhaseFlip.lean	45	false	Krein/doubled-geometry substrate
L3_Krein	krein	def	nullMinus	lean/InfoGeometry/Clifford/SplitQ11PhaseFlip.lean	50	false	Krein/doubled-geometry substrate
L3_Krein	krein	def	nullPlus	lean/InfoGeometry/Clifford/SplitQ11PhaseFlip.lean	55	false	Krein/doubled-geometry substrate
L3_Krein	krein	def	phaseFlipLinearEquiv	lean/InfoGeometry/Clifford/SplitQ11PhaseFlip.lean	117	false	Krein/doubled-geometry substrate
L3_Krein	krein	def	phaseFlip	lean/InfoGeometry/Clifford/SplitQ11PhaseFlip.lean	148	false	Krein/doubled-geometry substrate
L3_Krein	krein	def	phaseFlipAlg	lean/InfoGeometry/Clifford/SplitQ11PhaseFlip.lean	169	false	Krein/doubled-geometry substrate
L3_Krein	krein	def	epsMinusProjector	lean/InfoGeometry/Clifford/SplitQ11Projectors.lean	70	false	Krein/doubled-geometry substrate
L3_Krein	krein	def	epsPlusProjector	lean/InfoGeometry/Clifford/SplitQ11Projectors.lean	75	false	Krein/doubled-geometry substrate
L3_Krein	krein	structure	MajoranaLiftPacket	lean/InfoGeometry/Core/MajoranaLiftPacket.lean	36	false	Krein/doubled-geometry substrate
L3_Krein	krein	theorem	K_sq_eq_neg_id	lean/InfoGeometry/Core/MajoranaLiftPacket.lean	51	true	Krein/doubled-geometry substrate
L3_Krein	krein	def	canonicalMajoranaLiftPacket	lean/InfoGeometry/Core/MajoranaLiftPacket.lean	63	false	Krein/doubled-geometry substrate
L3_Krein	krein	theorem	canonicalMajoranaLiftPacket_J_eq_modular_j	lean/InfoGeometry/Core/MajoranaLiftPacket.lean	73	true	Krein/doubled-geometry substrate
L3_Krein	krein	theorem	canonicalMajoranaLiftPacket_eps_eq_spectral_epsilon	lean/InfoGeometry/Core/MajoranaLiftPacket.lean	77	true	Krein/doubled-geometry substrate
L3_Krein	krein	theorem	canonicalMajoranaLiftPacket_K_eq_complex_i	lean/InfoGeometry/Core/MajoranaLiftPacket.lean	81	true	Krein/doubled-geometry substrate
L3_Krein	krein	theorem	canonicalMajoranaLiftPacket_root_laws	lean/InfoGeometry/Core/MajoranaLiftPacket.lean	85	true	Krein/doubled-geometry substrate
L3_Krein	krein	theorem	boostGenerator_eq_modularSign	lean/InfoGeometry/Dynamics/UnruhKMS.lean	49	true	Krein/doubled-geometry substrate
L3_Krein	krein	theorem	modularHamiltonian_eq_modularSign	lean/InfoGeometry/Dynamics/UnruhKMS.lean	65	true	Krein/doubled-geometry substrate
L5_ThermodynamicClosure	thermo	structure	LegendreHessianInverseContext	lean/InfoGeometry/Geometry/LegendreHessianInverse.lean	49	false	thermodynamic/free-energy/closure substrate
L5_ThermodynamicClosure	thermo	theorem	moment_eq_gradient	lean/InfoGeometry/Geometry/LegendreHessianInverse.lean	73	true	thermodynamic/free-energy/closure substrate
L5_ThermodynamicClosure	thermo	theorem	entropyGradient_contact	lean/InfoGeometry/Geometry/LegendreHessianInverse.lean	79	true	thermodynamic/free-energy/closure substrate
L5_ThermodynamicClosure	thermo	theorem	fisherHessian_eq_hessianMassieu	lean/InfoGeometry/Geometry/LegendreHessianInverse.lean	85	true	thermodynamic/free-energy/closure substrate
L5_ThermodynamicClosure	thermo	theorem	entropyHessian_eq_derivEntropyGradient	lean/InfoGeometry/Geometry/LegendreHessianInverse.lean	91	true	thermodynamic/free-energy/closure substrate
L5_ThermodynamicClosure	thermo	theorem	entropy_hessian_eq_fisher_inverse	lean/InfoGeometry/Geometry/LegendreHessianInverse.lean	103	true	thermodynamic/free-energy/closure substrate
L5_ThermodynamicClosure	thermo	theorem	legendre_hessian_inverse_packet	lean/InfoGeometry/Geometry/LegendreHessianInverse.lean	115	true	thermodynamic/free-energy/closure substrate
L5_ThermodynamicClosure	thermo	structure	LegendreContinuousLinearEquivInverseData	lean/InfoGeometry/Geometry/LegendreHessianInverse.lean	147	false	thermodynamic/free-energy/closure substrate
L5_ThermodynamicClosure	thermo	def	moment	lean/InfoGeometry/Geometry/LegendreHessianInverse.lean	167	false	thermodynamic/free-energy/closure substrate
L5_ThermodynamicClosure	thermo	def	fisherHessian	lean/InfoGeometry/Geometry/LegendreHessianInverse.lean	172	false	thermodynamic/free-energy/closure substrate
L5_ThermodynamicClosure	thermo	def	entropyHessian	lean/InfoGeometry/Geometry/LegendreHessianInverse.lean	177	false	thermodynamic/free-energy/closure substrate
L5_ThermodynamicClosure	thermo	theorem	entropyHessian_comp_fisherHessian	lean/InfoGeometry/Geometry/LegendreHessianInverse.lean	182	true	thermodynamic/free-energy/closure substrate
L5_ThermodynamicClosure	thermo	theorem	fisherHessian_comp_entropyHessian	lean/InfoGeometry/Geometry/LegendreHessianInverse.lean	190	true	thermodynamic/free-energy/closure substrate
L5_ThermodynamicClosure	thermo	def	toLegendreHessianInverseContext	lean/InfoGeometry/Geometry/LegendreHessianInverse.lean	202	false	thermodynamic/free-energy/closure substrate
L5_ThermodynamicClosure	thermo	theorem	constructive_legendre_hessian_inverse_packet	lean/InfoGeometry/Geometry/LegendreHessianInverse.lean	227	true	thermodynamic/free-energy/closure substrate
L2_Operator	operator	def	operatorBregmanDivergence	lean/InfoGeometry/Geometry/OperatorBregmanDivergence.lean	77	false	operator-algebraic bridge substrate
L2_Operator	operator	def	operatorBregmanSkew	lean/InfoGeometry/Geometry/OperatorBregmanDivergence.lean	104	false	operator-algebraic bridge substrate
L2_Operator	operator	def	operatorBregmanSym	lean/InfoGeometry/Geometry/OperatorBregmanDivergence.lean	116	false	operator-algebraic bridge substrate
L5_ThermodynamicClosure	thermo	theorem	operatorBregmanSkew_swap	lean/InfoGeometry/Geometry/OperatorBregmanDivergence.lean	130	true	thermodynamic/free-energy/closure substrate
L5_ThermodynamicClosure	thermo	theorem	nonneg	lean/InfoGeometry/Geometry/OperatorBregmanDivergence.lean	193	true	thermodynamic/free-energy/closure substrate
L5_ThermodynamicClosure	thermo	theorem	eq_zero_iff_eq	lean/InfoGeometry/Geometry/OperatorBregmanDivergence.lean	203	true	thermodynamic/free-energy/closure substrate
L5_ThermodynamicClosure	thermo	theorem	sym_nonneg	lean/InfoGeometry/Geometry/OperatorBregmanDivergence.lean	213	true	thermodynamic/free-energy/closure substrate
L5_ThermodynamicClosure	thermo	def	modularBregmanEnergy	lean/InfoGeometry/Geometry/OperatorBregmanDivergence.lean	275	false	thermodynamic/free-energy/closure substrate
L5_ThermodynamicClosure	thermo	theorem	modularBregmanEnergy_nonneg	lean/InfoGeometry/Geometry/OperatorBregmanDivergence.lean	301	true	thermodynamic/free-energy/closure substrate
L2_Operator	operator	structure	Minkowski4	lean/InfoGeometry/Geometry/PauliParavectorBridge.lean	31	false	operator-algebraic bridge substrate
L2_Operator	operator	theorem	det_pauliMatrix	lean/InfoGeometry/Geometry/PauliParavectorBridge.lean	92	true	operator-algebraic bridge substrate
L2_Operator	operator	theorem	det_pauliMatrix_eq_zero_of_null	lean/InfoGeometry/Geometry/PauliParavectorBridge.lean	106	true	operator-algebraic bridge substrate
L2_Operator	operator	theorem	det_pauliMatrix_eq_mass_sq	lean/InfoGeometry/Geometry/PauliParavectorBridge.lean	115	true	operator-algebraic bridge substrate
L2_Operator	operator	structure	PauliSpinorTransport	lean/InfoGeometry/Geometry/PauliParavectorBridge.lean	131	false	operator-algebraic bridge substrate
L2_Operator	operator	theorem	determinant_preserved	lean/InfoGeometry/Geometry/PauliParavectorBridge.lean	146	true	operator-algebraic bridge substrate
L2_Operator	operator	structure	SpinBivectorReadout	lean/InfoGeometry/Geometry/PauliParavectorBridge.lean	160	true	operator-algebraic bridge substrate
L2_Operator	operator	theorem	readout_valid	lean/InfoGeometry/Geometry/PauliParavectorBridge.lean	179	true	operator-algebraic bridge substrate
L2_Operator	operator	structure	MomentumSpinCoupling	lean/InfoGeometry/Geometry/PauliParavectorBridge.lean	192	false	operator-algebraic bridge substrate
L2_Operator	operator	theorem	coupling_valid	lean/InfoGeometry/Geometry/PauliParavectorBridge.lean	220	true	operator-algebraic bridge substrate
L1_Projective	projective	structure	GWCanonicalCountRayBridge	lean/InfoGeometry/GromovWittenErlangen/GWCanonicalCountRayBridge.lean	45	false	projection/support/compression substrate
L1_Projective	projective	theorem	projectiveHamiltonianProfile_eq_relativeModularPotential	lean/InfoGeometry/GromovWittenErlangen/GWCanonicalCountRayBridge.lean	189	true	projection/support/compression substrate
L0_Count	count	structure	GWProjectiveCountCalibration	lean/InfoGeometry/GromovWittenErlangen/GWProjectiveCountCalibration.lean	44	false	counting/combinatorial substrate
L0_Count	count	theorem	countShadow_holds	lean/InfoGeometry/GromovWittenErlangen/GWProjectiveCountCalibration.lean	90	true	counting/combinatorial substrate
L1_Projective	projective	def	finitePartition	lean/InfoGeometry/GromovWittenErlangen/GWProjectiveCountCalibration.lean	96	false	projection/support/compression substrate
L1_Projective	projective	def	normalizedShape	lean/InfoGeometry/GromovWittenErlangen/GWProjectiveCountCalibration.lean	101	false	projection/support/compression substrate
L1_Projective	projective	theorem	normalizedShape_scale_counts	lean/InfoGeometry/GromovWittenErlangen/GWProjectiveCountCalibration.lean	109	true	projection/support/compression substrate
L1_Projective	projective	theorem	normalizedShape_eq_of_samePositiveRay	lean/InfoGeometry/GromovWittenErlangen/GWProjectiveCountCalibration.lean	120	true	projection/support/compression substrate
L1_Projective	projective	theorem	normalizedShape_sum_eq_one	lean/InfoGeometry/GromovWittenErlangen/GWProjectiveCountCalibration.lean	131	true	projection/support/compression substrate
L1_Projective	projective	theorem	finiteArithmeticWeight_eq_partition_mul_normalizedShape	lean/InfoGeometry/GromovWittenErlangen/GWProjectiveCountCalibration.lean	142	true	projection/support/compression substrate
L1_Projective	projective	structure	ProjectiveCountDrazinFrobeniusBridge	lean/InfoGeometry/GromovWittenErlangen/ProjectiveCountDrazinFrobeniusBridge.lean	35	false	projection/support/compression substrate
L0_Count	count	theorem	countShadow_holds	lean/InfoGeometry/GromovWittenErlangen/ProjectiveCountDrazinFrobeniusBridge.lean	97	true	counting/combinatorial substrate
L1_Projective	projective	theorem	localization_packet_matches_projectiveCounts	lean/InfoGeometry/GromovWittenErlangen/ProjectiveCountDrazinFrobeniusBridge.lean	103	true	projection/support/compression substrate
L2_Operator	operator	theorem	eulerWeight_eq_projectiveWeight_valid	lean/InfoGeometry/GromovWittenErlangen/ProjectiveCountDrazinFrobeniusBridge.lean	110	true	operator-algebraic bridge substrate
L2_Operator	operator	theorem	residue_governedBy_projectiveDivisor_valid	lean/InfoGeometry/GromovWittenErlangen/ProjectiveCountDrazinFrobeniusBridge.lean	116	true	operator-algebraic bridge substrate
L2_Operator	operator	theorem	frobenius_readout_of_projectiveCounts_valid	lean/InfoGeometry/GromovWittenErlangen/ProjectiveCountDrazinFrobeniusBridge.lean	122	true	operator-algebraic bridge substrate
L2_Operator	operator	theorem	drazin_is_projective_count_readout	lean/InfoGeometry/GromovWittenErlangen/ProjectiveCountDrazinFrobeniusBridge.lean	131	true	operator-algebraic bridge substrate
L1_Projective	projective	theorem	normalizedShape_scale_counts	lean/InfoGeometry/GromovWittenErlangen/ProjectiveCountDrazinFrobeniusBridge.lean	148	true	projection/support/compression substrate
L2_Operator	operator	theorem	obstructionResidue_mul_regularInverse	lean/InfoGeometry/GromovWittenErlangen/ProjectiveCountDrazinFrobeniusBridge.lean	161	true	operator-algebraic bridge substrate
L2_Operator	operator	theorem	edgeResidue_mul_regularInverse	lean/InfoGeometry/GromovWittenErlangen/ProjectiveCountDrazinFrobeniusBridge.lean	171	true	operator-algebraic bridge substrate
L2_Operator	operator	theorem	frobenius_pairing_mul_left_eq_pairing_mul_right	lean/InfoGeometry/GromovWittenErlangen/ProjectiveCountDrazinFrobeniusBridge.lean	179	true	operator-algebraic bridge substrate
L2_Operator	operator	structure	GWProjectiveCountProbabilityBridge	lean/InfoGeometry/GromovWittenErlangen/ProjectiveCountProbabilityDrazinBridge.lean	46	false	operator-algebraic bridge substrate
L2_Operator	operator	structure	GWProjectiveCountDrazinBridge	lean/InfoGeometry/GromovWittenErlangen/ProjectiveCountProbabilityDrazinBridge.lean	144	false	operator-algebraic bridge substrate
L3_Krein	krein	abbrev	diracOperator	lean/InfoGeometry/KK/DiracFredholmIndex.lean	37	false	Krein/doubled-geometry substrate
L3_Krein	krein	abbrev	chirality	lean/InfoGeometry/KK/DiracFredholmIndex.lean	43	false	Krein/doubled-geometry substrate
L3_Krein	krein	abbrev	chiralProjectorPlus	lean/InfoGeometry/KK/DiracFredholmIndex.lean	49	false	Krein/doubled-geometry substrate
L3_Krein	krein	abbrev	chiralProjectorMinus	lean/InfoGeometry/KK/DiracFredholmIndex.lean	55	false	Krein/doubled-geometry substrate
L3_Krein	krein	def	chiralKernelSlicePlus	lean/InfoGeometry/KK/DiracFredholmIndex.lean	61	false	Krein/doubled-geometry substrate
L3_Krein	krein	def	chiralKernelSliceMinus	lean/InfoGeometry/KK/DiracFredholmIndex.lean	68	false	Krein/doubled-geometry substrate
L3_Krein	krein	structure	ChiralFredholmSurface	lean/InfoGeometry/KK/DiracFredholmIndex.lean	142	true	Krein/doubled-geometry substrate
L3_Krein	krein	def	analyticalIndex	lean/InfoGeometry/KK/DiracFredholmIndex.lean	155	false	Krein/doubled-geometry substrate
L3_Krein	krein	def	chiralFredholmSurfaceOfFiniteAmbient	lean/InfoGeometry/KK/DiracFredholmIndex.lean	167	false	Krein/doubled-geometry substrate
L3_Krein	krein	abbrev	RealSplitKreinDiracFredholmModule	lean/InfoGeometry/KK/DiracFredholmModule.lean	31	false	Krein/doubled-geometry substrate
L3_Krein	krein	abbrev	RealSplitKreinDiracModule	lean/InfoGeometry/KK/DiracFredholmModule.lean	35	false	Krein/doubled-geometry substrate
L3_Krein	krein	abbrev	KasparovCycle	lean/InfoGeometry/KK/KasparovCycle.lean	30	false	Krein/doubled-geometry substrate
L3_Krein	krein	abbrev	toKasparovCycle	lean/InfoGeometry/KK/KasparovCycle.lean	42	false	Krein/doubled-geometry substrate
L3_Krein	krein	def	finiteAnalyticalIndex	lean/InfoGeometry/KK/KasparovCycle.lean	51	false	Krein/doubled-geometry substrate
L3_Krein	krein	abbrev	chiralKernelSlicePlus	lean/InfoGeometry/KK/KasparovCycle.lean	107	false	Krein/doubled-geometry substrate
L3_Krein	krein	abbrev	chiralKernelSliceMinus	lean/InfoGeometry/KK/KasparovCycle.lean	113	false	Krein/doubled-geometry substrate
L3_Krein	krein	abbrev	analyticalIndex	lean/InfoGeometry/KK/KasparovCycle.lean	119	false	Krein/doubled-geometry substrate
L3_Krein	krein	lemma	comm_compact_lie	lean/InfoGeometry/KK/KasparovCycle.lean	142	true	Krein/doubled-geometry substrate
L3_Krein	krein	lemma	superComm_compact_of_even_rep	lean/InfoGeometry/KK/KasparovCycle.lean	147	true	Krein/doubled-geometry substrate
L3_Krein	krein	theorem	index_bridge_spectral_zero	lean/InfoGeometry/KK/KasparovCycle.lean	158	true	Krein/doubled-geometry substrate
L4_ModularTransport	transport	theorem	index_bridge_spectral	lean/InfoGeometry/KK/KasparovCycle.lean	191	true	modular/transport/flow substrate
L4_ModularTransport	transport	theorem	index_bridge_spectral_zero_family	lean/InfoGeometry/KK/KasparovCycle.lean	203	true	modular/transport/flow substrate
L4_ModularTransport	transport	theorem	auto_index_bridge_spectral_from_seed_1	lean/InfoGeometry/KK/KasparovCycle.lean	229	true	modular/transport/flow substrate
L4_ModularTransport	transport	theorem	analyticalIndex_eq_of_indexInvariantAlong	lean/InfoGeometry/KK/KasparovCycle.lean	245	true	modular/transport/flow substrate
L4_ModularTransport	transport	theorem	analyticalIndex_eq_of_conjugacy	lean/InfoGeometry/KK/KasparovCycle.lean	269	true	modular/transport/flow substrate
L4_ModularTransport	transport	theorem	analyticalIndex_eq_of_modularCliffordTransport	lean/InfoGeometry/KK/KasparovCycle.lean	292	true	modular/transport/flow substrate
L4_ModularTransport	transport	def	inverseQuasilatticeFlow	lean/InfoGeometry/KK/QuasilatticeIndexInvariance.lean	45	false	modular/transport/flow substrate
L4_ModularTransport	transport	def	quasilatticeDiracFamily	lean/InfoGeometry/KK/QuasilatticeIndexInvariance.lean	51	false	modular/transport/flow substrate
L4_ModularTransport	transport	def	quasilatticeChiralityFamily	lean/InfoGeometry/KK/QuasilatticeIndexInvariance.lean	59	false	modular/transport/flow substrate
L4_ModularTransport	transport	def	quasilatticeChiralKernelSlicePlus	lean/InfoGeometry/KK/QuasilatticeIndexInvariance.lean	67	false	modular/transport/flow substrate
L4_ModularTransport	transport	def	quasilatticeChiralKernelSliceMinus	lean/InfoGeometry/KK/QuasilatticeIndexInvariance.lean	75	false	modular/transport/flow substrate
L4_ModularTransport	transport	structure	QuasilatticeChiralFredholmSurface	lean/InfoGeometry/KK/QuasilatticeIndexInvariance.lean	83	true	modular/transport/flow substrate
L4_ModularTransport	transport	def	quasilatticeAnalyticalIndex	lean/InfoGeometry/KK/QuasilatticeIndexInvariance.lean	91	false	modular/transport/flow substrate
L4_ModularTransport	transport	def	quasilatticeChiralKernelSlicePlusEquiv	lean/InfoGeometry/KK/QuasilatticeIndexInvariance.lean	475	false	modular/transport/flow substrate
L4_ModularTransport	transport	def	quasilatticeChiralKernelSliceMinusEquiv	lean/InfoGeometry/KK/QuasilatticeIndexInvariance.lean	494	false	modular/transport/flow substrate
L4_ModularTransport	transport	def	quasilatticeChiralFredholmSurfaceOf	lean/InfoGeometry/KK/QuasilatticeIndexInvariance.lean	513	false	modular/transport/flow substrate
L4_ModularTransport	transport	theorem	quasilatticeAnalyticalIndex_eq_initial	lean/InfoGeometry/KK/QuasilatticeIndexInvariance.lean	535	true	modular/transport/flow substrate
L4_ModularTransport	transport	theorem	quasilatticeAnalyticalIndex_eq	lean/InfoGeometry/KK/QuasilatticeIndexInvariance.lean	572	true	modular/transport/flow substrate
L3_Krein	krein	def	IsJSelfAdjoint	lean/InfoGeometry/Krein/JSelfAdjointProjection.lean	36	true	Krein/doubled-geometry substrate
L3_Krein	krein	structure	IsJProjection	lean/InfoGeometry/Krein/JSelfAdjointProjection.lean	41	true	Krein/doubled-geometry substrate
L3_Krein	krein	theorem	isJSelfAdjoint_iff_kreinInner	lean/InfoGeometry/Krein/JSelfAdjointProjection.lean	57	true	Krein/doubled-geometry substrate
L3_Krein	krein	theorem	IsJProjection.isDrazinInverse_self	lean/InfoGeometry/Krein/JSelfAdjointProjection.lean	74	true	Krein/doubled-geometry substrate
L3_Krein	krein	theorem	IsJProjection.drazinProjection_eq_self	lean/InfoGeometry/Krein/JSelfAdjointProjection.lean	81	true	Krein/doubled-geometry substrate
L3_Krein	krein	theorem	IsJProjection.drazinProjection_isStarProjection_of_hilbertSelfAdjoint	lean/InfoGeometry/Krein/JSelfAdjointProjection.lean	94	true	Krein/doubled-geometry substrate
L3_Krein	krein	theorem	neg_polarizedDivergence_eq_plusSheet_interaction	lean/InfoGeometry/Krein/PolarizedSector.lean	196	true	Krein/doubled-geometry substrate
L3_Krein	krein	abbrev	rankOneCarrierEquiv	lean/InfoGeometry/Krein/SplitCliffordNN.lean	42	false	Krein/doubled-geometry substrate
L3_Krein	krein	theorem	divergence_eq_half_signed_krein_sq	lean/InfoGeometry/Krein/SplitQuadratic.lean	122	true	Krein/doubled-geometry substrate
L3_Krein	krein	theorem	divergence_plusPoint_eq_half_sqdist	lean/InfoGeometry/Krein/SplitQuadraticSheets.lean	149	true	Krein/doubled-geometry substrate
L4_ModularTransport	transport	theorem	allTopWeight_eq_normalizedWeight	lean/InfoGeometry/LLM/AllTopThermodynamicRouter.lean	34	true	modular/transport/flow substrate
L4_ModularTransport	transport	theorem	allTopWeight_sum_one	lean/InfoGeometry/LLM/AllTopThermodynamicRouter.lean	47	true	modular/transport/flow substrate
L5_ThermodynamicClosure	thermo	theorem	allTopWeight_eq_finiteGibbs	lean/InfoGeometry/LLM/AllTopThermodynamicRouter.lean	61	true	thermodynamic/free-energy/closure substrate
L4_ModularTransport	transport	theorem	allTopMixture_eq_normalizedMixture	lean/InfoGeometry/LLM/AllTopThermodynamicRouter.lean	84	true	modular/transport/flow substrate
L5_ThermodynamicClosure	thermo	theorem	allTop_entropy_eq_beta_internal_plus_massieu	lean/InfoGeometry/LLM/AllTopThermodynamicRouter.lean	102	true	thermodynamic/free-energy/closure substrate
L5_ThermodynamicClosure	thermo	theorem	allTop_beta_mul_freeEnergy_eq_neg_massieu	lean/InfoGeometry/LLM/AllTopThermodynamicRouter.lean	112	true	thermodynamic/free-energy/closure substrate
L4_ModularTransport	transport	theorem	runToken_eq_base_plus_routed	lean/InfoGeometry/LLM/AllTopThermodynamicTransformer.lean	52	true	modular/transport/flow substrate
L4_ModularTransport	transport	theorem	routedAllTop_eq_normalizedMixture	lean/InfoGeometry/LLM/AllTopThermodynamicTransformer.lean	58	true	modular/transport/flow substrate
L4_ModularTransport	transport	theorem	runToken_eq_base_plus_normalizedMixture	lean/InfoGeometry/LLM/AllTopThermodynamicTransformer.lean	67	true	modular/transport/flow substrate
L4_ModularTransport	transport	theorem	runToken_withZeroMoE_eq_base	lean/InfoGeometry/LLM/AllTopThermodynamicTransformer.lean	156	true	modular/transport/flow substrate
L4_ModularTransport	transport	theorem	runState_withZeroMoE_eq_pointwise	lean/InfoGeometry/LLM/AllTopThermodynamicTransformer.lean	164	true	modular/transport/flow substrate
L4_ModularTransport	transport	theorem	runLayerStack_map_withZeroMoE_eq_pointwise	lean/InfoGeometry/LLM/AllTopThermodynamicTransformer.lean	184	true	modular/transport/flow substrate
L4_ModularTransport	transport	theorem	tokenLogits_liftBaseWithZeroMoE_eq_base	lean/InfoGeometry/LLM/AllTopThermodynamicTransformer.lean	303	true	modular/transport/flow substrate
L4_ModularTransport	transport	theorem	logits_liftBaseWithZeroMoE_eq_base	lean/InfoGeometry/LLM/AllTopThermodynamicTransformer.lean	332	true	modular/transport/flow substrate
L2_Operator	operator	structure	RouterGeometry	lean/InfoGeometry/LLM/CliffordCantorGraphRouting.lean	22	false	operator-algebraic bridge substrate
L2_Operator	operator	def	graphCost	lean/InfoGeometry/LLM/CliffordCantorGraphRouting.lean	38	false	operator-algebraic bridge substrate
L2_Operator	operator	def	cliffordCost	lean/InfoGeometry/LLM/CliffordCantorGraphRouting.lean	43	false	operator-algebraic bridge substrate
L2_Operator	operator	def	routingCost	lean/InfoGeometry/LLM/CliffordCantorGraphRouting.lean	49	false	operator-algebraic bridge substrate
L2_Operator	operator	def	routingScore	lean/InfoGeometry/LLM/CliffordCantorGraphRouting.lean	55	false	operator-algebraic bridge substrate
L4_ModularTransport	transport	theorem	routingCost_nonneg	lean/InfoGeometry/LLM/CliffordCantorGraphRouting.lean	61	true	modular/transport/flow substrate
L4_ModularTransport	transport	theorem	routingScore_eq_bias_sub_cost	lean/InfoGeometry/LLM/CliffordCantorGraphRouting.lean	75	true	modular/transport/flow substrate
L2_Operator	operator	def	routingPartition	lean/InfoGeometry/LLM/CliffordCantorGraphRouting.lean	95	false	operator-algebraic bridge substrate
L2_Operator	operator	def	routingSoftmaxWeight	lean/InfoGeometry/LLM/CliffordCantorGraphRouting.lean	102	false	operator-algebraic bridge substrate
L2_Operator	operator	lemma	routingPartition_pos	lean/InfoGeometry/LLM/CliffordCantorGraphRouting.lean	108	true	operator-algebraic bridge substrate
L4_ModularTransport	transport	lemma	routingSoftmaxWeight_nonneg	lean/InfoGeometry/LLM/CliffordCantorGraphRouting.lean	120	true	modular/transport/flow substrate
L4_ModularTransport	transport	lemma	routingSoftmaxWeight_sum_one	lean/InfoGeometry/LLM/CliffordCantorGraphRouting.lean	128	true	modular/transport/flow substrate
L2_Operator	operator	structure	SparseMask	lean/InfoGeometry/LLM/CliffordCantorGraphRouting.lean	151	false	operator-algebraic bridge substrate
L2_Operator	operator	def	allActiveMask	lean/InfoGeometry/LLM/CliffordCantorGraphRouting.lean	156	false	operator-algebraic bridge substrate
L2_Operator	operator	def	maskedRoutingWeight	lean/InfoGeometry/LLM/CliffordCantorGraphRouting.lean	161	false	operator-algebraic bridge substrate
L4_ModularTransport	transport	lemma	maskedRoutingWeight_nonneg	lean/InfoGeometry/LLM/CliffordCantorGraphRouting.lean	167	true	modular/transport/flow substrate
L4_ModularTransport	transport	theorem	maskedRoutingWeight_allActive_eq_softmax	lean/InfoGeometry/LLM/CliffordCantorGraphRouting.lean	178	true	modular/transport/flow substrate
L4_ModularTransport	transport	theorem	regularizedSignal_lambda_invariant	lean/InfoGeometry/LLM/DiscreteRouterBayesRegularizationBridge.lean	42	true	modular/transport/flow substrate
L4_ModularTransport	transport	theorem	regularizedSignal_eq_coreSignal	lean/InfoGeometry/LLM/DiscreteRouterBayesRegularizationBridge.lean	51	true	modular/transport/flow substrate
L4_ModularTransport	transport	theorem	bayesRouterUpdate_regularizedSignal_lambda_invariant	lean/InfoGeometry/LLM/DiscreteRouterBayesRegularizationBridge.lean	70	true	modular/transport/flow substrate
L4_ModularTransport	transport	theorem	bayesRouterUpdate_regularizedSignal_eq_coreSignal	lean/InfoGeometry/LLM/DiscreteRouterBayesRegularizationBridge.lean	82	true	modular/transport/flow substrate
L4_ModularTransport	transport	theorem	bayes_router_update_preserves_simplex	lean/InfoGeometry/LLM/DiscreteRouterBayesStep.lean	25	true	modular/transport/flow substrate
L4_ModularTransport	transport	theorem	bayes_router_update_eq_softmax_shift	lean/InfoGeometry/LLM/DiscreteRouterBayesStep.lean	39	true	modular/transport/flow substrate
L4_ModularTransport	transport	theorem	pathGibbsRouterUpdate_eq_softmax_shift	lean/InfoGeometry/LLM/DiscreteRouterHestenesPathBridge.lean	42	true	modular/transport/flow substrate
L4_ModularTransport	transport	theorem	pathGibbsRouterUpdate_preserves_simplex	lean/InfoGeometry/LLM/DiscreteRouterHestenesPathBridge.lean	71	true	modular/transport/flow substrate
L4_ModularTransport	transport	theorem	pathSurprisalLogits_exp_beta_one	lean/InfoGeometry/LLM/DiscreteRouterHestenesPathBridge.lean	85	true	modular/transport/flow substrate
L4_ModularTransport	transport	theorem	bayesRouterUpdate_eq_pathGibbsRouterUpdate_of_energy_match	lean/InfoGeometry/LLM/DiscreteRouterHestenesPathBridge.lean	102	true	modular/transport/flow substrate
L4_ModularTransport	transport	theorem	pathGibbsRouterUpdate_eq_bayesRouterUpdate_of_energy_match	lean/InfoGeometry/LLM/DiscreteRouterHestenesPathBridge.lean	133	true	modular/transport/flow substrate
L3_Krein	krein	theorem	h70_krein_energy_surface	lean/InfoGeometry/LLM/HypothesisScaffold70.lean	55	true	Krein/doubled-geometry substrate
L5_ThermodynamicClosure	thermo	theorem	h70_kms_softmax_normalization	lean/InfoGeometry/LLM/HypothesisScaffold70.lean	70	true	thermodynamic/free-energy/closure substrate
L5_ThermodynamicClosure	thermo	theorem	h70_router_free_energy_bridge	lean/InfoGeometry/LLM/HypothesisScaffold70.lean	89	true	thermodynamic/free-energy/closure substrate
L4_ModularTransport	transport	theorem	h70_scale_shape_split	lean/InfoGeometry/LLM/HypothesisScaffold70.lean	111	true	modular/transport/flow substrate
L4_ModularTransport	transport	theorem	h70_defect_quarantine	lean/InfoGeometry/LLM/HypothesisScaffold70.lean	121	true	modular/transport/flow substrate
L4_ModularTransport	transport	theorem	h70_test_surface	lean/InfoGeometry/LLM/HypothesisScaffold70.lean	140	true	modular/transport/flow substrate
L4_ModularTransport	transport	theorem	softmaxWeight_eq_kmsWeight	lean/InfoGeometry/LLM/KMSSoftmaxBridge.lean	36	true	modular/transport/flow substrate
L4_ModularTransport	transport	theorem	softmaxWeight_eq_exp_routerLogit_div_partition	lean/InfoGeometry/LLM/KMSSoftmaxBridge.lean	44	true	modular/transport/flow substrate
L4_ModularTransport	transport	theorem	kmsWeight_sum_one	lean/InfoGeometry/LLM/KMSSoftmaxBridge.lean	53	true	modular/transport/flow substrate
L4_ModularTransport	transport	theorem	softmaxWeight_sum_one	lean/InfoGeometry/LLM/KMSSoftmaxBridge.lean	64	true	modular/transport/flow substrate
L4_ModularTransport	transport	theorem	kmsLogPartition_eq_logSumExpRouter	lean/InfoGeometry/LLM/KMSSoftmaxBridge.lean	78	true	modular/transport/flow substrate
L4_ModularTransport	transport	theorem	kmsEntropy_eq_beta_internal_plus_logPartition	lean/InfoGeometry/LLM/KMSSoftmaxBridge.lean	86	true	modular/transport/flow substrate
L4_ModularTransport	transport	theorem	beta_mul_routerFreeEnergy_eq_neg_kmsLogPartition	lean/InfoGeometry/LLM/KMSSoftmaxBridge.lean	95	true	modular/transport/flow substrate
L4_ModularTransport	transport	theorem	routerFreeEnergyEps_eq_neg_eps_kmsLogPartition	lean/InfoGeometry/LLM/KMSSoftmaxBridge.lean	105	true	modular/transport/flow substrate
L3_Krein	krein	theorem	kreinInteractionEnergy_eq_neg_splitB11	lean/InfoGeometry/LLM/KreinAttentionEnergy.lean	21	true	Krein/doubled-geometry substrate
L5_ThermodynamicClosure	thermo	theorem	kreinAttentionWeights_sum_one	lean/InfoGeometry/LLM/KreinAttentionEnergy.lean	43	true	thermodynamic/free-energy/closure substrate
L4_ModularTransport	transport	theorem	output_eq_shared_plus_active	lean/InfoGeometry/LLM/Llama4PythonBlockSpec.lean	112	true	modular/transport/flow substrate
L4_ModularTransport	transport	theorem	run_eq_python_block_update	lean/InfoGeometry/LLM/Llama4PythonBlockSpec.lean	206	true	modular/transport/flow substrate
L4_ModularTransport	transport	theorem	routedUpdate_transport_commute_of_split	lean/InfoGeometry/LLM/Llama4SpinSpec.lean	97	true	modular/transport/flow substrate
L4_ModularTransport	transport	theorem	transport_preserves_routed_split	lean/InfoGeometry/LLM/Llama4SpinSpec.lean	126	true	modular/transport/flow substrate
L4_ModularTransport	transport	theorem	transport_preserves_routed_split_of_split	lean/InfoGeometry/LLM/Llama4SpinSpec.lean	154	true	modular/transport/flow substrate
L4_ModularTransport	transport	theorem	odd_implies_even_square	lean/InfoGeometry/LLM/PinCPTBridge.lean	45	true	modular/transport/flow substrate
L4_ModularTransport	transport	theorem	conjugate_odd_eq_neg	lean/InfoGeometry/LLM/PinCPTBridge.lean	61	true	modular/transport/flow substrate
L4_ModularTransport	transport	theorem	conjugate_even_square_eq_self	lean/InfoGeometry/LLM/PinCPTBridge.lean	75	true	modular/transport/flow substrate
L4_ModularTransport	transport	theorem	conjugate_involutive	lean/InfoGeometry/LLM/PinCPTBridge.lean	90	true	modular/transport/flow substrate
L4_ModularTransport	transport	theorem	odd_iff_anticommutator_zero	lean/InfoGeometry/LLM/PinCPTBridge.lean	104	true	modular/transport/flow substrate
L4_ModularTransport	transport	theorem	defect_quarantined_on_mixed_input	lean/InfoGeometry/LLM/PromptDefectRegularization.lean	54	true	modular/transport/flow substrate
L4_ModularTransport	transport	theorem	regularizedCoreUpdate_lambda_invariant	lean/InfoGeometry/LLM/PromptDefectRegularization.lean	62	true	modular/transport/flow substrate
L4_ModularTransport	transport	theorem	regularizedCoreUpdate_eq_coreUpdate	lean/InfoGeometry/LLM/PromptDefectRegularization.lean	82	true	modular/transport/flow substrate
L4_ModularTransport	transport	theorem	regularizedRun_lambda_invariant	lean/InfoGeometry/LLM/PromptDefectRegularization.lean	99	true	modular/transport/flow substrate
L4_ModularTransport	transport	theorem	regularizedRun_lambda_invariant_on_mixed_input	lean/InfoGeometry/LLM/PromptDefectRegularization.lean	108	true	modular/transport/flow substrate
L4_ModularTransport	transport	theorem	regularizedRun_eq_run	lean/InfoGeometry/LLM/PromptDefectRegularization.lean	118	true	modular/transport/flow substrate
L4_ModularTransport	transport	theorem	regularizedRun_eq_run_on_mixed_input	lean/InfoGeometry/LLM/PromptDefectRegularization.lean	127	true	modular/transport/flow substrate
L4_ModularTransport	transport	theorem	routerPartition_eq_finitePartition	lean/InfoGeometry/LLM/RouterFreeEnergyBridge.lean	24	true	modular/transport/flow substrate
L4_ModularTransport	transport	theorem	normalizedWeights_eq_finite_gibbsWeight	lean/InfoGeometry/LLM/RouterFreeEnergyBridge.lean	32	true	modular/transport/flow substrate
L4_ModularTransport	transport	theorem	routerMassieu_eq_logSumExpRouter	lean/InfoGeometry/LLM/RouterFreeEnergyBridge.lean	61	true	modular/transport/flow substrate
L4_ModularTransport	transport	theorem	routerEntropy_eq_beta_internal_plus_massieu	lean/InfoGeometry/LLM/RouterFreeEnergyBridge.lean	70	true	modular/transport/flow substrate
L4_ModularTransport	transport	theorem	beta_mul_routerFreeEnergy_eq_neg_routerMassieu	lean/InfoGeometry/LLM/RouterFreeEnergyBridge.lean	78	true	modular/transport/flow substrate
L4_ModularTransport	transport	theorem	routerFreeEnergyEps_eq_neg_eps_logSumExpRouter	lean/InfoGeometry/LLM/RouterFreeEnergyBridge.lean	92	true	modular/transport/flow substrate
L4_ModularTransport	transport	theorem	routerScaledEntropicObjective_eq_scaledKL	lean/InfoGeometry/LLM/RouterFreeEnergyBridge.lean	130	true	modular/transport/flow substrate
L4_ModularTransport	transport	theorem	routerScaledPotentialGap_eq_scaledBregman_swapped	lean/InfoGeometry/LLM/RouterFreeEnergyBridge.lean	145	true	modular/transport/flow substrate
L4_ModularTransport	transport	theorem	routerScaledPotentialGap_eq_scaledBregman	lean/InfoGeometry/LLM/RouterFreeEnergyBridge.lean	166	true	modular/transport/flow substrate
L4_ModularTransport	transport	theorem	routerPartition_eq_convex_sumExp	lean/InfoGeometry/LLM/ScalarThermoBridge.lean	31	true	modular/transport/flow substrate
L4_ModularTransport	transport	theorem	logSumExpRouter_eq_convex_lse	lean/InfoGeometry/LLM/ScalarThermoBridge.lean	41	true	modular/transport/flow substrate
L4_ModularTransport	transport	theorem	normalizedWeights_eq_convex_softmax	lean/InfoGeometry/LLM/ScalarThermoBridge.lean	49	true	modular/transport/flow substrate
L4_ModularTransport	transport	theorem	convex_softmax_routerLogits_add_uniformShift	lean/InfoGeometry/LLM/ScalarThermoBridge.lean	60	true	modular/transport/flow substrate
L4_ModularTransport	transport	theorem	routerPartition_eq_analytic_logSumExpPartition	lean/InfoGeometry/LLM/ScalarThermoBridge.lean	73	true	modular/transport/flow substrate
L4_ModularTransport	transport	theorem	logSumExpRouter_eq_analytic_logSumExp	lean/InfoGeometry/LLM/ScalarThermoBridge.lean	87	true	modular/transport/flow substrate
L4_ModularTransport	transport	theorem	normalizedWeights_eq_analytic_logSumExpWeight	lean/InfoGeometry/LLM/ScalarThermoBridge.lean	100	true	modular/transport/flow substrate
L4_ModularTransport	transport	theorem	switchMatrix_mem_rowStochastic_bridge	lean/InfoGeometry/LLM/ScalarThermoBridge.lean	126	true	modular/transport/flow substrate
L4_ModularTransport	transport	theorem	fenchelGap_nonneg_bridge	lean/InfoGeometry/LLM/ScalarThermoBridge.lean	139	true	modular/transport/flow substrate
L4_ModularTransport	transport	theorem	nonEquilibriumClockDefect_norm_le_ZD_of_detailedEquilibrium	lean/InfoGeometry/LLM/SinkhornDefectFlow.lean	268	true	modular/transport/flow substrate
L4_ModularTransport	transport	theorem	swap_involutive	lean/InfoGeometry/LLM/SpectralToken.lean	28	true	modular/transport/flow substrate
L4_ModularTransport	transport	theorem	actToken_involutive	lean/InfoGeometry/LLM/SpectralToken.lean	77	true	modular/transport/flow substrate
L4_ModularTransport	transport	theorem	run_transport_expansion	lean/InfoGeometry/LLM/SpinPinTransformerLayer.lean	63	true	modular/transport/flow substrate
L4_ModularTransport	transport	theorem	afterAttention_transport_commute	lean/InfoGeometry/LLM/SpinPinTransformerLayer.lean	80	true	modular/transport/flow substrate
L4_ModularTransport	transport	theorem	afterFeedForward_transport_commute	lean/InfoGeometry/LLM/SpinPinTransformerLayer.lean	93	true	modular/transport/flow substrate
L4_ModularTransport	transport	theorem	run_transport_commute	lean/InfoGeometry/LLM/SpinPinTransformerLayer.lean	120	true	modular/transport/flow substrate
L4_ModularTransport	transport	theorem	gap_transport_commute	lean/InfoGeometry/LLM/SpinPinTransformerLayer.lean	130	true	modular/transport/flow substrate
L4_ModularTransport	transport	theorem	pin_odd_gap_square_even	lean/InfoGeometry/LLM/SpinPinTransformerLayer.lean	152	true	modular/transport/flow substrate
L4_ModularTransport	transport	theorem	pin_conjugate_odd_gap_eq_neg	lean/InfoGeometry/LLM/SpinPinTransformerLayer.lean	160	true	modular/transport/flow substrate
L4_ModularTransport	transport	theorem	pin_conjugate_gap_square_eq_self	lean/InfoGeometry/LLM/SpinPinTransformerLayer.lean	168	true	modular/transport/flow substrate
L4_ModularTransport	transport	theorem	pin_conjugate_gap_involutive	lean/InfoGeometry/LLM/SpinPinTransformerLayer.lean	176	true	modular/transport/flow substrate
L3_Krein	krein	theorem	pin44_headFactor_witness	lean/InfoGeometry/LLM/SpinPinTransformerLayer.lean	188	true	Krein/doubled-geometry substrate
L4_ModularTransport	transport	theorem	routerPartition_eq_exp_logSumExp	lean/InfoGeometry/LLM/ThermodynamicSwitching.lean	27	true	modular/transport/flow substrate
L4_ModularTransport	transport	theorem	maskedNormalizedMixture_allTop_eq_normalizedMixture	lean/InfoGeometry/LLM/ThermodynamicSwitching.lean	65	true	modular/transport/flow substrate
L4_ModularTransport	transport	theorem	allTop_weights_sum_one	lean/InfoGeometry/LLM/ThermodynamicSwitching.lean	77	true	modular/transport/flow substrate
L4_ModularTransport	transport	theorem	exists_modewiseClifford_rep_of_bistochastic_switch	lean/InfoGeometry/LLM/ThermodynamicSwitching.lean	96	true	modular/transport/flow substrate
L4_ModularTransport	transport	theorem	arnoldNetwork_preserves_submodule_bridge	lean/InfoGeometry/LLM/ThermodynamicSwitching.lean	130	true	modular/transport/flow substrate
L2_Operator	operator	def	arnoldQuantumPresentation	lean/InfoGeometry/LLM/ThermodynamicSwitching.lean	152	false	operator-algebraic bridge substrate
L2_Operator	operator	def	arnoldTaggedPresentation	lean/InfoGeometry/LLM/ThermodynamicSwitching.lean	161	false	operator-algebraic bridge substrate
L2_Operator	operator	theorem	arnoldTaggedPresentation_lane	lean/InfoGeometry/LLM/ThermodynamicSwitching.lean	169	true	operator-algebraic bridge substrate
L4_ModularTransport	transport	theorem	arnoldQuantumPresentation_generator_eq_arnold	lean/InfoGeometry/LLM/ThermodynamicSwitching.lean	181	true	modular/transport/flow substrate
L4_ModularTransport	transport	theorem	arnoldQuantumPresentation_generator_mem_submodule	lean/InfoGeometry/LLM/ThermodynamicSwitching.lean	196	true	modular/transport/flow substrate
L4_ModularTransport	transport	theorem	run_eq_two_stage_residual	lean/InfoGeometry/LLM/TransformerArchitecture.lean	199	true	modular/transport/flow substrate
L4_ModularTransport	transport	theorem	runDecoderStack_append	lean/InfoGeometry/LLM/TransformerArchitecture.lean	225	true	modular/transport/flow substrate
L5_ThermodynamicClosure	thermo	theorem	router_free_energy_identity_per_step	lean/InfoGeometry/LLM/TransformerPhysicsEngine.lean	24	true	thermodynamic/free-energy/closure substrate
L4_ModularTransport	transport	theorem	scale_shape_split_preserved_per_layer	lean/InfoGeometry/LLM/TransformerPhysicsEngine.lean	49	true	modular/transport/flow substrate
L4_ModularTransport	transport	theorem	defect_quarantine_preserved_under_stack	lean/InfoGeometry/LLM/TransformerPhysicsEngine.lean	62	true	modular/transport/flow substrate
L4_ModularTransport	transport	theorem	transformer_engine_realizes_information_physics	lean/InfoGeometry/LLM/TransformerPhysicsEngine.lean	85	true	modular/transport/flow substrate
L4_ModularTransport	transport	theorem	two_stage_residual_block_update	lean/InfoGeometry/LLM/TrialityMoE.lean	49	true	modular/transport/flow substrate
L4_ModularTransport	transport	theorem	router_weight_split	lean/InfoGeometry/LLM/TrialityMoE.lean	86	true	modular/transport/flow substrate
L4_ModularTransport	transport	theorem	moe_output_split	lean/InfoGeometry/LLM/TrialityMoE.lean	148	true	modular/transport/flow substrate
L4_ModularTransport	transport	theorem	totalOutput_eq_activeOutput	lean/InfoGeometry/LLM/TrialityMoE.lean	173	true	modular/transport/flow substrate
L4_ModularTransport	transport	theorem	output_split_active_defect	lean/InfoGeometry/LLM/TrialityMoE.lean	204	true	modular/transport/flow substrate
L4_ModularTransport	transport	theorem	output_eq_shared_plus_active	lean/InfoGeometry/LLM/TrialityMoE.lean	213	true	modular/transport/flow substrate
L4_ModularTransport	transport	theorem	sourcedGenerator_eq_canonical	lean/InfoGeometry/LLM/TrialityMoE.lean	276	true	modular/transport/flow substrate
L4_ModularTransport	transport	theorem	sourcedGenerator_respects_cut	lean/InfoGeometry/LLM/TrialityMoE.lean	283	true	modular/transport/flow substrate
L4_ModularTransport	transport	structure	WeylThermodynamicOperatorComparison	lean/InfoGeometry/LLM/TrialityMoE.lean	318	false	modular/transport/flow substrate
L4_ModularTransport	transport	theorem	operatorInformationNormReadout_le_of_weylThermodynamicComparison	lean/InfoGeometry/LLM/TrialityMoE.lean	350	true	modular/transport/flow substrate
L4_ModularTransport	transport	structure	WeylThermodynamicProfileComparison	lean/InfoGeometry/LLM/TrialityMoE.lean	370	false	modular/transport/flow substrate
L4_ModularTransport	transport	theorem	operatorInformationNormReadout_le_of_weylThermodynamicProfileComparison	lean/InfoGeometry/LLM/TrialityMoE.lean	397	true	modular/transport/flow substrate
L4_ModularTransport	transport	def	ObserverDefectResidualWeylThermodynamicBoundedByZD	lean/InfoGeometry/LLM/TrialityMoE.lean	414	true	modular/transport/flow substrate
L4_ModularTransport	transport	theorem	observerDefectResidualWeylThermodynamicBoundedByZD_of_comparison	lean/InfoGeometry/LLM/TrialityMoE.lean	428	true	modular/transport/flow substrate
L4_ModularTransport	transport	structure	RouterDefectThermodynamicBridge	lean/InfoGeometry/LLM/TrialityMoE.lean	447	false	modular/transport/flow substrate
L4_ModularTransport	transport	theorem	sourcedGenerator_eq_canonical	lean/InfoGeometry/LLM/TrialityMoE.lean	502	true	modular/transport/flow substrate
L4_ModularTransport	transport	theorem	operatorInformationNormReadout_routerResidual_le_ZD	lean/InfoGeometry/LLM/TrialityMoE.lean	513	true	modular/transport/flow substrate
L4_ModularTransport	transport	theorem	observerDefectResidualWeylThermodynamicBoundedByZD	lean/InfoGeometry/LLM/TrialityMoE.lean	527	true	modular/transport/flow substrate
L4_ModularTransport	transport	theorem	ofZDControlledObserver_sourcedGenerator_eq_flow_of_ZD_eq_zero	lean/InfoGeometry/LLM/TrialityMoE.lean	729	true	modular/transport/flow substrate
L4_ModularTransport	transport	theorem	ofZDControlledObserver_sourcedGenerator_respects_cut_of_ZD_eq_zero	lean/InfoGeometry/LLM/TrialityMoE.lean	749	true	modular/transport/flow substrate
L4_ModularTransport	transport	theorem	ofResidualZeroObserver_sourcedGenerator_eq_flow	lean/InfoGeometry/LLM/TrialityMoE.lean	768	true	modular/transport/flow substrate
L4_ModularTransport	transport	theorem	ofResidualZeroObserver_sourcedGenerator_respects_cut	lean/InfoGeometry/LLM/TrialityMoE.lean	782	true	modular/transport/flow substrate
L4_ModularTransport	transport	theorem	ofDeviationZeroObserver_sourcedGenerator_eq_flow	lean/InfoGeometry/LLM/TrialityMoE.lean	798	true	modular/transport/flow substrate
L4_ModularTransport	transport	theorem	ofDeviationZeroObserver_sourcedGenerator_respects_cut	lean/InfoGeometry/LLM/TrialityMoE.lean	814	true	modular/transport/flow substrate
L4_ModularTransport	transport	theorem	ofAlignedObserver_sourcedGenerator_eq_flow	lean/InfoGeometry/LLM/TrialityMoE.lean	830	true	modular/transport/flow substrate
L4_ModularTransport	transport	theorem	ofAlignedObserver_sourcedGenerator_respects_cut	lean/InfoGeometry/LLM/TrialityMoE.lean	846	true	modular/transport/flow substrate
L4_ModularTransport	transport	theorem	ofStrainZeroObserver_sourcedGenerator_eq_flow	lean/InfoGeometry/LLM/TrialityMoE.lean	862	true	modular/transport/flow substrate
L4_ModularTransport	transport	theorem	ofStrainZeroObserver_sourcedGenerator_respects_cut	lean/InfoGeometry/LLM/TrialityMoE.lean	878	true	modular/transport/flow substrate
L4_ModularTransport	transport	theorem	ofCanonicalObserverDefect_sourcedGenerator_eq_canonical	lean/InfoGeometry/LLM/TrialityMoE.lean	894	true	modular/transport/flow substrate
L4_ModularTransport	transport	theorem	ofCanonicalObserverDefect_sourcedGenerator_respects_cut	lean/InfoGeometry/LLM/TrialityMoE.lean	908	true	modular/transport/flow substrate
L4_ModularTransport	transport	theorem	sourcedGenerator_deviation_norm_le_ZD	lean/InfoGeometry/LLM/TrialityMoE.lean	922	true	modular/transport/flow substrate
L3_Krein	krein	theorem	doubledKrein_spectral_decomposition	lean/InfoGeometry/OperatorAlgebra/RealHestenesPolarizationMechanism.lean	44	true	Krein/doubled-geometry substrate
L3_Krein	krein	theorem	doubledKrein_plus_idempotent	lean/InfoGeometry/OperatorAlgebra/RealHestenesPolarizationMechanism.lean	52	true	Krein/doubled-geometry substrate
L3_Krein	krein	theorem	doubledKrein_minus_idempotent	lean/InfoGeometry/OperatorAlgebra/RealHestenesPolarizationMechanism.lean	60	true	Krein/doubled-geometry substrate
L3_Krein	krein	theorem	doubledKrein_plus_mem	lean/InfoGeometry/OperatorAlgebra/RealHestenesPolarizationMechanism.lean	68	true	Krein/doubled-geometry substrate
L3_Krein	krein	theorem	doubledKrein_minus_mem	lean/InfoGeometry/OperatorAlgebra/RealHestenesPolarizationMechanism.lean	76	true	Krein/doubled-geometry substrate
L2_Operator	operator	theorem	hestenesAxis_square_minus_one	lean/InfoGeometry/OperatorAlgebra/RealHestenesPolarizationMechanism.lean	95	true	operator-algebraic bridge substrate
L2_Operator	operator	theorem	KPolarization_K_maps_plus_to_minus	lean/InfoGeometry/OperatorAlgebra/RealHestenesPolarizationMechanism.lean	105	true	operator-algebraic bridge substrate
L2_Operator	operator	theorem	KPolarization_K_maps_minus_to_plus	lean/InfoGeometry/OperatorAlgebra/RealHestenesPolarizationMechanism.lean	118	true	operator-algebraic bridge substrate
L2_Operator	operator	theorem	chiralityPolarization_is_J	lean/InfoGeometry/OperatorAlgebra/RealHestenesPolarizationMechanism.lean	130	true	operator-algebraic bridge substrate
L2_Operator	operator	theorem	chiralityPolarization_plus_is_weylPlus	lean/InfoGeometry/OperatorAlgebra/RealHestenesPolarizationMechanism.lean	139	true	operator-algebraic bridge substrate
L2_Operator	operator	theorem	chiralityPolarization_minus_is_weylMinus	lean/InfoGeometry/OperatorAlgebra/RealHestenesPolarizationMechanism.lean	148	true	operator-algebraic bridge substrate
L4_ModularTransport	transport	theorem	bogoliubov_transportK_square_minus_one	lean/InfoGeometry/OperatorAlgebra/RealHestenesPolarizationMechanism.lean	166	true	modular/transport/flow substrate
L4_ModularTransport	transport	theorem	bogoliubov_transportK_def	lean/InfoGeometry/OperatorAlgebra/RealHestenesPolarizationMechanism.lean	175	true	modular/transport/flow substrate
L4_ModularTransport	transport	theorem	bogoliubov_preservesPolarization_iff_transportP_eq	lean/InfoGeometry/OperatorAlgebra/RealHestenesPolarizationMechanism.lean	185	true	modular/transport/flow substrate
L4_ModularTransport	transport	theorem	bogoliubov_preserves_or_mixes	lean/InfoGeometry/OperatorAlgebra/RealHestenesPolarizationMechanism.lean	197	true	modular/transport/flow substrate
L4_ModularTransport	transport	theorem	bogoliubov_maps_plus_of_preserves	lean/InfoGeometry/OperatorAlgebra/RealHestenesPolarizationMechanism.lean	207	true	modular/transport/flow substrate
L4_ModularTransport	transport	theorem	bogoliubov_maps_minus_of_preserves	lean/InfoGeometry/OperatorAlgebra/RealHestenesPolarizationMechanism.lean	221	true	modular/transport/flow substrate
L2_Operator	operator	structure	LocalSpinFrame	lean/InfoGeometry/OperatorAlgebra/SpinBogoliubovStinespring.lean	40	true	operator-algebraic bridge substrate
L2_Operator	operator	structure	BogoliubovFrame	lean/InfoGeometry/OperatorAlgebra/SpinBogoliubovStinespring.lean	71	false	operator-algebraic bridge substrate
L2_Operator	operator	structure	SpinConnectionTransport	lean/InfoGeometry/OperatorAlgebra/SpinBogoliubovStinespring.lean	104	true	operator-algebraic bridge substrate
L2_Operator	operator	structure	SpinFrameBogoliubovCalibration	lean/InfoGeometry/OperatorAlgebra/SpinBogoliubovStinespring.lean	273	false	operator-algebraic bridge substrate
L2_Operator	operator	structure	BogoliubovFrameMismatch	lean/InfoGeometry/OperatorAlgebra/SpinBogoliubovStinespring.lean	312	false	operator-algebraic bridge substrate
L2_Operator	operator	structure	SpinInducedOpenChannel	lean/InfoGeometry/OperatorAlgebra/SpinBogoliubovStinespring.lean	392	false	operator-algebraic bridge substrate
L2_Operator	operator	structure	SpinBogoliubovStinespringClinch	lean/InfoGeometry/OperatorAlgebra/SpinBogoliubovStinespring.lean	436	false	operator-algebraic bridge substrate
L2_Operator	operator	structure	SpinModularCompatibility	lean/InfoGeometry/OperatorAlgebra/SpinBogoliubovStinespring.lean	509	false	operator-algebraic bridge substrate
L2_Operator	operator	structure	SpinBogoliubovThermodynamicReadout	lean/InfoGeometry/OperatorAlgebra/SpinBogoliubovStinespring.lean	560	false	operator-algebraic bridge substrate
L2_Operator	operator	structure	SpinConnectionDatum	lean/InfoGeometry/OperatorAlgebra/SpinBogoliubovStinespring.lean	623	true	operator-algebraic bridge substrate
L2_Operator	operator	structure	SpinModularTransport	lean/InfoGeometry/OperatorAlgebra/SpinBogoliubovStinespring.lean	666	false	operator-algebraic bridge substrate
L2_Operator	operator	structure	LocalChannel	lean/InfoGeometry/OperatorAlgebra/SpinBogoliubovStinespring.lean	727	true	operator-algebraic bridge substrate
L2_Operator	operator	structure	StinespringLedger	lean/InfoGeometry/OperatorAlgebra/SpinBogoliubovStinespring.lean	764	false	operator-algebraic bridge substrate
L2_Operator	operator	structure	GlobalReadout	lean/InfoGeometry/OperatorAlgebra/SpinBogoliubovStinespring.lean	839	false	operator-algebraic bridge substrate
L2_Operator	operator	structure	TomitaRouting	lean/InfoGeometry/OperatorAlgebra/SpinBogoliubovStinespring.lean	877	false	operator-algebraic bridge substrate
L2_Operator	operator	structure	StinespringTomitaLedger	lean/InfoGeometry/OperatorAlgebra/SpinBogoliubovStinespring.lean	894	false	operator-algebraic bridge substrate
L2_Operator	operator	structure	SpinBogoliubovStinespringFrame	lean/InfoGeometry/OperatorAlgebra/SpinBogoliubovStinespring.lean	948	false	operator-algebraic bridge substrate
L2_Operator	operator	structure	EinsteinReadoutBridge	lean/InfoGeometry/OperatorAlgebra/SpinBogoliubovStinespring.lean	1009	false	operator-algebraic bridge substrate
L4_ModularTransport	transport	def	cl11DIIIPackage	lean/InfoGeometry/Physics/DIIISymmetryAtom.lean	45	false	modular/transport/flow substrate
L4_ModularTransport	transport	theorem	chiral_symmetry_eq_epsilon	lean/InfoGeometry/Physics/DIIISymmetryAtom.lean	64	true	modular/transport/flow substrate
L4_ModularTransport	transport	theorem	cl11DIIIPackage_T_eq_complex_i	lean/InfoGeometry/Physics/DIIISymmetryAtom.lean	73	true	modular/transport/flow substrate
L4_ModularTransport	transport	theorem	cl11DIIIPackage_C_eq_modular_j	lean/InfoGeometry/Physics/DIIISymmetryAtom.lean	80	true	modular/transport/flow substrate
L4_ModularTransport	transport	theorem	cl11DIIIPackage_root_laws	lean/InfoGeometry/Physics/DIIISymmetryAtom.lean	89	true	modular/transport/flow substrate
L2_Operator	operator	structure	OperatorZeroModeWitness	lean/InfoGeometry/Quantum/BulkBoundary.lean	52	false	operator-algebraic bridge substrate
L3_Krein	krein	structure	BoundaryLocalizedZeroModeWitness	lean/InfoGeometry/Quantum/BulkBoundary.lean	436	false	Krein/doubled-geometry substrate
L3_Krein	krein	def	boundaryLocalizedZeroModeWitnessOfPair	lean/InfoGeometry/Quantum/BulkBoundary.lean	455	false	Krein/doubled-geometry substrate
L2_Operator	operator	def	operatorZeroModeWitnessOfBoundaryLocalizedPlus	lean/InfoGeometry/Quantum/BulkBoundary.lean	480	false	operator-algebraic bridge substrate
L2_Operator	operator	def	operatorZeroModeWitnessOfBoundaryLocalizedMinus	lean/InfoGeometry/Quantum/BulkBoundary.lean	496	false	operator-algebraic bridge substrate
L3_Krein	krein	def	boundaryLocalizedZeroModeWitness_of_negativePhase_of_simplifiedBoundaryModel	lean/InfoGeometry/Quantum/BulkBoundary.lean	572	false	Krein/doubled-geometry substrate
L3_Krein	krein	def	boundaryLocalizedZeroModeWitness_of_topologicalIndexZ2_eq_one_of_simplifiedBoundaryModel	lean/InfoGeometry/Quantum/BulkBoundary.lean	586	false	Krein/doubled-geometry substrate
L2_Operator	operator	def	operatorZeroModeWitness_of_negativePhase_of_simplifiedBoundaryModel	lean/InfoGeometry/Quantum/BulkBoundary.lean	603	false	operator-algebraic bridge substrate
L2_Operator	operator	def	operatorZeroModeWitness_of_topologicalIndexZ2_eq_one_of_simplifiedBoundaryModel	lean/InfoGeometry/Quantum/BulkBoundary.lean	621	false	operator-algebraic bridge substrate
L3_Krein	krein	structure	WeylZeroModeWitnessUnderBogoliubov	lean/InfoGeometry/Quantum/BulkBoundary.lean	753	false	Krein/doubled-geometry substrate
L3_Krein	krein	def	weylZeroModeWitnessUnderBogoliubov_of_preservesChiralityPolarization	lean/InfoGeometry/Quantum/BulkBoundary.lean	776	false	Krein/doubled-geometry substrate
L3_Krein	krein	def	weylZeroModeWitnessUnderBogoliubov_of_negativePhase_of_simplifiedBoundaryModel	lean/InfoGeometry/Quantum/BulkBoundary.lean	808	false	Krein/doubled-geometry substrate
L4_ModularTransport	transport	theorem	dilationChargeResponseMode_of_operatorialIncidence	lean/InfoGeometry/Quantum/HestenesKahler.lean	538	true	modular/transport/flow substrate
L3_Krein	krein	def	ParityEven	lean/InfoGeometry/Quantum/ParitySupercharge.lean	23	true	Krein/doubled-geometry substrate
L3_Krein	krein	def	ParityOdd	lean/InfoGeometry/Quantum/ParitySupercharge.lean	28	true	Krein/doubled-geometry substrate
L3_Krein	krein	structure	ParitySupercharge	lean/InfoGeometry/Quantum/ParitySupercharge.lean	39	false	Krein/doubled-geometry substrate
L3_Krein	krein	def	hamiltonian	lean/InfoGeometry/Quantum/ParitySupercharge.lean	47	false	Krein/doubled-geometry substrate
L3_Krein	krein	theorem	hamiltonian_parityEven	lean/InfoGeometry/Quantum/ParitySupercharge.lean	53	true	Krein/doubled-geometry substrate
L3_Krein	krein	structure	SplitTrialityKernel	lean/InfoGeometry/Quantum/SplitTrialityKernel.lean	44	false	Krein/doubled-geometry substrate
L3_Krein	krein	def	trialitySupercharge	lean/InfoGeometry/Quantum/SplitTrialityKernel.lean	58	false	Krein/doubled-geometry substrate
L3_Krein	krein	def	informationalDiracSquare	lean/InfoGeometry/Quantum/SplitTrialityKernel.lean	64	false	Krein/doubled-geometry substrate
L3_Krein	krein	theorem	informationalDiracSquare_eq_id	lean/InfoGeometry/Quantum/SplitTrialityKernel.lean	69	true	Krein/doubled-geometry substrate
L3_Krein	krein	theorem	trialitySupercharge_sq_eq_id	lean/InfoGeometry/Quantum/SplitTrialityKernel.lean	90	true	Krein/doubled-geometry substrate
L3_Krein	krein	theorem	trialitySupercharge_sq_eq_anticommutator	lean/InfoGeometry/Quantum/SplitTrialityKernel.lean	97	true	Krein/doubled-geometry substrate
L3_Krein	krein	theorem	trialitySupercharge_comp_plus_eq_left	lean/InfoGeometry/Quantum/SplitTrialityKernel.lean	120	true	Krein/doubled-geometry substrate
L3_Krein	krein	theorem	trialitySupercharge_comp_minus_eq_right	lean/InfoGeometry/Quantum/SplitTrialityKernel.lean	175	true	Krein/doubled-geometry substrate
L3_Krein	krein	theorem	plus_comp_trialitySupercharge_eq_right	lean/InfoGeometry/Quantum/SplitTrialityKernel.lean	230	true	Krein/doubled-geometry substrate
L3_Krein	krein	theorem	minus_comp_trialitySupercharge_eq_left	lean/InfoGeometry/Quantum/SplitTrialityKernel.lean	285	true	Krein/doubled-geometry substrate
L3_Krein	krein	def	octonionicMul	lean/InfoGeometry/Quantum/SplitTrialityKernel.lean	345	false	Krein/doubled-geometry substrate
L3_Krein	krein	theorem	k_acts_as_imaginary	lean/InfoGeometry/Quantum/SplitTrialityKernel.lean	355	true	Krein/doubled-geometry substrate
L3_Krein	krein	def	vectorToLeftSpinor	lean/InfoGeometry/Quantum/SplitTrialityKernel.lean	374	false	Krein/doubled-geometry substrate
L3_Krein	krein	def	vectorToRightSpinor	lean/InfoGeometry/Quantum/SplitTrialityKernel.lean	379	false	Krein/doubled-geometry substrate
L3_Krein	krein	theorem	vectorToLeftSpinor_apply_to_doubled	lean/InfoGeometry/Quantum/SplitTrialityKernel.lean	383	true	Krein/doubled-geometry substrate
L3_Krein	krein	theorem	vectorToRightSpinor_apply_to_doubled	lean/InfoGeometry/Quantum/SplitTrialityKernel.lean	390	true	Krein/doubled-geometry substrate
L3_Krein	krein	theorem	vectorToLeftSpinor_nilpotent	lean/InfoGeometry/Quantum/SplitTrialityKernel.lean	397	true	Krein/doubled-geometry substrate
L3_Krein	krein	theorem	vectorToRightSpinor_nilpotent	lean/InfoGeometry/Quantum/SplitTrialityKernel.lean	408	true	Krein/doubled-geometry substrate
L3_Krein	krein	theorem	vectorToRightSpinor_comp_vectorToLeftSpinor_eq_plusProj	lean/InfoGeometry/Quantum/SplitTrialityKernel.lean	419	true	Krein/doubled-geometry substrate
L3_Krein	krein	theorem	vectorToLeftSpinor_comp_vectorToRightSpinor_eq_minusProj	lean/InfoGeometry/Quantum/SplitTrialityKernel.lean	439	true	Krein/doubled-geometry substrate
L3_Krein	krein	def	canonicalSplitTrialityKernel	lean/InfoGeometry/Quantum/SplitTrialityKernel.lean	460	false	Krein/doubled-geometry substrate
L3_Krein	krein	theorem	trialitySupercharge_eq_modularJ	lean/InfoGeometry/Quantum/SplitTrialityKernel.lean	474	true	Krein/doubled-geometry substrate
L3_Krein	krein	theorem	trialitySupercharge_anticommutes_Pi	lean/InfoGeometry/Quantum/SplitTrialityKernel.lean	497	true	Krein/doubled-geometry substrate
L3_Krein	krein	def	paritySupercharge	lean/InfoGeometry/Quantum/SplitTrialityKernel.lean	512	false	Krein/doubled-geometry substrate
L3_Krein	krein	theorem	informationalDiracSquare_eq_id	lean/InfoGeometry/Quantum/SplitTrialityKernel.lean	520	true	Krein/doubled-geometry substrate
L3_Krein	krein	theorem	paritySupercharge_hamiltonian_eq_id	lean/InfoGeometry/Quantum/SplitTrialityKernel.lean	526	true	Krein/doubled-geometry substrate
L3_Krein	krein	theorem	paritySupercharge_hamiltonian_parityEven	lean/InfoGeometry/Quantum/SplitTrialityKernel.lean	532	true	Krein/doubled-geometry substrate
L3_Krein	krein	structure	SuperchargeMultiplet	lean/InfoGeometry/Quantum/SuperchargeMultiplet.lean	44	false	Krein/doubled-geometry substrate
L3_Krein	krein	def	phaseChannel	lean/InfoGeometry/Quantum/SuperchargeMultiplet.lean	54	false	Krein/doubled-geometry substrate
L3_Krein	krein	theorem	phaseChannel_eq_complexI	lean/InfoGeometry/Quantum/SuperchargeMultiplet.lean	60	true	Krein/doubled-geometry substrate
L3_Krein	krein	theorem	modular_comp_parity_eq_neg_complexI	lean/InfoGeometry/Quantum/SuperchargeMultiplet.lean	68	true	Krein/doubled-geometry substrate
L3_Krein	krein	theorem	parity_modular_anticommutator_eq_zero	lean/InfoGeometry/Quantum/SuperchargeMultiplet.lean	79	true	Krein/doubled-geometry substrate
L3_Krein	krein	theorem	phaseChannel_sq_eq_neg_id	lean/InfoGeometry/Quantum/SuperchargeMultiplet.lean	96	true	Krein/doubled-geometry substrate
L3_Krein	krein	theorem	modular_hamiltonian_eq_id	lean/InfoGeometry/Quantum/SuperchargeMultiplet.lean	104	true	Krein/doubled-geometry substrate
L3_Krein	krein	def	inst	lean/InfoGeometry/Quantum/SuperchargeMultiplet.lean	119	false	Krein/doubled-geometry substrate
L3_Krein	krein	theorem	parity_eq_triality	lean/InfoGeometry/Quantum/SuperchargeMultiplet.lean	128	true	Krein/doubled-geometry substrate
L3_Krein	krein	theorem	modular_eq_epsilonSupercharge	lean/InfoGeometry/Quantum/SuperchargeMultiplet.lean	135	true	Krein/doubled-geometry substrate
L3_Krein	krein	theorem	phaseChannel_eq_complexI	lean/InfoGeometry/Quantum/SuperchargeMultiplet.lean	140	true	Krein/doubled-geometry substrate
L3_Krein	krein	theorem	parity_modular_anticommutator_eq_zero	lean/InfoGeometry/Quantum/SuperchargeMultiplet.lean	146	true	Krein/doubled-geometry substrate
L3_Krein	krein	theorem	parity_hamiltonian_eq_id	lean/InfoGeometry/Quantum/SuperchargeMultiplet.lean	155	true	Krein/doubled-geometry substrate
L3_Krein	krein	theorem	modular_hamiltonian_eq_id	lean/InfoGeometry/Quantum/SuperchargeMultiplet.lean	161	true	Krein/doubled-geometry substrate
L3_Krein	krein	theorem	phaseChannel_sq_eq_neg_id	lean/InfoGeometry/Quantum/SuperchargeMultiplet.lean	169	true	Krein/doubled-geometry substrate
L2_Operator	operator	def	IsWeylCompatible	lean/InfoGeometry/Quantum/TriadicWeylBridge.lean	23	true	operator-algebraic bridge substrate
L2_Operator	operator	theorem	isWeylCompatible_iff_comp_spectralEpsilon	lean/InfoGeometry/Quantum/TriadicWeylBridge.lean	64	true	operator-algebraic bridge substrate
L2_Operator	operator	theorem	triadicGenerator_blockDiagonal_of_compatibility	lean/InfoGeometry/Quantum/TriadicWeylBridge.lean	303	true	operator-algebraic bridge substrate
L2_Operator	operator	theorem	eq_common_relative_form_of_scalarBlocks	lean/InfoGeometry/Quantum/TriadicWeylBridge.lean	325	true	operator-algebraic bridge substrate
L2_Operator	operator	theorem	eq_logarithmicGenerator_of_scalarSheetBlocks	lean/InfoGeometry/Quantum/TriadicWeylBridge.lean	368	true	operator-algebraic bridge substrate
L4_ModularTransport	transport	theorem	GammaS_comp_GammaS	lean/InfoGeometry/SuperMetriplectic/CartanBridge.lean	37	true	modular/transport/flow substrate
L4_ModularTransport	transport	def	spectralOnsagerMap	lean/InfoGeometry/SuperMetriplectic/CartanBridge.lean	48	false	modular/transport/flow substrate
L4_ModularTransport	transport	def	spectralCartanSymmetricLieAlgebra	lean/InfoGeometry/SuperMetriplectic/CartanBridge.lean	58	false	modular/transport/flow substrate
L4_ModularTransport	transport	structure	DrazinCartanOnsagerBridge	lean/InfoGeometry/SuperMetriplectic/CartanBridge.lean	71	false	modular/transport/flow substrate
L4_ModularTransport	transport	def	toCartanOnsagerSplit	lean/InfoGeometry/SuperMetriplectic/CartanBridge.lean	83	false	modular/transport/flow substrate
L4_ModularTransport	transport	theorem	toCartanOnsagerSplit_drazinCore_eq_k	lean/InfoGeometry/SuperMetriplectic/CartanBridge.lean	93	true	modular/transport/flow substrate
L4_ModularTransport	transport	theorem	toCartanOnsagerSplit_dissipativeRange_eq_p	lean/InfoGeometry/SuperMetriplectic/CartanBridge.lean	99	true	modular/transport/flow substrate
L4_ModularTransport	transport	structure	DrazinChiralSuperchargeClosureBridge	lean/InfoGeometry/SuperMetriplectic/ChiralBridge.lean	39	false	modular/transport/flow substrate
L4_ModularTransport	transport	def	toChiralSuperchargeClosure	lean/InfoGeometry/SuperMetriplectic/ChiralBridge.lean	51	false	modular/transport/flow substrate
L4_ModularTransport	transport	theorem	toChiralSuperchargeClosure_leftShadow_eq_QL	lean/InfoGeometry/SuperMetriplectic/ChiralBridge.lean	74	true	modular/transport/flow substrate
L4_ModularTransport	transport	theorem	toChiralSuperchargeClosure_rightShadow_eq_QR	lean/InfoGeometry/SuperMetriplectic/ChiralBridge.lean	79	true	modular/transport/flow substrate
L4_ModularTransport	transport	theorem	toChiralSuperchargeClosure_netOddShadow_eq_QD	lean/InfoGeometry/SuperMetriplectic/ChiralBridge.lean	84	true	modular/transport/flow substrate
L4_ModularTransport	transport	theorem	toChiralSuperchargeClosure_translationShadow_eq_drazinTranslationCandidate	lean/InfoGeometry/SuperMetriplectic/ChiralBridge.lean	90	true	modular/transport/flow substrate
L4_ModularTransport	transport	theorem	toChiralSuperchargeClosure_defectShadow_eq_drazinCentralCandidate	lean/InfoGeometry/SuperMetriplectic/ChiralBridge.lean	95	true	modular/transport/flow substrate
L4_ModularTransport	transport	theorem	toChiralSuperchargeClosure_oddOddClosure	lean/InfoGeometry/SuperMetriplectic/ChiralBridge.lean	100	true	modular/transport/flow substrate
L2_Operator	operator	structure	DiscreteMellinCasimirQuantizationPacket	lean/InfoGeometry/SuperMetriplectic/DiscreteMellinHamiltonian.lean	181	false	operator-algebraic bridge substrate
L2_Operator	operator	theorem	zetaCasimirResidual_quantized	lean/InfoGeometry/SuperMetriplectic/DiscreteMellinHamiltonian.lean	199	true	operator-algebraic bridge substrate
L4_ModularTransport	transport	theorem	thermal_gap_eq_log_q	lean/InfoGeometry/SuperMetriplectic/DiscreteMellinHamiltonian.lean	207	true	modular/transport/flow substrate
L4_ModularTransport	transport	structure	DrazinSuperchargeClosureBridge	lean/InfoGeometry/SuperMetriplectic/DrazinBridge.lean	39	false	modular/transport/flow substrate
L4_ModularTransport	transport	def	toSuperchargeClosure	lean/InfoGeometry/SuperMetriplectic/DrazinBridge.lean	51	false	modular/transport/flow substrate
L4_ModularTransport	transport	theorem	toSuperchargeClosure_translationShadow_eq_drazinTranslationCandidate	lean/InfoGeometry/SuperMetriplectic/DrazinBridge.lean	65	true	modular/transport/flow substrate
L4_ModularTransport	transport	theorem	toSuperchargeClosure_defectShadow_eq_drazinCentralCandidate	lean/InfoGeometry/SuperMetriplectic/DrazinBridge.lean	70	true	modular/transport/flow substrate
L4_ModularTransport	transport	theorem	toSuperchargeClosure_oddOddClosure	lean/InfoGeometry/SuperMetriplectic/DrazinBridge.lean	75	true	modular/transport/flow substrate
L4_ModularTransport	transport	structure	DrazinCartanCompatibility	lean/InfoGeometry/SuperMetriplectic/DrazinCartanShadowBridge.lean	49	false	modular/transport/flow substrate
L4_ModularTransport	transport	theorem	ownerCentralCandidate_in_cartan_k_of_drazinCore	lean/InfoGeometry/SuperMetriplectic/DrazinCartanShadowBridge.lean	69	true	modular/transport/flow substrate
L4_ModularTransport	transport	theorem	ownerCentralCandidate_in_cartan_k	lean/InfoGeometry/SuperMetriplectic/DrazinCartanShadowBridge.lean	77	true	modular/transport/flow substrate
L4_ModularTransport	transport	theorem	ownerTranslationCandidate_in_cartan_p	lean/InfoGeometry/SuperMetriplectic/DrazinCartanShadowBridge.lean	84	true	modular/transport/flow substrate
L4_ModularTransport	transport	theorem	ownerTranslationCandidate_in_dissipativeRange	lean/InfoGeometry/SuperMetriplectic/DrazinCartanShadowBridge.lean	91	true	modular/transport/flow substrate
L4_ModularTransport	transport	theorem	drazin_cartan_shadow_packet	lean/InfoGeometry/SuperMetriplectic/DrazinCartanShadowBridge.lean	101	true	modular/transport/flow substrate
L4_ModularTransport	transport	structure	DrazinProjectorConstraintCompatibility	lean/InfoGeometry/SuperMetriplectic/DrazinProjectorConstraintBridge.lean	60	false	modular/transport/flow substrate
L4_ModularTransport	transport	def	topologicalConstraintProjector	lean/InfoGeometry/SuperMetriplectic/DrazinProjectorConstraintBridge.lean	76	false	modular/transport/flow substrate
L4_ModularTransport	transport	def	topologicalConstraintCore	lean/InfoGeometry/SuperMetriplectic/DrazinProjectorConstraintBridge.lean	87	false	modular/transport/flow substrate
L4_ModularTransport	transport	theorem	topologicalConstraintProjector_eq_drazin_formula	lean/InfoGeometry/SuperMetriplectic/DrazinProjectorConstraintBridge.lean	92	true	modular/transport/flow substrate
L4_ModularTransport	transport	def	topologicalConstraintReadout	lean/InfoGeometry/SuperMetriplectic/DrazinProjectorConstraintBridge.lean	100	false	modular/transport/flow substrate
L4_ModularTransport	transport	theorem	topologicalConstraintReadout_eq_topologicalConstraintProjector	lean/InfoGeometry/SuperMetriplectic/DrazinProjectorConstraintBridge.lean	105	true	modular/transport/flow substrate
L4_ModularTransport	transport	theorem	topologicalConstraintProjector_readout_eq_drazin_formula	lean/InfoGeometry/SuperMetriplectic/DrazinProjectorConstraintBridge.lean	111	true	modular/transport/flow substrate
L4_ModularTransport	transport	theorem	defectReadout_eq_topologicalConstraintProjector	lean/InfoGeometry/SuperMetriplectic/DrazinProjectorConstraintBridge.lean	121	true	modular/transport/flow substrate
L4_ModularTransport	transport	theorem	scalar_readout_seal	lean/InfoGeometry/SuperMetriplectic/DrazinProjectorConstraintBridge.lean	133	true	modular/transport/flow substrate
L4_ModularTransport	transport	theorem	ownerCentralCandidate_in_cartan_k	lean/InfoGeometry/SuperMetriplectic/DrazinProjectorConstraintBridge.lean	147	true	modular/transport/flow substrate
L4_ModularTransport	transport	theorem	entropyProduction_vanishes_on_topologicalConstraintCore	lean/InfoGeometry/SuperMetriplectic/DrazinProjectorConstraintBridge.lean	158	true	modular/transport/flow substrate
L4_ModularTransport	transport	theorem	totalEntropyChange_nonnegative	lean/InfoGeometry/SuperMetriplectic/DrazinProjectorConstraintBridge.lean	168	true	modular/transport/flow substrate
L4_ModularTransport	transport	theorem	drazin_projector_constraint_packet	lean/InfoGeometry/SuperMetriplectic/DrazinProjectorConstraintBridge.lean	181	true	modular/transport/flow substrate
L4_ModularTransport	transport	theorem	hiddenBlock_projectorMismatch_eq_zero_iff	lean/InfoGeometry/SuperMetriplectic/EntropyShadowBridge.lean	29	true	modular/transport/flow substrate
L4_ModularTransport	transport	theorem	hiddenBlock_chiralAnomaly_eq_zero_of_projectorMismatch_eq_zero	lean/InfoGeometry/SuperMetriplectic/EntropyShadowBridge.lean	41	true	modular/transport/flow substrate
L4_ModularTransport	transport	def	toCoadjointLeafEntropySplit	lean/InfoGeometry/SuperMetriplectic/EntropyShadowBridge.lean	52	false	modular/transport/flow substrate
L4_ModularTransport	transport	theorem	toCoadjointLeafEntropySplit_totalEntropyChange_eq_entropyProduction	lean/InfoGeometry/SuperMetriplectic/EntropyShadowBridge.lean	63	true	modular/transport/flow substrate
L4_ModularTransport	transport	theorem	toIsMoorePenroseInverse	lean/InfoGeometry/SuperMetriplectic/InverseBridge.lean	27	true	modular/transport/flow substrate
L4_ModularTransport	transport	theorem	toIsDrazinInverse	lean/InfoGeometry/SuperMetriplectic/InverseBridge.lean	40	true	modular/transport/flow substrate
L4_ModularTransport	transport	theorem	hiddenBlock_hasMoorePenroseShadow	lean/InfoGeometry/SuperMetriplectic/InverseBridge.lean	50	true	modular/transport/flow substrate
L4_ModularTransport	transport	theorem	hiddenBlock_hasDrazinShadow	lean/InfoGeometry/SuperMetriplectic/InverseBridge.lean	61	true	modular/transport/flow substrate
L2_Operator	operator	structure	OperatorialCliffordFourierGradeSplit	lean/InfoGeometry/SuperMetriplectic/OperatorLorentzCurvature.lean	44	false	operator-algebraic bridge substrate
L2_Operator	operator	theorem	transformed_eq_sum	lean/InfoGeometry/SuperMetriplectic/OperatorLorentzCurvature.lean	57	true	operator-algebraic bridge substrate
L2_Operator	operator	structure	BisognanoWichmannModularLorentzPacket	lean/InfoGeometry/SuperMetriplectic/OperatorLorentzCurvature.lean	73	false	operator-algebraic bridge substrate
L2_Operator	operator	theorem	modularFlow_eq_lorentzBoost	lean/InfoGeometry/SuperMetriplectic/OperatorLorentzCurvature.lean	82	true	operator-algebraic bridge substrate
L2_Operator	operator	structure	DrazinCoreLorentzInvariancePacket	lean/InfoGeometry/SuperMetriplectic/OperatorLorentzCurvature.lean	98	false	operator-algebraic bridge substrate
L2_Operator	operator	theorem	modularGenerator_kills_core	lean/InfoGeometry/SuperMetriplectic/OperatorLorentzCurvature.lean	115	true	operator-algebraic bridge substrate
L2_Operator	operator	theorem	modularFlow_fixes_core	lean/InfoGeometry/SuperMetriplectic/OperatorLorentzCurvature.lean	123	true	operator-algebraic bridge substrate
L2_Operator	operator	structure	ModularLorentzCommutatorCurvaturePacket	lean/InfoGeometry/SuperMetriplectic/OperatorLorentzCurvature.lean	139	false	operator-algebraic bridge substrate
L2_Operator	operator	theorem	riemannReadout_eq_modularCommutator	lean/InfoGeometry/SuperMetriplectic/OperatorLorentzCurvature.lean	161	true	operator-algebraic bridge substrate
L2_Operator	operator	theorem	riemannReadout_eq_lorentzBoostCommutator	lean/InfoGeometry/SuperMetriplectic/OperatorLorentzCurvature.lean	171	true	operator-algebraic bridge substrate
L2_Operator	operator	structure	OperatorLorentzCurvatureCapstone	lean/InfoGeometry/SuperMetriplectic/OperatorLorentzCurvature.lean	192	false	operator-algebraic bridge substrate
L2_Operator	operator	theorem	gradeSplit_eq_sum	lean/InfoGeometry/SuperMetriplectic/OperatorLorentzCurvature.lean	211	true	operator-algebraic bridge substrate
L2_Operator	operator	theorem	drazinCore_generator_killed	lean/InfoGeometry/SuperMetriplectic/OperatorLorentzCurvature.lean	220	true	operator-algebraic bridge substrate
L2_Operator	operator	theorem	drazinCore_flow_fixed	lean/InfoGeometry/SuperMetriplectic/OperatorLorentzCurvature.lean	228	true	operator-algebraic bridge substrate
L2_Operator	operator	theorem	riemannReadout_eq_modularCommutator	lean/InfoGeometry/SuperMetriplectic/OperatorLorentzCurvature.lean	241	true	operator-algebraic bridge substrate
L2_Operator	operator	theorem	riemannReadout_eq_lorentzBoostCommutator	lean/InfoGeometry/SuperMetriplectic/OperatorLorentzCurvature.lean	255	true	operator-algebraic bridge substrate
L2_Operator	operator	theorem	operator_lorentz_curvature_theorem	lean/InfoGeometry/SuperMetriplectic/OperatorLorentzCurvature.lean	271	true	operator-algebraic bridge substrate
L2_Operator	operator	theorem	wedgeBoost_modularTransport_eq_unruhBoost	lean/InfoGeometry/SuperMetriplectic/OperatorLorentzCurvature.lean	303	true	operator-algebraic bridge substrate
L2_Operator	operator	theorem	relativeModularSupervolume_secondVariation_is_sinkhornPerelmanKreinMetric	lean/InfoGeometry/SuperMetriplectic/SouriauTomitaBKM.lean	403	true	operator-algebraic bridge substrate
L4_ModularTransport	transport	structure	DrazinPenroseSchurChiralTriadBridge	lean/InfoGeometry/SuperMetriplectic/TriadBridge.lean	35	false	modular/transport/flow substrate
L4_ModularTransport	transport	structure	TriadCompatibleOddPacket	lean/InfoGeometry/SuperMetriplectic/TriadBridge.lean	59	false	modular/transport/flow substrate
L4_ModularTransport	transport	def	toChiralSuperchargeClosure	lean/InfoGeometry/SuperMetriplectic/TriadBridge.lean	74	false	modular/transport/flow substrate
L4_ModularTransport	transport	theorem	toChiralSuperchargeClosure_translationShadow_eq_effectiveEvenOnsager	lean/InfoGeometry/SuperMetriplectic/TriadBridge.lean	84	true	modular/transport/flow substrate
L4_ModularTransport	transport	theorem	toChiralSuperchargeClosure_translationReadout_eq_effectiveEvenOnsager	lean/InfoGeometry/SuperMetriplectic/TriadBridge.lean	90	true	modular/transport/flow substrate
L4_ModularTransport	transport	theorem	toChiralSuperchargeClosure_defectShadow_eq_drazinDefectProjector	lean/InfoGeometry/SuperMetriplectic/TriadBridge.lean	95	true	modular/transport/flow substrate
L4_ModularTransport	transport	theorem	toChiralSuperchargeClosure_defectReadout_eq_drazinDefectProjector	lean/InfoGeometry/SuperMetriplectic/TriadBridge.lean	101	true	modular/transport/flow substrate
L4_ModularTransport	transport	def	chiralClosureOfTriadOddData	lean/InfoGeometry/SuperMetriplectic/TriadBridge.lean	112	false	modular/transport/flow substrate
L4_ModularTransport	transport	theorem	chiralClosureOfTriadOddData_translationShadow_eq_effectiveEvenOnsager	lean/InfoGeometry/SuperMetriplectic/TriadBridge.lean	128	true	modular/transport/flow substrate
L4_ModularTransport	transport	theorem	chiralClosureOfTriadOddData_translationReadout_eq_effectiveEvenOnsager	lean/InfoGeometry/SuperMetriplectic/TriadBridge.lean	141	true	modular/transport/flow substrate
L4_ModularTransport	transport	theorem	chiralClosureOfTriadOddData_defectShadow_eq_drazinDefectProjector	lean/InfoGeometry/SuperMetriplectic/TriadBridge.lean	154	true	modular/transport/flow substrate
L4_ModularTransport	transport	theorem	chiralClosureOfTriadOddData_defectReadout_eq_drazinDefectProjector	lean/InfoGeometry/SuperMetriplectic/TriadBridge.lean	167	true	modular/transport/flow substrate
L4_ModularTransport	transport	theorem	toChiralSuperchargeClosure_eq_chiralClosureOfTriadOddData	lean/InfoGeometry/SuperMetriplectic/TriadBridge.lean	181	true	modular/transport/flow substrate
L4_ModularTransport	transport	def	ofTriadCompatibleOddPacket	lean/InfoGeometry/SuperMetriplectic/TriadBridge.lean	188	false	modular/transport/flow substrate
L4_ModularTransport	transport	def	ofTriadOddData	lean/InfoGeometry/SuperMetriplectic/TriadBridge.lean	205	false	modular/transport/flow substrate
L4_ModularTransport	transport	theorem	ofTriadOddData_eq_ofTriadCompatibleOddPacket	lean/InfoGeometry/SuperMetriplectic/TriadBridge.lean	222	true	modular/transport/flow substrate
L4_ModularTransport	transport	def	hiddenBlockChiralAnomaly	lean/InfoGeometry/SuperMetriplectic/TriadBridge.lean	242	false	modular/transport/flow substrate
L4_ModularTransport	transport	def	toChiralSuperchargeClosure	lean/InfoGeometry/SuperMetriplectic/TriadBridge.lean	247	false	modular/transport/flow substrate
L4_ModularTransport	transport	def	translationReadout	lean/InfoGeometry/SuperMetriplectic/TriadBridge.lean	252	false	modular/transport/flow substrate
L4_ModularTransport	transport	def	defectReadout	lean/InfoGeometry/SuperMetriplectic/TriadBridge.lean	257	false	modular/transport/flow substrate
L4_ModularTransport	transport	theorem	hiddenBlock_hasMoorePenroseShadow	lean/InfoGeometry/SuperMetriplectic/TriadBridge.lean	262	true	modular/transport/flow substrate
L4_ModularTransport	transport	theorem	hiddenBlock_hasDrazinShadow	lean/InfoGeometry/SuperMetriplectic/TriadBridge.lean	268	true	modular/transport/flow substrate
L4_ModularTransport	transport	theorem	hiddenBlock_chiralAnomaly_eq_zero_of_projectorMismatch_eq_zero	lean/InfoGeometry/SuperMetriplectic/TriadBridge.lean	274	true	modular/transport/flow substrate
L4_ModularTransport	transport	def	toCoadjointLeafEntropySplit	lean/InfoGeometry/SuperMetriplectic/TriadBridge.lean	283	false	modular/transport/flow substrate
L4_ModularTransport	transport	theorem	toCoadjointLeafEntropySplit_totalEntropyChange_eq_entropyProduction	lean/InfoGeometry/SuperMetriplectic/TriadBridge.lean	287	true	modular/transport/flow substrate
L4_ModularTransport	transport	theorem	toChiralSuperchargeClosure_translationShadow_eq_effectiveEvenOnsager	lean/InfoGeometry/SuperMetriplectic/TriadBridge.lean	293	true	modular/transport/flow substrate
L4_ModularTransport	transport	theorem	translationReadout_eq_effectiveEvenOnsager	lean/InfoGeometry/SuperMetriplectic/TriadBridge.lean	299	true	modular/transport/flow substrate
L4_ModularTransport	transport	theorem	toChiralSuperchargeClosure_defectShadow_eq_drazinDefectProjector	lean/InfoGeometry/SuperMetriplectic/TriadBridge.lean	306	true	modular/transport/flow substrate
L4_ModularTransport	transport	theorem	defectReadout_eq_drazinDefectProjector	lean/InfoGeometry/SuperMetriplectic/TriadBridge.lean	312	true	modular/transport/flow substrate
L4_ModularTransport	transport	theorem	scalar_readout_seal	lean/InfoGeometry/SuperMetriplectic/TriadBridge.lean	324	true	modular/transport/flow substrate
L4_ModularTransport	transport	theorem	effective_metric_is_schur_complement	lean/InfoGeometry/SuperMetriplectic/TriadBridge.lean	332	true	modular/transport/flow substrate
L4_ModularTransport	transport	structure	UnifiedDrazinSuperchargeClosureBridge	lean/InfoGeometry/SuperMetriplectic/UnifiedOwnerClosureBridge.lean	49	false	modular/transport/flow substrate
L4_ModularTransport	transport	def	toSuperchargeClosure	lean/InfoGeometry/SuperMetriplectic/UnifiedOwnerClosureBridge.lean	77	false	modular/transport/flow substrate
L4_ModularTransport	transport	theorem	toSuperchargeClosure_translationShadow_eq_ownerTranslationCandidate	lean/InfoGeometry/SuperMetriplectic/UnifiedOwnerClosureBridge.lean	102	true	modular/transport/flow substrate
L4_ModularTransport	transport	theorem	toSuperchargeClosure_defectShadow_eq_ownerCentral_plus_residual	lean/InfoGeometry/SuperMetriplectic/UnifiedOwnerClosureBridge.lean	107	true	modular/transport/flow substrate
L4_ModularTransport	transport	theorem	toSuperchargeClosure_defectShadow_eq_ownerCentralCandidate	lean/InfoGeometry/SuperMetriplectic/UnifiedOwnerClosureBridge.lean	113	true	modular/transport/flow substrate
L4_ModularTransport	transport	theorem	ownerResidualDefect_eq_zero	lean/InfoGeometry/SuperMetriplectic/UnifiedOwnerClosureBridge.lean	121	true	modular/transport/flow substrate
L4_ModularTransport	transport	theorem	oddOddClosure_eq_translation_plus_ownerCentral	lean/InfoGeometry/SuperMetriplectic/UnifiedOwnerClosureBridge.lean	130	true	modular/transport/flow substrate
L4_ModularTransport	transport	theorem	entropyProduction_vanishes_on_ownerCentralCore	lean/InfoGeometry/SuperMetriplectic/UnifiedOwnerClosureBridge.lean	159	true	modular/transport/flow substrate
L4_ModularTransport	transport	def	toCoadjointLeafEntropySplit	lean/InfoGeometry/SuperMetriplectic/UnifiedOwnerEntropyBridge.lean	53	false	modular/transport/flow substrate
L4_ModularTransport	transport	theorem	toCoadjointLeafEntropySplit_totalEntropyChange_eq_entropyProduction	lean/InfoGeometry/SuperMetriplectic/UnifiedOwnerEntropyBridge.lean	58	true	modular/transport/flow substrate
L4_ModularTransport	transport	theorem	toCoadjointLeafEntropySplit_totalEntropyChange_nonnegative	lean/InfoGeometry/SuperMetriplectic/UnifiedOwnerEntropyBridge.lean	65	true	modular/transport/flow substrate
L4_ModularTransport	transport	theorem	toCoadjointLeafEntropySplit_leafEntropyChange_eq_zero	lean/InfoGeometry/SuperMetriplectic/UnifiedOwnerEntropyBridge.lean	70	true	modular/transport/flow substrate
L4_ModularTransport	transport	theorem	toCoadjointLeafEntropySplit_transverseEntropyProduction_nonnegative	lean/InfoGeometry/SuperMetriplectic/UnifiedOwnerEntropyBridge.lean	75	true	modular/transport/flow substrate
L4_ModularTransport	transport	theorem	ownerEntropyBridge_packet	lean/InfoGeometry/SuperMetriplectic/UnifiedOwnerEntropyBridge.lean	83	true	modular/transport/flow substrate
L4_ModularTransport	transport	structure	UnifiedOwnerTriadCompatibility	lean/InfoGeometry/SuperMetriplectic/UnifiedOwnerTriadBridge.lean	51	false	modular/transport/flow substrate
L4_ModularTransport	transport	theorem	translationReadout_eq_effectiveEvenOnsager	lean/InfoGeometry/SuperMetriplectic/UnifiedOwnerTriadBridge.lean	70	true	modular/transport/flow substrate
L4_ModularTransport	transport	theorem	defectReadout_eq_drazinDefectProjector	lean/InfoGeometry/SuperMetriplectic/UnifiedOwnerTriadBridge.lean	81	true	modular/transport/flow substrate
L4_ModularTransport	transport	theorem	defectReadout_eq_ownerCentralCandidate	lean/InfoGeometry/SuperMetriplectic/UnifiedOwnerTriadBridge.lean	91	true	modular/transport/flow substrate
L4_ModularTransport	transport	theorem	body_entropy_nonnegative	lean/InfoGeometry/SuperMetriplectic/UnifiedOwnerTriadBridge.lean	100	true	modular/transport/flow substrate
L4_ModularTransport	transport	theorem	effective_metric_is_schur_complement	lean/InfoGeometry/SuperMetriplectic/UnifiedOwnerTriadBridge.lean	106	true	modular/transport/flow substrate
L4_ModularTransport	transport	theorem	ownerTriadCompatibility_packet	lean/InfoGeometry/SuperMetriplectic/UnifiedOwnerTriadBridge.lean	116	true	modular/transport/flow substrate
L5_ThermodynamicClosure	thermo	def	macroscopicHeatLoss	lean/InfoGeometry/Thermo/MetalMirror.lean	188	false	thermodynamic/free-energy/closure substrate
L5_ThermodynamicClosure	thermo	def	recoveryWork	lean/InfoGeometry/Thermo/MetalMirror.lean	202	false	thermodynamic/free-energy/closure substrate
L5_ThermodynamicClosure	thermo	def	mirrorBregmanSkew	lean/InfoGeometry/Thermo/MetalMirror.lean	212	false	thermodynamic/free-energy/closure substrate
L5_ThermodynamicClosure	thermo	theorem	macroscopicHeatLoss_nonneg	lean/InfoGeometry/Thermo/MetalMirror.lean	225	true	thermodynamic/free-energy/closure substrate
L5_ThermodynamicClosure	thermo	theorem	macroscopicHeatLoss_zero_of_actual_eq_ideal	lean/InfoGeometry/Thermo/MetalMirror.lean	240	true	thermodynamic/free-energy/closure substrate
L5_ThermodynamicClosure	thermo	theorem	swap	lean/InfoGeometry/Thermo/SusceptibilityOnsagerStress.lean	75	true	thermodynamic/free-energy/closure substrate
L5_ThermodynamicClosure	thermo	theorem	diagonal_nonnegative_valid	lean/InfoGeometry/Thermo/SusceptibilityOnsagerStress.lean	82	true	thermodynamic/free-energy/closure substrate
L5_ThermodynamicClosure	thermo	theorem	pairing_swap	lean/InfoGeometry/Thermo/SusceptibilityOnsagerStress.lean	132	true	thermodynamic/free-energy/closure substrate
L5_ThermodynamicClosure	thermo	theorem	pairing_from_susceptibility_valid	lean/InfoGeometry/Thermo/SusceptibilityOnsagerStress.lean	140	true	thermodynamic/free-energy/closure substrate
L5_ThermodynamicClosure	thermo	theorem	stress_swap	lean/InfoGeometry/Thermo/SusceptibilityOnsagerStress.lean	181	true	thermodynamic/free-energy/closure substrate
L5_ThermodynamicClosure	thermo	theorem	constitutive_valid	lean/InfoGeometry/Thermo/SusceptibilityOnsagerStress.lean	189	true	thermodynamic/free-energy/closure substrate
L5_ThermodynamicClosure	thermo	theorem	map_add	lean/InfoGeometry/Thermo/SusceptibilityOnsagerStress.lean	236	true	thermodynamic/free-energy/closure substrate
L5_ThermodynamicClosure	thermo	theorem	map_smul	lean/InfoGeometry/Thermo/SusceptibilityOnsagerStress.lean	243	true	thermodynamic/free-energy/closure substrate
L5_ThermodynamicClosure	thermo	theorem	leibniz	lean/InfoGeometry/Thermo/SusceptibilityOnsagerStress.lean	251	true	thermodynamic/free-energy/closure substrate
L5_ThermodynamicClosure	thermo	theorem	derivedStress_eq_stress_derivation	lean/InfoGeometry/Thermo/SusceptibilityOnsagerStress.lean	294	true	thermodynamic/free-energy/closure substrate
L5_ThermodynamicClosure	thermo	theorem	derivedStress_apply	lean/InfoGeometry/Thermo/SusceptibilityOnsagerStress.lean	301	true	thermodynamic/free-energy/closure substrate
L5_ThermodynamicClosure	thermo	theorem	derivedStress_swap	lean/InfoGeometry/Thermo/SusceptibilityOnsagerStress.lean	309	true	thermodynamic/free-energy/closure substrate
L5_ThermodynamicClosure	thermo	theorem	operatorOnsager_swap	lean/InfoGeometry/Thermo/SusceptibilityOnsagerStress.lean	374	true	thermodynamic/free-energy/closure substrate
L5_ThermodynamicClosure	thermo	theorem	fieldOnsager_swap	lean/InfoGeometry/Thermo/SusceptibilityOnsagerStress.lean	381	true	thermodynamic/free-energy/closure substrate
L5_ThermodynamicClosure	thermo	theorem	stressTensor_swap	lean/InfoGeometry/Thermo/SusceptibilityOnsagerStress.lean	389	true	thermodynamic/free-energy/closure substrate
L5_ThermodynamicClosure	thermo	theorem	derivedStress_eq_stress_derivation	lean/InfoGeometry/Thermo/SusceptibilityOnsagerStress.lean	397	true	thermodynamic/free-energy/closure substrate
L5_ThermodynamicClosure	thermo	theorem	derivedStress_apply	lean/InfoGeometry/Thermo/SusceptibilityOnsagerStress.lean	404	true	thermodynamic/free-energy/closure substrate
L5_ThermodynamicClosure	thermo	theorem	derivedStress_swap	lean/InfoGeometry/Thermo/SusceptibilityOnsagerStress.lean	413	true	thermodynamic/free-energy/closure substrate
L5_ThermodynamicClosure	thermo	theorem	onsager_controls_stress_valid	lean/InfoGeometry/Thermo/SusceptibilityOnsagerStress.lean	422	true	thermodynamic/free-energy/closure substrate
L4_ModularTransport	transport	theorem	hodge_star_executes_legendre_transform	lean/InfoGeometry/Thermodynamics/SouriauKillingFlow.lean	37	true	modular/transport/flow substrate
L4_ModularTransport	transport	def	twistorLift	lean/InfoGeometry/Twistor/LightconeBridge.lean	25	false	modular/transport/flow substrate
L4_ModularTransport	transport	theorem	twistorLift_apply	lean/InfoGeometry/Twistor/LightconeBridge.lean	35	true	modular/transport/flow substrate
L5_ThermodynamicClosure	thermo	theorem	coordinates_emerge_as_adjoint	lean/InfoGeometry/Twistor/LightconeBridge.lean	45	true	thermodynamic/free-energy/closure substrate
